substance,common_name,alt_names,type,mechanism,source,evidence_floor,candidate,duke_uses,gn_mechanism,gn_warning,matched_chem,duke_activities,duke_superacts,n_cousins
Glutathione,Glutathione,,,,curated,human_trial,True,,antioxidant,antioxidant_chemo_timing,GLUTATHIONE,ACE-Inhibitor;Anticytotoxic;Antidote (Heavy Metals);Antieczemic;Antihepatitic;Antioxidant;Cancer-Preventive,ADD;AIDS/HIV;Aging;Alcoholism;Allergy;Alzheimers;Angina;Anthrax;Apoplexy/Stroke;Arrhythmia (Cardiac);Arteriosclerosis/Atherosclerosis;Asthma;BPH;Bipolar;Bronchitis;Bunion;Burns;Cancer;Canker Sores;Cardiopathy/Heart Problems;Caries;Cataracts;Chronic Fatigue Syndrome;Chronic Venous Insufficiency/CVI;Cold/Flu;Cough;Crohns Disease;Dandruff;Decubitis;Depression;Dermatitis/Dermatoses;Diabetes;Diverticulitis;Dyspepsia/Indigestion;Emphysema;Fever;Fibromyalgia;Gingivitis;Glaucoma;Hangover;Hayfever;Heart Attack/Coronary Infarct;Hepatoses/Liver;Herpes;High Blood Pressure/Hypertension;High Cholesterol/Hypercholesterolemia;Hives;IBD;Infarction;Intermittent Claudication;Ischemia;Jaundice;Leishmaniasis;Lipoma;Low Blood Pressure/Hypotension;Macular Degeneration;Maculitis;Malaria;Melanoma;Menopause;Multiple Sclerosis;Neuropathy;Ophthalmia;Parkinsons Disease;Pneumonia;Psoriasis;Sinusitis;Sore Throat / Laryngitis / Pharyngitis;Stress;Sunburn;Syndrome X;Thrombosis / Blood Clot;Toothache;Tuberculosis;Ulcer;Varicose Veins;Wrinkles,18
Iron,Iron,,,,curated,human_trial,True,,pro_oxidant,,IRON,Antiakathisic;Antianemic;Anticanker;Anticheilitic;Antimenorrhagic;Prooxidant,AIDS/HIV;Alzheimers;Breached Birth;Canker Sores;Dysmenorrhea;Herpes;Leishmaniasis;Malaria;Premenstrual Syndrome/PMS,2
Zinc,Zinc,,,,curated,human_trial,True,,anti_inflammatory;anti_angiogenic;anti_metastatic;immune_modulating,immunotherapy_caution,ZINC,ACE-Inhibitor;Analgesic;AntiBPH;AntiCrohn's;AntiHIV;Antiacne;Antiacrodermatitic;Antialcoholic;Antialopecic;Antialzheimeran;Antiangiogenic;Antianorexic;Antiarthritic;Anticanker;Anticataract;Anticoeliac;Anticold;Anticolitic;Anticoronary;Antidandruff;Antidementia;Antidiabetic;Antidote (Cadmium);Antidysgeuzic;Antieczemic;Antiencephalopathic;Antiepileptic;Antifibrotic;Antifuruncular;Antihangover;Antiherpetic?;Antiimpotence;Antiinfective;Antiinfertility;Antiinsomniac;Antilepric;Antileukonychic;Antilymphomic;Antimaculitic;Antimetastatic;Antineuropathic;Antinyctalopic;Antiobesity;Antiosteoporotic;Antiperiodontitic;Antiplaque;Antiprolactin;Antiprostatitic;Antirheumatic;Antiseptic;Antispare-Tire;Antistomatitic;Antisyndrome-X;Antitinnitic;Antitriglyceride;Antiulcer;Antiviral?;Astringent;Collagenic;Copper-Antagonist;Deodorant;Detoxicant (Alcohol);Ergogenic;Hypotensive;Immunomodulator;Immunostimulant;Immunosuppressant;Insulinogenic;Leptingenic;Mucogenic;NF-kB-Inhibitor;Pesticide;Spermigenic;Testosteronigenic;Trichomonicide;Vulnerary,ADD;AIDS/HIV;Aging;Alcoholism;Allergy;Alzheimers;Angina;Anorexia;Anthrax;Apoplexy/Stroke;Appetite;Arrhythmia (Cardiac);Arteriosclerosis/Atherosclerosis;Arthritis;Asthma;Athletes Foot;BO (Body Odor);BPH;Backache;Bipolar;Breached Birth;Bronchitis;Bruises;Bunion;Burns;Bursitis;Cancer;Candidiasis;Canker Sores;Cardiopathy/Heart Problems;Caries;Carpal Tunnel Syndrome (CTS);Cataracts;Cellulite;Chronic Fatigue Syndrome;Chronic Venous Insufficiency/CVI;Cold/Flu;Cough;Cramp;Crohns Disease;Cystitis;Dandruff;Decubitis;Depression;Dermatitis/Dermatoses;Diabetes;Diarrhea;Diverticulitis;Dry Mouth / Xerostomia;Dysentery;Dysmenorrhea;Dyspepsia/Indigestion;Edema;Emphysema;Epilepsy;Fever;Fibromyalgia;Frigidity;Fungus/Mycosis;GERD / Esophageal Reflux;Giardia;Gingivitis;Glaucoma;Gout;Halitosis;Hangover;Hayfever;Headache;Heart Attack/Coronary Infarct;Hemorrhoids;Hepatoses/Liver;Herpes;High Blood Pressure/Hypertension;High Cholesterol/Hypercholesterolemia;IBD;Impotence;Incontinence;Infarction;Infection;Inflammation;Insect Bites / Stings;Insomnia;Intestinal Parasites;Ischemia;Itch;Kidney Stones;Leishmaniasis;Lipoma;Low Blood Pressure/Hypotension;Lyme Disease (Chronic);Lyme Disease (Initial);MRSA;Macular Degeneration;Maculitis;Malaria;Mastitis;Melanoma;Menopause;Migraine;Motion Sickness;Multiple Sclerosis;Nausea;Neuropathy;Nightmare;Obesity;Ophthalmia;Osteoporosis;Otitis/Earache;Pain;Pneumonia;Poison Ivy;Poison Oak;Poison Sumac;Premenstrual Syndrome/PMS;Prostatitis;Psoriasis;Raynauds Disease;Rheumatism;Sciatica;Sepsis;Sinusitis;Sore;Sore Throat / Laryngitis / Pharyngitis;Stomatosis;Stress;Sunburn;Syndrome X;Thrombosis / Blood Clot;Tinnitus;Toothache;Tuberculosis;UTI;Ulcer;Vaginitis;Varicose Veins;Viral Infections (Chronic);Warts;Wound;Wrinkles;Yeast Infection,30
Iodine,Iodine,,,,curated,human_trial,True,,,thyroid,IODINE,Acnegenic;Antibacterial;Antigoiter;Antiseptic;Antithyrotoxic;Antiviral;Dermatitigenic;Fungicide;Goitrogenic;Hyperthyroid;Protisticide;Thyrotropic,AIDS/HIV;Anthrax;Arteriosclerosis/Atherosclerosis;Athletes Foot;BO (Body Odor);Breached Birth;Bronchitis;Burns;Cancer;Candidiasis;Canker Sores;Caries;Chronic Fatigue Syndrome;Cold/Flu;Conjunctivitis;Cough;Crohns Disease;Cystitis;Dandruff;Decubitis;Dermatitis/Dermatoses;Diarrhea;Diverticulitis;Dysentery;Fever;Fibromyalgia;Fungus/Mycosis;Giardia;Gingivitis;Halitosis;Hepatoses/Liver;Herpes;IBD;Incontinence;Infection;Intestinal Parasites;Jaundice;Kidney Stones;Leishmaniasis;Lyme Disease (Chronic);Lyme Disease (Initial);MRSA;Malaria;Mastitis;Melanoma;Multiple Sclerosis;Otitis/Earache;Pneumonia;Sepsis;Sinusitis;Sore;Sore Throat / Laryngitis / Pharyngitis;Stomatosis;Sunburn;Toothache;Tuberculosis;UTI;Ulcer;Vaginitis;Viral Infections (Chronic);Warts;Wound;Yeast Infection,21
Curcumin / Turmeric,Curcumin / Turmeric,,,,curated,human_trial,True,,antioxidant;anti_inflammatory;anti_angiogenic;anti_proliferative;anti_metastatic;hormonal,antioxidant_chemo_timing;bleeding_risk;hormone_sensitive;immunotherapy_caution;photosensitizing,CURCUMIN,12-Lipoxygenase-Inhibitor;5-Alpha-Reductase-Inhibitor;5-HETE-Inhibitor;5-Lipoxygenase-Inhibitor;8-HETE-Inhibitor;AntiCrohn's;AntiEBV;AntiHIV;Antiadenomacarcinogenic;Antiaflatoxin;Antiaggregant;Antialzheimeran;Antiamyloid-Beta;Antiangiogenic;Antiarachidonate;Antiarthritic;Antiasthmatic;Antiatherosclerotic;Antibacterial;Antibronchitic;Anticancer;Anticancer (Breast);Anticancer (Colon);Anticancer (Duodenum);Anticancer (Mammary);Anticancer (Skin);Anticancer (Stomach);Anticarcinogenic;Anticataract;Anticholecystosic;Anticolitic;Anticollagenic;Antieczemic;Antiedemic;Antieicosanoid;Antihepatotic;Antiinflammatory;Antiintegrase;Antiischemic;Antileishmanic;Antileukemic;Antileukotriene;Antilipoperoxidant;Antilithic;Antilymphomic;Antimelanomic;Antimetastatic;Antimutagenic;Antinitrosaminic;Antioxidant;Antipapillomic;Antiperoxidant;Antiproliferant;Antiprostaglandin;Antipsoriatic;Antispasmodic;Antithrombotic;Antithromboxane;Antitumor;Antitumor (Colon);Antitumor (Liver);Antitumor-Promoter;Antiulcer;Antiviral;Apoptotic;COX-2-Inhibitor;Cancer-Preventive;Cardiodepressant;Chelator;Chemopreventive;Cholagogue;Choleretic;Cyclooxygenase-Inhibitor;Cytochrome-P450-Inhibitor;Cytotoxic;DNA-Protective;Deodorant;Detoxicant;Dye;Expectorant;Fibrinolytic;Fungicide;Glutathionigenic;Hepatoprotective;Hypocholesterolemic;Hypolipidemic;Hypotensive;IKB-kinase-Inhibitor;IKK-Inhibitor;IkappaB-alpha-Phosphorylation-Inhibitor;Immunostimulant;Lipase-Inducer;Litholytic;MDR-Inhibitor;MMP-9-Inhibitor;Maltase-Promoter;Metal-Chelator;Mucogenic;NF-kB-Inhibitor;NO-Inhibitor;NO-Scavenger;Nematicide;Neuroprotective;Ornithine-Decarboxylase-Inhibitor;P450-Inhibitor;PGE2-Inhibitor;PTK-Inhibitor;Pesticide;Phototoxic;Plasmodicide;Prostaglandin-Synthesis-Inhibitor;Protease-Inhibitor;Protein-Kinase-C-Inhibitor;Protein-Kinase-Inhibitor;Pulmonoprotective;Quinone-Reductase-Inducer;Radioprotective;Sortase-A-Inhibitor;Sucrase-Promoter;TNF-Inhibitor;Topoisomerase-I-Inhibitor;Topoisomerase-II-Inhibitor;Ulcerogenic;VEGF-Inhibitor,ADD;AIDS/HIV;Aging;Alcoholism;Allergy;Altitude Sickness;Alzheimers;Angina;Anthrax;Apoplexy/Stroke;Arrhythmia (Cardiac);Arteriosclerosis/Atherosclerosis;Arthritis;Asthma;Athletes Foot;BO (Body Odor);BPH;Backache;Bipolar;Breached Birth;Bronchitis;Bruises;Bunion;Burns;Bursitis;Cancer;Candidiasis;Canker Sores;Cardiopathy/Heart Problems;Caries;Carpal Tunnel Syndrome (CTS);Cataracts;Cellulite;Chronic Fatigue Syndrome;Chronic Venous Insufficiency/CVI;Cold/Flu;Conjunctivitis;Constipation;Cough;Cramp;Crohns Disease;Cystitis;Dandruff;Decubitis;Depression;Dermatitis/Dermatoses;Diabetes;Diarrhea;Diverticulitis;Dry Mouth / Xerostomia;Dysentery;Dysmenorrhea;Dyspepsia/Indigestion;Edema;Emphysema;Epilepsy;Fever;Fibromyalgia;Frigidity;Fungus/Mycosis;GERD / Esophageal Reflux;Giardia;Gingivitis;Glaucoma;Gout;Halitosis;Hangover;Hayfever;Headache;Heart Attack/Coronary Infarct;Hemorrhoids;Hepatoses/Liver;Herpes;Hiccups;High Blood Pressure/Hypertension;High Cholesterol/Hypercholesterolemia;Hives;IBD;Impotence;Incontinence;Infarction;Infection;Inflammation;Insect Bites / Stings;Intermittent Claudication;Intestinal Parasites;Ischemia;Itch;Jaundice;Kidney Stones;Leishmaniasis;Lipoma;Low Blood Pressure/Hypotension;Lyme Disease (Chronic);Lyme Disease (Initial);MRSA;Macular Degeneration;Maculitis;Malaria;Mastitis;Melanoma;Menopause;Migraine;Multiple Sclerosis;Neuropathy;Obesity;Ophthalmia;Otitis/Earache;Pain;Parkinsons Disease;Pneumonia;Poison Ivy;Poison Oak;Poison Sumac;Premenstrual Syndrome/PMS;Prostatitis;Psoriasis;Raynauds Disease;Rheumatism;Sciatica;Sepsis;Sinusitis;Snakebite;Sore;Sore Throat / Laryngitis / Pharyngitis;Stomatosis;Stress;Sunburn;Syndrome X;Thrombosis / Blood Clot;Tinnitus;Toothache;Tuberculosis;UTI;Ulcer;Vaginitis;Varicose Veins;Viral Infections (Chronic);Warts;Wound;Wrinkles;Yeast Infection,31
Folate,Folate,,,,curated,human_trial,True,,,,,,,0
Chitosan,Chitosan,,,,curated,human_trial,True,,,,,,,0
Quercetin,Quercetin,,,,curated,human_trial,True,,antioxidant;anti_inflammatory;anti_angiogenic;anti_proliferative;anti_metastatic;immune_modulating;hormonal,antioxidant_chemo_timing;hepatic;hormone_sensitive,QUERCETIN,11B-HSD-Inhibitor;5-Lipoxygenase-Inhibitor;ATPase-Inhibitor;Aldehyde-Oxidase-Inhibitor;Aldose-Reductase-Inhibitor;Allelochemic;Allergenic;Analgesic;AntiCrohn's;AntiGTF;AntiHIV;AntiPMS;Antiaflatoxin;Antiaggregant;Antiaging;Antiallergic;Antialzheimeran;Antianaphylactic;Antiangiogenic;Antiarthritic;Antiasthmatic;Antiatherosclerotic;Antibacterial;Anticarcinomic (Breast);Anticariogenic;Anticataract;Anticolitic;Anticomplementary;Anticystitic;Antidepressant;Antidermatitic;Antidiabetic;Antielastase;Antiencephalitic;Antiescherichic;Antiestrogenic;Antifeedant;Antifibrosarcomic;Antiflu;Antigastric;Antigonadotropic;Antihepatotoxic;Antiherpetic;Antihistaminic;Antihydrophobic;Antihypertensive;Antiinflammatory;Antileishmanic;Antileukemic;Antileukotriene;Antilipoperoxidant;Antimalarial;Antimelanomic;Antimetastatic;Antimutagenic;Antimyocarditic;Antinitrosaminic;Antinociceptive;Antioxidant;Antipancreatitic;Antiperiodontal;Antiperistaltic;Antipermeability;Antiperoxidant;Antipharyngitic;Antiplaque;Antiplasmodial;Antipodriac;Antipolio;Antiproliferant;Antiprostanoid;Antiprostatitic;Antipsoriac;Antiradicular;Antispasmodic;Antistreptococcic;Antithiamin;Antithrombic;Antitrypanosomic;Antitumor;Antitumor (Bladder);Antitumor (Breast);Antitumor (Colon);Antitumor (Lung);Antitumor (Ovary);Antitumor (Skin);Antitumor-Promoter;Antiulcer;Antiviral;Apoptotic;Bacteristat;Bradycardiac;COMT-Inhibitor;COX-2-Inhibitor;Calmodulin-Antagonist;Cancer-Preventive;Candidicide;Capillariprotective;Carcinogenic;Catabolic;Copper-Chelator;Cyclooxygenase-Inhibitor;Cytochrome-P450-1A2-Inhibitor;Cytotoxic;Deiodinase-Inhibitor;Diaphoretic?;Differentiator;Estrogenic;Fungicide;Glucosyl-Transferase-Inhibitor;HIV-RT-Inhibitor;Hemostat;Hepatomagenic;Hepatoprotective;Hypoglycemic;Inotropic;Insulinogenic;Juvabional;Larvistat;Lipoxygenase-Inhibitor;MAO-A-Inhibitor;MMP-9-Inhibitor;Mast-Cell-Stabilizer;Metal-Chelator (Copper);Metalloproteinase-Inhibitor;Mutagenic;NADH-Oxidase-Inhibitor;NEP-Inhibitor;NF-kB-Inhibitor;NO-Inhibitor;NO-Synthase-Inhibitor;Neuroprotective;Ornithine-Decarboxylase-Inhibitor;P450-Inducer;P450-Inhibitor;PGE2-Inhibitor;PTK-Inhibitor;Pesticide;Phospholipase-Inhibitor;Plasmodicide;Proliferant;Prostaglandin-Synthesis-Inhibitor;Protein-Kinase-C-Inhibitor;Quinone-Reductase-Inducer;TNF-alpha-Inhibitor;Teratologic;Topoisomerase-I-Inhibitor;Topoisomerase-II-Inhibitor;Tumorigenic;Tyrosinase-Inhibitor;Tyrosine-Kinase-Inhibitor;VEGF-Inhibitor;Vasodilator;Xanthine-Oxidase-Inhibitor;cAMP-Phosphodiesterase-Inhibitor;iNOS-Inhibitor,ADD;AIDS/HIV;Aging;Alcoholism;Allergy;Altitude Sickness;Alzheimers;Amenorrhea;Angina;Anthrax;Anxiety Disorders;Apoplexy/Stroke;Arrhythmia (Cardiac);Arteriosclerosis/Atherosclerosis;Arthritis;Asthma;Athletes Foot;BO (Body Odor);BPH;Backache;Bipolar;Breached Birth;Bronchitis;Bruises;Bunion;Burns;Bursitis;Cancer;Candidiasis;Canker Sores;Cardiopathy/Heart Problems;Caries;Carpal Tunnel Syndrome (CTS);Cataracts;Cellulite;Chronic Fatigue Syndrome;Chronic Venous Insufficiency/CVI;Cold/Flu;Conjunctivitis;Constipation;Cough;Cramp;Crohns Disease;Cystitis;Dandruff;Decubitis;Depression;Dermatitis/Dermatoses;Diabetes;Diarrhea;Diverticulitis;Dry Mouth / Xerostomia;Dysentery;Dysmenorrhea;Dyspepsia/Indigestion;Edema;Emphysema;Epilepsy;Fever;Fibromyalgia;Frigidity;Fungus/Mycosis;GERD / Esophageal Reflux;Giardia;Gingivitis;Glaucoma;Gout;Halitosis;Hangover;Hayfever;Headache;Heart Attack/Coronary Infarct;Hemorrhoids;Hepatoses/Liver;Herpes;Hiccups;High Blood Pressure/Hypertension;High Cholesterol/Hypercholesterolemia;Hives;IBD;Impotence;Incontinence;Infarction;Infection;Inflammation;Insect Bites / Stings;Insomnia;Intermittent Claudication;Intestinal Parasites;Ischemia;Itch;Jaundice;Kidney Stones;Leishmaniasis;Lipoma;Low Blood Pressure/Hypotension;Lyme Disease (Chronic);Lyme Disease (Initial);MRSA;Macular Degeneration;Maculitis;Malaria;Mastitis;Melanoma;Menopause;Migraine;Motion Sickness;Multiple Sclerosis;Nausea;Neuropathy;Nightmare;Obesity;Ophthalmia;Osteoporosis;Otitis/Earache;Pain;Parkinsons Disease;Pneumonia;Poison Ivy;Poison Oak;Poison Sumac;Premenstrual Syndrome/PMS;Prostatitis;Psoriasis;Raynauds Disease;Rheumatism;Sciatica;Sepsis;Sinusitis;Snakebite;Sore;Sore Throat / Laryngitis / Pharyngitis;Stomatosis;Stress;Sunburn;Syndrome X;Thrombosis / Blood Clot;Tinnitus;Toothache;Tuberculosis;UTI;Ulcer;Vaginitis;Varicose Veins;Viral Infections (Chronic);Warts;Wound;Wrinkles;Yeast Infection,31
Selenium,Selenium,,,,curated,human_trial,True,,antioxidant;anti_inflammatory;anti_angiogenic;anti_proliferative;anti_metastatic;immune_modulating,antioxidant_chemo_timing;immunotherapy_caution,SELENIUM,AP-1-Inhibitor;Analgesic;Anorexic;AntiHIV;AntiNF-kB;Antiacne;Antiaggregant;Antiangiogenic;Antiarthritic;Antiasthmatic;Antiatherosclerotic;Anticataract;Anticirrhotic;Anticlimacteric;Anticoronary;Antidandruff;Antidepressant;Antidote (Mercury);Antifibrotic;Antigout;Antikeshan;Antileukemic;Antileukotriene;Antimaculitic;Antimelanomic;Antimenopausal;Antimetastatic;Antimyalgic;Antiosteoarthritic;Antioxidant;Antiparkinsonian;Antiproliferant;Antiradicular;Antirheumatic;Antisyndrome-X;Antitumor;Antitumor (Breast);Antitumor (Lung);Antitumor (Prostate);Antitumor (brain);Antiulcerogenic;Anxiolytic;Apoptotic;Cancer-Preventive;Cardioprotective;Depressant;Fungicide;Immunomodulator;Immunostimulant;NF-kB-Inhibitor;Ornithine-Decarboxylase-Inhibitor;Pesticide;Polyamine-Synthesis-Inhibitor;Prostaglandin-Sparer;Protein-Kinase-C-Inhibitor;VEGF-Inhibitor,ADD;AIDS/HIV;Aging;Alcoholism;Allergy;Altitude Sickness;Alzheimers;Amenorrhea;Angina;Anthrax;Anxiety Disorders;Apoplexy/Stroke;Arrhythmia (Cardiac);Arteriosclerosis/Atherosclerosis;Arthritis;Asthma;Athletes Foot;BO (Body Odor);BPH;Backache;Bipolar;Breached Birth;Breast Feeding Problems;Bronchitis;Bruises;Bunion;Burns;Bursitis;Cancer;Candidiasis;Canker Sores;Cardiopathy/Heart Problems;Caries;Carpal Tunnel Syndrome (CTS);Cataracts;Cellulite;Chronic Fatigue Syndrome;Chronic Venous Insufficiency/CVI;Cold/Flu;Cough;Cramp;Crohns Disease;Cystitis;Dandruff;Decubitis;Depression;Dermatitis/Dermatoses;Diabetes;Diverticulitis;Dry Mouth / Xerostomia;Dysmenorrhea;Dyspepsia/Indigestion;Edema;Emphysema;Epilepsy;Fever;Fibromyalgia;Frigidity;Fungus/Mycosis;GERD / Esophageal Reflux;Gingivitis;Glaucoma;Gout;Halitosis;Hangover;Hayfever;Headache;Heart Attack/Coronary Infarct;Hemorrhoids;Hepatoses/Liver;Herpes;High Blood Pressure/Hypertension;High Cholesterol/Hypercholesterolemia;Hives;IBD;Impotence;Incontinence;Infarction;Infection;Inflammation;Insect Bites / Stings;Insomnia;Intermittent Claudication;Ischemia;Itch;Jaundice;Kidney Stones;Leishmaniasis;Lipoma;Low Blood Pressure/Hypotension;Lyme Disease (Chronic);Lyme Disease (Initial);MRSA;Macular Degeneration;Maculitis;Malaria;Melanoma;Menopause;Migraine;Motion Sickness;Multiple Sclerosis;Nausea;Neuropathy;Nightmare;Obesity;Ophthalmia;Otitis/Earache;Pain;Parkinsons Disease;Pneumonia;Poison Ivy;Poison Oak;Poison Sumac;Premenstrual Syndrome/PMS;Psoriasis;Raynauds Disease;Rheumatism;Sciatica;Sepsis;Sinusitis;Sore;Sore Throat / Laryngitis / Pharyngitis;Stomatosis;Stress;Sunburn;Syndrome X;Thrombosis / Blood Clot;Tinnitus;Toothache;Tuberculosis;UTI;Ulcer;Vaginitis;Varicose Veins;Viral Infections (Chronic);Warts;Wound;Wrinkles;Yeast Infection,29
Resveratrol,Resveratrol,,,,curated,human_trial,True,,antioxidant;anti_inflammatory;anti_angiogenic;anti_proliferative;signaling;hormonal;detox_phase2,antioxidant_chemo_timing;hormone_sensitive,RESVERATROL,5-HETE-Inhibitor;5-HT-Inhibitor;5-Lipoxygenase-Inhibitor;Akt-Inhibitor;Antiaggregant;Antiangiogenic;Antibacterial;Anticancer;Anticarcinogenic;Antiedemic;Antieicosanoid;Antiinflammatory;Antileukemic;Antileukotriene;Antilipoperoxidant;Antimutagenic;Antioxidant;Antiperoxidant;Antiproliferant;Antiprostaglandin;Antiradicular;Antiseptic;Antithrombic;Antitumor;Antitumor (Mammary);Antitumor (Prostate);Antitumor (Skin);Apoptotic;Artemicide;Beta-Glucuronidase-Inhibitor;COX-1-Inhibitor;COX-2-Inhibitor;CYP1A1-Inhibitor;Cardioprotective;Casein-Kinase-II-Inhibitor;Chemopreventive;Cyclooxygenase-Inhibitor;Differentiator;Elastase-Inhibitor;Estrogenic;Fungicide;HIF-1alpha-Inhibitor;Hepatoprotective;Hydroperoxidase-Inhibitor;Hypocholesterolemic;Hypotriglyceridemic;IKB-kinase-Inhibitor;JNK-Inhibitor;Lipolytic;MAPK-Inhibitor;NADH-Ubiquinone-Oxidoreductase-Inhibitor;NF-kB-Inhibitor;Ornithine-Decarboxylase-Inhibitor;PKC-Inhibitor;PKD-Inhibitor;PTK-Inhibitor;Pesticide;Phytoalexin;Quinone-Reductase-Inducer;Topoisomerase-II-Inhibitor;VEGF-Inhibitor,ADD;AIDS/HIV;Aging;Alcoholism;Allergy;Altitude Sickness;Alzheimers;Amenorrhea;Angina;Anthrax;Apoplexy/Stroke;Arrhythmia (Cardiac);Arteriosclerosis/Atherosclerosis;Arthritis;Asthma;Athletes Foot;BO (Body Odor);BPH;Backache;Bipolar;Breached Birth;Bronchitis;Bruises;Bunion;Burns;Bursitis;Cancer;Candidiasis;Canker Sores;Cardiopathy/Heart Problems;Caries;Carpal Tunnel Syndrome (CTS);Cataracts;Cellulite;Chronic Fatigue Syndrome;Chronic Venous Insufficiency/CVI;Cold/Flu;Conjunctivitis;Constipation;Cough;Cramp;Crohns Disease;Cystitis;Dandruff;Decubitis;Depression;Dermatitis/Dermatoses;Diabetes;Diarrhea;Diverticulitis;Dysentery;Dysmenorrhea;Dyspepsia/Indigestion;Edema;Emphysema;Epilepsy;Fever;Fibromyalgia;Frigidity;Fungus/Mycosis;GERD / Esophageal Reflux;Giardia;Gingivitis;Glaucoma;Gout;Halitosis;Hangover;Hayfever;Headache;Heart Attack/Coronary Infarct;Hemorrhoids;Hepatoses/Liver;Herpes;High Blood Pressure/Hypertension;High Cholesterol/Hypercholesterolemia;Hives;IBD;Impotence;Incontinence;Infarction;Infection;Inflammation;Insect Bites / Stings;Intermittent Claudication;Intestinal Parasites;Ischemia;Itch;Jaundice;Kidney Stones;Leishmaniasis;Lipoma;Low Blood Pressure/Hypotension;Lyme Disease (Chronic);Lyme Disease (Initial);MRSA;Macular Degeneration;Maculitis;Malaria;Mastitis;Melanoma;Menopause;Migraine;Multiple Sclerosis;Neuropathy;Obesity;Ophthalmia;Osteoporosis;Otitis/Earache;Pain;Parkinsons Disease;Pneumonia;Poison Ivy;Poison Oak;Poison Sumac;Premenstrual Syndrome/PMS;Prostatitis;Psoriasis;Raynauds Disease;Rheumatism;Sciatica;Sepsis;Sinusitis;Snakebite;Sore;Sore Throat / Laryngitis / Pharyngitis;Stomatosis;Stress;Sunburn;Syndrome X;Thrombosis / Blood Clot;Tinnitus;Toothache;Tuberculosis;UTI;Ulcer;Vaginitis;Varicose Veins;Viral Infections (Chronic);Warts;Wound;Wrinkles;Yeast Infection,28
React (blend),React (blend),blend,,,curated,human_trial,True,,,,,,,0
Probiotics,Probiotics,,,,curated,human_trial,True,,,,,,,0
Vitamin C,Vitamin C,,,,curated,human_trial,True,,,,,,,0
Melatonin,Melatonin,,,,curated,human_trial,True,,antioxidant;anti_inflammatory,antioxidant_chemo_timing;immunotherapy_caution,MELATONIN,Anaphrodisiac;Antiaggregant;Anticonvulsant;Antidepressant;Antigonadotrophic;Antiinsomniac;Antioxidant;Antiradicular;Antithyreotropic;Aphrodisiac;COX-2-Inhibitor;Contraceptive;Cyclooxygenase-Inhibitor;Depressant;GABA-nergic;Gonadotrophic;Hypnotic;Hypocholesterolemic;Hypothermic;Immunostimulant;Progesteronigenic;Serotoninergic;Thyrotropic,ADD;AIDS/HIV;Aging;Alcoholism;Allergy;Altitude Sickness;Alzheimers;Amenorrhea;Angina;Anthrax;Anxiety Disorders;Apoplexy/Stroke;Arrhythmia (Cardiac);Arteriosclerosis/Atherosclerosis;Arthritis;Asthma;Athletes Foot;BO (Body Odor);BPH;Backache;Bipolar;Breached Birth;Bronchitis;Bruises;Bunion;Burns;Bursitis;Cancer;Canker Sores;Cardiopathy/Heart Problems;Caries;Carpal Tunnel Syndrome (CTS);Cataracts;Chronic Fatigue Syndrome;Chronic Venous Insufficiency/CVI;Cold/Flu;Conjunctivitis;Cough;Cramp;Crohns Disease;Cystitis;Dandruff;Decubitis;Depression;Dermatitis/Dermatoses;Diabetes;Diverticulitis;Dry Mouth / Xerostomia;Dysmenorrhea;Dyspepsia/Indigestion;Edema;Emphysema;Epilepsy;Fever;Fibromyalgia;Frigidity;Fungus/Mycosis;GERD / Esophageal Reflux;Gingivitis;Glaucoma;Gout;Hangover;Hayfever;Headache;Heart Attack/Coronary Infarct;Hemorrhoids;Hepatoses/Liver;Herpes;High Blood Pressure/Hypertension;High Cholesterol/Hypercholesterolemia;Hives;IBD;Impotence;Incontinence;Infarction;Infection;Inflammation;Insect Bites / Stings;Insomnia;Intermittent Claudication;Ischemia;Itch;Kidney Stones;Leishmaniasis;Lipoma;Low Blood Pressure/Hypotension;Lyme Disease (Chronic);Lyme Disease (Initial);MRSA;Macular Degeneration;Maculitis;Malaria;Mastitis;Melanoma;Menopause;Migraine;Multiple Sclerosis;Neuropathy;Nightmare;Obesity;Ophthalmia;Otitis/Earache;Pain;Parkinsons Disease;Pneumonia;Poison Ivy;Poison Oak;Poison Sumac;Premenstrual Syndrome/PMS;Prostatitis;Psoriasis;Raynauds Disease;Rheumatism;Sciatica;Sepsis;Sinusitis;Snakebite;Sore;Sore Throat / Laryngitis / Pharyngitis;Stomatosis;Stress;Sunburn;Syndrome X;Thrombosis / Blood Clot;Tinnitus;Toothache;Tuberculosis;UTI;Ulcer;Vaginitis;Varicose Veins;Viral Infections (Chronic);Warts;Wound;Wrinkles,23
Butyrate,Butyrate,,,,curated,human_trial,True,,,,,,,0
Green Tea / EGCG,Green Tea / EGCG,,,,curated,human_trial,True,,,,,,,0
Magnesium,Magnesium,,,,curated,human_trial,True,,anti_inflammatory;immune_modulating,immunotherapy_caution,MAGNESIUM,AntiCFS;AntiLyme;AntiMS;AntiPMS;AntiRaynaud's;Antiaggregant;Antialcoholic;Antianginal;Antianorectic;Antianxiety;Antiarrhythmic;Antiarthritic;Antiasthmatic;Antiatherosclerotic;Anticephalagic;Anticlimacteric;Anticonvulsant;Anticoronary;Antidepressant;Antidiabetic;Antidysmenorrheic;Antiendometriotic;Antienterotic;Antiepileptic;Antifatigue;Antifibromyalgic;Antigastrotic;Antiglaucomic;Antihyperkinetic;Antihypertensive;Antihypoglycemic;Antiinflammatory;Antiinsomniac;Antilithic;Antimastalgic;Antimenopausal;Antimigraine;Antimitral-valve-prolapse;Antinephrolytic;Antineurotic;Antiosteoporotic;Antiplaque;Antiretinopathic;Antispasmodic;Antispasmophilic;Antistress;Antistroke;Antisyndrome-X;Anxiolytic;CNS-Depressant;Calcium-Antagonist;Cardioprotective;Diuretic;Hypocholesterolemic;Hypotensive;Immunomodulator;Insulinogenic;Laxative;Litholytic;Myorelaxant;Neurotransmitter;Tranquilizer;Uterorelaxant;Vasodilator,ADD;AIDS/HIV;Aging;Alcoholism;Allergy;Altitude Sickness;Alzheimers;Amenorrhea;Angina;Anorexia;Anthrax;Anxiety Disorders;Apoplexy/Stroke;Appetite;Arrhythmia (Cardiac);Arteriosclerosis/Atherosclerosis;Arthritis;Asthma;Athletes Foot;BO (Body Odor);BPH;Backache;Bipolar;Breached Birth;Breast Feeding Problems;Bronchitis;Bruises;Bunion;Burns;Bursitis;Cancer;Canker Sores;Cardiopathy/Heart Problems;Caries;Carpal Tunnel Syndrome (CTS);Cataracts;Cellulite;Chronic Fatigue Syndrome;Chronic Venous Insufficiency/CVI;Cold/Flu;Conjunctivitis;Constipation;Cough;Cramp;Crohns Disease;Cystitis;Dandruff;Decubitis;Depression;Dermatitis/Dermatoses;Diabetes;Diarrhea;Diverticulitis;Dry Mouth / Xerostomia;Dysentery;Dysmenorrhea;Dyspepsia/Indigestion;Edema;Emphysema;Epilepsy;Fever;Fibromyalgia;Frigidity;Fungus/Mycosis;GERD / Esophageal Reflux;Giardia;Gingivitis;Glaucoma;Gout;Halitosis;Hangover;Hayfever;Headache;Heart Attack/Coronary Infarct;Hemorrhoids;Hepatoses/Liver;Herpes;Hiccups;High Blood Pressure/Hypertension;High Cholesterol/Hypercholesterolemia;Hives;IBD;Impotence;Incontinence;Infarction;Infection;Inflammation;Insect Bites / Stings;Insomnia;Intermittent Claudication;Intestinal Parasites;Ischemia;Itch;Jaundice;Kidney Stones;Leishmaniasis;Lipoma;Low Blood Pressure/Hypotension;Lyme Disease (Chronic);Lyme Disease (Initial);MRSA;Macular Degeneration;Maculitis;Malaria;Mastitis;Melanoma;Menopause;Migraine;Motion Sickness;Multiple Sclerosis;Nausea;Neuropathy;Nightmare;Obesity;Ophthalmia;Osteoporosis;Otitis/Earache;Pain;Parkinsons Disease;Pneumonia;Poison Ivy;Poison Oak;Poison Sumac;Premenstrual Syndrome/PMS;Prostatitis;Psoriasis;Rheumatism;Sciatica;Sepsis;Sinusitis;Snakebite;Sore;Sore Throat / Laryngitis / Pharyngitis;Stomatosis;Stress;Sunburn;Syndrome X;Thrombosis / Blood Clot;Tinnitus;Toothache;Tuberculosis;UTI;Ulcer;Vaginitis;Varicose Veins;Viral Infections (Chronic);Warts;Wound;Wrinkles,24
Omega-3 / Fish Oil,Omega-3 / Fish Oil,,,,curated,human_trial,True,,,,,,,0
Chromium,Chromium,,,,curated,human_trial,True,,immune_modulating,immunotherapy_caution,CHROMIUM,Amphiglycemic?;AntiAGE;AntiCFS;Antiacne;Antiaging;Antiatherosclerotic;Anticorneotic;Antidiabetic;Antidote (Lead);Antifatigue;Antiglycosuric;Antiobesity;Antisyndrome-X;Antitriglyceride;Cardioprotective;Energizer;Hypocholesterolemic;Hypoglycemic;Hypotensive;Immunomodulator;Insulinogenic;Memorigenic,ADD;AIDS/HIV;Aging;Allergy;Alzheimers;Angina;Anthrax;Apoplexy/Stroke;Arrhythmia (Cardiac);Arteriosclerosis/Atherosclerosis;Asthma;BO (Body Odor);BPH;Bipolar;Cancer;Canker Sores;Cardiopathy/Heart Problems;Cataracts;Cellulite;Chronic Fatigue Syndrome;Chronic Venous Insufficiency/CVI;Cough;Crohns Disease;Dandruff;Depression;Dermatitis/Dermatoses;Diabetes;Dry Mouth / Xerostomia;Fibromyalgia;Frigidity;GERD / Esophageal Reflux;Glaucoma;Hayfever;Heart Attack/Coronary Infarct;Hepatoses/Liver;Herpes;High Blood Pressure/Hypertension;High Cholesterol/Hypercholesterolemia;Impotence;Incontinence;Infarction;Intermittent Claudication;Ischemia;Lipoma;Low Blood Pressure/Hypotension;Malaria;Menopause;Multiple Sclerosis;Neuropathy;Obesity;Prostatitis;Sinusitis;Sore Throat / Laryngitis / Pharyngitis;Stress;Sunburn;Syndrome X;Thrombosis / Blood Clot;Tinnitus;Tuberculosis;Varicose Veins;Viral Infections (Chronic);Warts;Wrinkles,19
L-Arginine,L-Arginine,,,,curated,human_trial,True,,,,L-ARGININE,ACE-Inhibitor,Alzheimers;Angina;Cardiopathy/Heart Problems;High Blood Pressure/Hypertension;Syndrome X,3
Phosphatidylcholine,Phosphatidylcholine,,,,curated,human_trial,True,,,,PHOSPHATIDYL-CHOLINE,Antialzheimeran;Antimanic,ADD;Aging;Alzheimers;Bipolar;Incontinence,5
EDTA (oral chelation),EDTA (oral chelation),oral chelation,,,curated,human_trial,True,,,,,,,0
Garcinia / HCA,Garcinia / HCA,,,,curated,human_trial,True,,,,,,,0
Berberine,Berberine,,,,curated,human_trial,True,,anti_inflammatory;anti_angiogenic,immunotherapy_caution;photosensitizing;pregnancy_caution,BERBERINE,(+)-Inotropic;Abortifacient;Adrenolytic;Amebicide;Analgesic;Anesthetic;Antiacetylcholinesterase;Antiacne;Antiadrenergic;Antiaggregant;Antialzheimeran;Antiamnesic;Antiangiogenic;Antiarrhythmic;Antiarthritic;Antibacillus;Antibacterial;Antibiotic;Anticancer;Anticariogenic;Antichlamydial;Anticholecystitic;Anticholera;Anticirrhotic;Anticonjunctivitic;Anticonvulsant;Antidiarrheic;Antidysenteric;Antiedemic;Antiendotoxic;Antienterotoxic;Antiesherichic;Antigiardial;Antiglaucomic;Antigonorrhea;Antihepatomic;Antihepatotic;Antiherpetic;Antihistaminic;Antiinflammatory;Antiischemic;Antileishmanic;Antilipogenic;Antimalarial;Antimitotic;Antimuscarinic;Antimyalgic;Antimycotic;Antineoplastic;Antinephritic;Antiperistaltic;Antipharyngitic;Antiphotooxidative;Antiplasmodial;Antipneumonic;Antipyretic;Antisalmonella;Antisecretory;Antiseptic;Antishigellic;Antispasmodic;Antispermigenic;Antistaphylococcic;Antistrep;Antisyphilitic;Antitrachomic;Antitrypanosomic;Antitubercular;Antitumor (brain);Antiulcer;Antivaginitic;Antiviral;Astringent;Bilirubinolytic;COX-2-Inhibitor;Calcium-Antagonist;Candidicide;Cardiodepressant;Cardiotonic;Carminative;Cholagogue;Cholekinetic;Choleretic;Collyrium;Cyclooxygenase-Inhibitor;Cytotoxic;Digestive;Diuretic;Emetic;Fungicide;Glaucomagenic;Hemostat;Hypocholesterolemic;Hypoglycemic;Hypotensive;Immunostimulant;Lachrymatory;Larvicide;Leucocytogenic;Lipase-Inhibitor;Lipoxygenase-Inhibitor;Mutagenic;Mycobactericide;Mydriatic;Myocardiodepressant;Myorelaxant;Pesticide;Phototoxic;Plasmodicide;Prostaglandin-Synthesis-Inhibitor;Protisticide;RNA-Depressant;RT-Inhibitor;Respiradepressant;Sedative;Stomachic;Topoisomerase-II-Inhibitor;Trichomonicide;Trypanocide;Uterocontractant;Uterotonic;Vagostimulant;Vasoconstrictor;Vasodilator;Vermifuge;Vibriofuge,ADD;AIDS/HIV;Aging;Allergy;Altitude Sickness;Alzheimers;Angina;Anthrax;Anxiety Disorders;Apoplexy/Stroke;Arrhythmia (Cardiac);Arteriosclerosis/Atherosclerosis;Arthritis;Asthma;Athletes Foot;BO (Body Odor);BPH;Backache;Bipolar;Breached Birth;Bronchitis;Bruises;Bunion;Burns;Bursitis;Cancer;Candidiasis;Canker Sores;Cardiopathy/Heart Problems;Caries;Carpal Tunnel Syndrome (CTS);Cataracts;Cellulite;Chronic Fatigue Syndrome;Chronic Venous Insufficiency/CVI;Cold/Flu;Conjunctivitis;Constipation;Cough;Cramp;Crohns Disease;Cystitis;Dandruff;Decubitis;Depression;Dermatitis/Dermatoses;Diabetes;Diarrhea;Diverticulitis;Dry Mouth / Xerostomia;Dysentery;Dysmenorrhea;Dyspepsia/Indigestion;Edema;Emphysema;Epilepsy;Fever;Fibromyalgia;Frigidity;Fungus/Mycosis;GERD / Esophageal Reflux;Giardia;Gingivitis;Glaucoma;Gout;Halitosis;Hangover;Hayfever;Headache;Heart Attack/Coronary Infarct;Hemorrhoids;Hepatoses/Liver;Herpes;Hiccups;High Blood Pressure/Hypertension;High Cholesterol/Hypercholesterolemia;Hives;Hot Flashes;IBD;Impotence;Incontinence;Infarction;Infection;Inflammation;Insect Bites / Stings;Insomnia;Intermittent Claudication;Intestinal Parasites;Ischemia;Itch;Jaundice;Kidney Stones;Leishmaniasis;Lipoma;Low Blood Pressure/Hypotension;Lyme Disease (Chronic);Lyme Disease (Initial);MRSA;Macular Degeneration;Maculitis;Malaria;Mastitis;Melanoma;Menopause;Migraine;Motion Sickness;Multiple Sclerosis;Nausea;Neuropathy;Nightmare;Obesity;Ophthalmia;Otitis/Earache;Pain;Parkinsons Disease;Pneumonia;Poison Ivy;Poison Oak;Poison Sumac;Premenstrual Syndrome/PMS;Prostatitis;Psoriasis;Raynauds Disease;Rheumatism;Sciatica;Sepsis;Sinusitis;Snakebite;Sore;Sore Throat / Laryngitis / Pharyngitis;Stomatosis;Stress;Sunburn;Syndrome X;Thrombosis / Blood Clot;Tinnitus;Toothache;Tuberculosis;UTI;Ulcer;Vaginitis;Varicose Veins;Viral Infections (Chronic);Warts;Wound;Wrinkles;Yeast Infection,29
Glucosamine / Chondroitin,Glucosamine / Chondroitin,,,,curated,human_trial,True,,,,GLUCOSAMINE,Antiarthritic,Aging;Arthritis;Backache;Bunion;Bursitis;Carpal Tunnel Syndrome (CTS);Fibromyalgia;Lyme Disease (Chronic);Lyme Disease (Initial);Multiple Sclerosis;Neuropathy;Rheumatism;Sciatica,8
HMB (beta-hydroxy-beta-methylbutyrate),HMB (beta-hydroxy-beta-methylbutyrate),beta-hydroxy-beta-methylbutyrate,,,curated,human_trial,True,,,,,,,0
Forskolin,Forskolin,,,,curated,human_trial,True,,anti_inflammatory;anti_metastatic;immune_modulating,bleeding_risk,FORSKOLIN,ACTH-genic;Adenylate-Cyclase-Activator;Adrenergic;Amebicide;Antiaggregant;Antiasthmatic;Antibronchitic;Antiglaucomic;Antihistaminic;Antiinflammatory;Antimetastatic;Antimitotic;Antiplatelet;Antipsoriac;Antispasmodic;Antithrombotic;Antithyreotropic;Beta-Adrenergic Receptor Blocker;Bronchodilator;Cardiotonic;Gastrostimulant;Hypotensive;Inotropic;Lipolytic;Mast-Cell-Stabilizer;Myorelaxant;Osteoclastic;Pancreatonic;Prolactinogenic;Secretogogue;Sialogogue;Thyrotropic;Vasodilator;cAMP-genic,ADD;AIDS/HIV;Aging;Allergy;Altitude Sickness;Alzheimers;Angina;Anorexia;Anthrax;Apoplexy/Stroke;Appetite;Arrhythmia (Cardiac);Arteriosclerosis/Atherosclerosis;Arthritis;Asthma;Athletes Foot;BO (Body Odor);BPH;Backache;Bipolar;Breached Birth;Bronchitis;Bruises;Bunion;Burns;Bursitis;Cancer;Canker Sores;Cardiopathy/Heart Problems;Caries;Carpal Tunnel Syndrome (CTS);Cataracts;Cellulite;Chronic Venous Insufficiency/CVI;Cold/Flu;Conjunctivitis;Cough;Cramp;Crohns Disease;Cystitis;Dandruff;Decubitis;Depression;Dermatitis/Dermatoses;Diabetes;Diarrhea;Diverticulitis;Dry Mouth / Xerostomia;Dysentery;Dysmenorrhea;Dyspepsia/Indigestion;Edema;Emphysema;Epilepsy;Fever;Fibromyalgia;Frigidity;Fungus/Mycosis;GERD / Esophageal Reflux;Giardia;Gingivitis;Glaucoma;Gout;Hangover;Hayfever;Headache;Heart Attack/Coronary Infarct;Hemorrhoids;Hepatoses/Liver;Herpes;Hiccups;High Blood Pressure/Hypertension;High Cholesterol/Hypercholesterolemia;Hives;IBD;Impotence;Incontinence;Infarction;Infection;Inflammation;Insect Bites / Stings;Insomnia;Intermittent Claudication;Intestinal Parasites;Ischemia;Itch;Jaundice;Kidney Stones;Leishmaniasis;Lipoma;Low Blood Pressure/Hypotension;Lyme Disease (Chronic);Lyme Disease (Initial);MRSA;Macular Degeneration;Maculitis;Malaria;Mastitis;Melanoma;Migraine;Multiple Sclerosis;Neuropathy;Nightmare;Obesity;Otitis/Earache;Pain;Parkinsons Disease;Pneumonia;Poison Ivy;Poison Oak;Poison Sumac;Premenstrual Syndrome/PMS;Prostatitis;Psoriasis;Rheumatism;Sciatica;Sepsis;Sinusitis;Snakebite;Sore;Sore Throat / Laryngitis / Pharyngitis;Stomatosis;Stress;Sunburn;Syndrome X;Thrombosis / Blood Clot;Tinnitus;Toothache;Tuberculosis;UTI;Ulcer;Vaginitis;Varicose Veins;Wound,22
Vitamin D3,Vitamin D3,,,,curated,human_trial,True,,,,,,,0
Sulforaphane / Broccoli Seed Extract,Sulforaphane / Broccoli Seed Extract,,,,curated,human_trial,True,,antioxidant,antioxidant_chemo_timing,SULFORAPHANE,Antioxidant;Quinone-Reductase-Inducer,ADD;AIDS/HIV;Aging;Alcoholism;Allergy;Alzheimers;Angina;Anthrax;Apoplexy/Stroke;Arrhythmia (Cardiac);Arteriosclerosis/Atherosclerosis;Asthma;BPH;Bipolar;Bronchitis;Bunion;Burns;Cancer;Canker Sores;Cardiopathy/Heart Problems;Caries;Cataracts;Chronic Fatigue Syndrome;Chronic Venous Insufficiency/CVI;Cold/Flu;Cough;Crohns Disease;Dandruff;Decubitis;Depression;Dermatitis/Dermatoses;Diabetes;Diverticulitis;Dyspepsia/Indigestion;Emphysema;Fever;Fibromyalgia;Gingivitis;Glaucoma;Hangover;Hayfever;Heart Attack/Coronary Infarct;Hepatoses/Liver;Herpes;High Blood Pressure/Hypertension;High Cholesterol/Hypercholesterolemia;Hives;IBD;Infarction;Intermittent Claudication;Ischemia;Leishmaniasis;Lipoma;Low Blood Pressure/Hypotension;Macular Degeneration;Maculitis;Malaria;Melanoma;Menopause;Multiple Sclerosis;Neuropathy;Ophthalmia;Parkinsons Disease;Pneumonia;Psoriasis;Sinusitis;Sore Throat / Laryngitis / Pharyngitis;Stress;Sunburn;Syndrome X;Thrombosis / Blood Clot;Toothache;Tuberculosis;Ulcer;Varicose Veins;Wrinkles,14
Hemp / CBD,Hemp / CBD,,,,curated,human_trial,True,,,,,,,0
Garlic (allicin),Garlic (allicin),allicin,,,curated,human_trial,True,,antioxidant;pro_oxidant;anti_inflammatory;anti_proliferative,antioxidant_chemo_timing;bleeding_risk;hepatic;immunotherapy_caution,ALLICIN,Alcohol-Dehydrogenase-Inhibitor;Allergenic;Amebicide;Anthelmintic;Antiaggregant;Antiatherosclerotic;Antibacterial;Antibiotic;Anticholinesterase;Antidiabetic;Antiflu;Antiglaucomic;Antiherpetic;Antihypertensive;Antiinflammatory;Antileukemic;Antileukotriene;Antilymphomic;Antimutagenic;Antineuralgic;Antioxidant;Antiplatelet;Antiproliferant;Antiprostaglandin;Antiradicular;Antisarcomic;Antiseptic;Antishigellic;Antistaphylococcic;Antitriglyceride;Antitubercular;Antitumor;Antiviral;Apoptotic;Calcium-Antagonist;Candidicide;Cyclooxygenase-Inhibitor;Fungicide;Gram(+)icide;Gram(-)icide;Hepatotoxic;Hypocholesterolemic;Hypoglycemic;Hypolipidemic;Immunostimulant;Insecticide;Insulin-Sparing;Larvicide;Lipolytic;Lipoxygenase-Inhibitor;Mucokinetic;Mycobactericide;NO-Inhibitor;Nematicide;Papain-Inhibitor;Pesticide;Phagocytotic;Prooxidant;Prostaglandin-Synthetase-Inhibitor;Succinate-Dehydrogenase-Inhibitor;Trichomonicide;Urease-Inhibitor;Vibriocide;Xanthine-Oxidase-Inhibitor,ADD;AIDS/HIV;Aging;Alcoholism;Allergy;Altitude Sickness;Alzheimers;Angina;Anthrax;Apoplexy/Stroke;Arrhythmia (Cardiac);Arteriosclerosis/Atherosclerosis;Arthritis;Asthma;Athletes Foot;BO (Body Odor);BPH;Backache;Bipolar;Breached Birth;Bronchitis;Bruises;Bunion;Burns;Bursitis;Cancer;Candidiasis;Canker Sores;Cardiopathy/Heart Problems;Caries;Carpal Tunnel Syndrome (CTS);Cataracts;Cellulite;Chronic Fatigue Syndrome;Chronic Venous Insufficiency/CVI;Cold/Flu;Conjunctivitis;Cough;Cramp;Crohns Disease;Cystitis;Dandruff;Decubitis;Depression;Dermatitis/Dermatoses;Diabetes;Diarrhea;Diverticulitis;Dry Mouth / Xerostomia;Dysentery;Dysmenorrhea;Dyspepsia/Indigestion;Edema;Emphysema;Epilepsy;Fever;Fibromyalgia;Frigidity;Fungus/Mycosis;GERD / Esophageal Reflux;Giardia;Gingivitis;Glaucoma;Gout;Halitosis;Hangover;Hayfever;Headache;Heart Attack/Coronary Infarct;Hemorrhoids;Hepatoses/Liver;Herpes;High Blood Pressure/Hypertension;High Cholesterol/Hypercholesterolemia;Hives;IBD;Impotence;Incontinence;Infarction;Infection;Inflammation;Insect Bites / Stings;Intermittent Claudication;Intestinal Parasites;Ischemia;Itch;Jaundice;Kidney Stones;Leishmaniasis;Lipoma;Low Blood Pressure/Hypotension;Lyme Disease (Chronic);Lyme Disease (Initial);MRSA;Macular Degeneration;Maculitis;Malaria;Mastitis;Melanoma;Menopause;Migraine;Multiple Sclerosis;Neuropathy;Obesity;Ophthalmia;Otitis/Earache;Pain;Parkinsons Disease;Pneumonia;Poison Ivy;Poison Oak;Poison Sumac;Prostatitis;Psoriasis;Raynauds Disease;Rheumatism;Sciatica;Sepsis;Sinusitis;Snakebite;Sore;Sore Throat / Laryngitis / Pharyngitis;Stomatosis;Stress;Sunburn;Syndrome X;Thrombosis / Blood Clot;Tinnitus;Toothache;Tuberculosis;UTI;Ulcer;Vaginitis;Varicose Veins;Viral Infections (Chronic);Warts;Wound;Wrinkles;Yeast Infection,29
DIM (Diindolylmethane),DIM (Diindolylmethane),Diindolylmethane,,,curated,human_trial,True,,,,,,,0
Vitamin B12,Vitamin B12,,,,curated,human_trial,True,,,,,,,0
L-Lysine,L-Lysine,,,,curated,human_trial,True,,,,,,,0
Taurine,Taurine,,,,curated,human_trial,True,,antioxidant,antioxidant_chemo_timing,TAURINE,Anticorneitic;Antihemolytic;Antioxidant;Cancer-Preventive;Cardiac;Hypocholesterolemic,ADD;AIDS/HIV;Aging;Alcoholism;Allergy;Alzheimers;Angina;Anthrax;Apoplexy/Stroke;Arrhythmia (Cardiac);Arteriosclerosis/Atherosclerosis;Asthma;BPH;Bipolar;Bronchitis;Bunion;Burns;Cancer;Canker Sores;Cardiopathy/Heart Problems;Caries;Cataracts;Chronic Fatigue Syndrome;Chronic Venous Insufficiency/CVI;Cold/Flu;Cough;Crohns Disease;Dandruff;Decubitis;Depression;Dermatitis/Dermatoses;Diabetes;Diverticulitis;Dyspepsia/Indigestion;Emphysema;Fever;Fibromyalgia;Gingivitis;Glaucoma;Hangover;Hayfever;Heart Attack/Coronary Infarct;Hepatoses/Liver;Herpes;High Blood Pressure/Hypertension;High Cholesterol/Hypercholesterolemia;Hives;IBD;Impotence;Infarction;Intermittent Claudication;Ischemia;Leishmaniasis;Lipoma;Low Blood Pressure/Hypotension;Macular Degeneration;Maculitis;Malaria;Melanoma;Menopause;Multiple Sclerosis;Neuropathy;Obesity;Ophthalmia;Parkinsons Disease;Pneumonia;Prostatitis;Psoriasis;Sinusitis;Sore Throat / Laryngitis / Pharyngitis;Stress;Sunburn;Syndrome X;Thrombosis / Blood Clot;Tinnitus;Toothache;Tuberculosis;Ulcer;Varicose Veins;Wrinkles,19
DHEA,DHEA,,,,curated,human_trial,True,,,,,,,0
Artemisinin,Artemisinin,,,,curated,human_trial,True,,immune_modulating,immunotherapy_caution;pregnancy_caution,ARTEMISININ,Antimalarial;Antitumor;Antiviral;Calcium-Antagonist;Cytotoxic;Herbicide;Immunomodulator;MDR-Inhibitor;Neurotoxic;Pesticide;Plasmodicide;Schizonticide;Teratogenic,ADD;AIDS/HIV;Allergy;Angina;Anthrax;Arteriosclerosis/Atherosclerosis;Asthma;Athletes Foot;BPH;Bipolar;Bronchitis;Burns;Cancer;Candidiasis;Canker Sores;Cardiopathy/Heart Problems;Chronic Fatigue Syndrome;Cold/Flu;Conjunctivitis;Cough;Crohns Disease;Dandruff;Decubitis;Dermatitis/Dermatoses;Diarrhea;Dry Mouth / Xerostomia;Dysentery;Fever;Fibromyalgia;Fungus/Mycosis;GERD / Esophageal Reflux;Gingivitis;Hayfever;Hepatoses/Liver;Herpes;Infection;Intestinal Parasites;Jaundice;Leishmaniasis;Lipoma;Lyme Disease (Chronic);Lyme Disease (Initial);MRSA;Malaria;Melanoma;Multiple Sclerosis;Neuropathy;Otitis/Earache;Pneumonia;Sepsis;Sinusitis;Sore;Sore Throat / Laryngitis / Pharyngitis;Stress;Sunburn;Syndrome X;Tuberculosis;UTI;Ulcer;Vaginitis;Viral Infections (Chronic);Warts;Wound;Yeast Infection,21
Astragalus,Astragalus,,,,curated,human_trial,True,,,,,,,0
Ellagic Acid,Ellagic Acid,,,,curated,human_trial,True,,antioxidant;anti_inflammatory,antioxidant_chemo_timing;pregnancy_caution;thyroid,ELLAGIC-ACID,ACE-Inhibitor;Abortifacient;Aldose-Reductase-Inhibitor;AntiGTF;AntiHIV;Antiaflatoxin;Antianaphylactic;Antibacterial;Anticancer (Cervix);Anticancer (Colon);Anticancer (Esophagus);Anticancer (Mouth);Anticariogenic;Anticataract;Antigingivitic;Antihyperthyroid;Antiinflammatory;Antimalarial;Antimutagenic;Antioxidant;Antiperiodontic;Antiperoxidant;Antiplaque;Antiplasmodial;Antiseptic;Antistreptococcic;Antithyroid;Antitumor;Antiviral;Antiyeast;Apoptotic;Astringent;Cancer-Preventive;Candida-SAP-Inhibitor;Cytotoxic;Deiodinase-Inhibitor;Detoxicant;Glucosyl-Transferase-Inhibitor;HIV-RT-Inhibitor;Hemostatic;Hepatoprotective;Juvabional;Pesticide;Quinone-Reductase-Inducer;Sunscreen;Topoisomerase-I-Antagonist;Xanthine-Oxidase-Inhibitor,ADD;AIDS/HIV;Aging;Alcoholism;Allergy;Alzheimers;Angina;Anthrax;Apoplexy/Stroke;Arrhythmia (Cardiac);Arteriosclerosis/Atherosclerosis;Arthritis;Asthma;Athletes Foot;BO (Body Odor);BPH;Backache;Bipolar;Breached Birth;Bronchitis;Bruises;Bunion;Burns;Bursitis;Cancer;Candidiasis;Canker Sores;Cardiopathy/Heart Problems;Caries;Carpal Tunnel Syndrome (CTS);Cataracts;Chronic Fatigue Syndrome;Chronic Venous Insufficiency/CVI;Cold/Flu;Conjunctivitis;Constipation;Cough;Cramp;Crohns Disease;Cystitis;Dandruff;Decubitis;Depression;Dermatitis/Dermatoses;Diabetes;Diarrhea;Diverticulitis;Dry Mouth / Xerostomia;Dysentery;Dysmenorrhea;Dyspepsia/Indigestion;Edema;Emphysema;Epilepsy;Fever;Fibromyalgia;Fungus/Mycosis;GERD / Esophageal Reflux;Giardia;Gingivitis;Glaucoma;Gout;Halitosis;Hangover;Hayfever;Headache;Heart Attack/Coronary Infarct;Hemorrhoids;Hepatoses/Liver;Herpes;High Blood Pressure/Hypertension;High Cholesterol/Hypercholesterolemia;Hives;IBD;Incontinence;Infarction;Infection;Inflammation;Insect Bites / Stings;Intermittent Claudication;Intestinal Parasites;Ischemia;Itch;Jaundice;Kidney Stones;Leishmaniasis;Lipoma;Low Blood Pressure/Hypotension;Lyme Disease (Chronic);Lyme Disease (Initial);MRSA;Macular Degeneration;Maculitis;Malaria;Mastitis;Melanoma;Menopause;Migraine;Multiple Sclerosis;Neuropathy;Ophthalmia;Otitis/Earache;Pain;Parkinsons Disease;Pneumonia;Poison Ivy;Poison Oak;Poison Sumac;Prostatitis;Psoriasis;Rheumatism;Sciatica;Sepsis;Sinusitis;Snakebite;Sore;Sore Throat / Laryngitis / Pharyngitis;Stomatosis;Stress;Sunburn;Syndrome X;Thrombosis / Blood Clot;Tinnitus;Toothache;Tuberculosis;UTI;Ulcer;Vaginitis;Varicose Veins;Viral Infections (Chronic);Warts;Wound;Wrinkles;Yeast Infection,28
MSM (Methylsulfonylmethane),MSM (Methylsulfonylmethane),Methylsulfonylmethane,,,curated,human_trial,True,,,,,,,0
Black Seed Oil (Nigella sativa / thymoquinone),Black Seed Oil (Nigella sativa / thymoquinone),thymoquinone; Nigella sativa,,,curated,human_trial,True,Ache(Stomach)|Asthma|Bactericide|Bilious|Bronchitis|Cancer(Nose)|Carminative|Cough|Digestive|Diuretic|Emmenagogue|Eruption|Excitant|Fever|Jaundice|Lactagogue|Lactogogue|Puerperium|Purgative|Resolvent|Sclerosis(Anus)|Skin|Spice|Stimulant|Stomachic|Sudorific|Tonic|Tumor(Abdomen)|Vermifuge,antioxidant;anti_inflammatory,antioxidant_chemo_timing;pregnancy_caution,THYMOQUINONE,Antiarthritic;Antiasthmatic;Antibacterial;Antibronchitic;Antieicosanoid;Antihistaminic;Antioxidant;Antirheumatic;Antispasmodic;Carcinogenic;Choleretic;Cyclooxygenase-Inhibitor;Lipoxygenase-Inhibitor;Pesticide;Toxic;Uricosuric,ADD;AIDS/HIV;Aging;Alcoholism;Allergy;Alzheimers;Angina;Anthrax;Apoplexy/Stroke;Arrhythmia (Cardiac);Arteriosclerosis/Atherosclerosis;Arthritis;Asthma;Athletes Foot;BO (Body Odor);BPH;Backache;Bipolar;Breached Birth;Bronchitis;Bruises;Bunion;Burns;Bursitis;Cancer;Canker Sores;Cardiopathy/Heart Problems;Caries;Carpal Tunnel Syndrome (CTS);Cataracts;Chronic Fatigue Syndrome;Chronic Venous Insufficiency/CVI;Cold/Flu;Conjunctivitis;Cough;Cramp;Crohns Disease;Cystitis;Dandruff;Decubitis;Depression;Dermatitis/Dermatoses;Diabetes;Diarrhea;Diverticulitis;Dysentery;Dysmenorrhea;Dyspepsia/Indigestion;Edema;Emphysema;Epilepsy;Fever;Fibromyalgia;Fungus/Mycosis;GERD / Esophageal Reflux;Giardia;Gingivitis;Glaucoma;Gout;Halitosis;Hangover;Hayfever;Headache;Heart Attack/Coronary Infarct;Hemorrhoids;Hepatoses/Liver;Herpes;Hiccups;High Blood Pressure/Hypertension;High Cholesterol/Hypercholesterolemia;Hives;IBD;Incontinence;Infarction;Infection;Inflammation;Insect Bites / Stings;Intermittent Claudication;Intestinal Parasites;Ischemia;Itch;Jaundice;Kidney Stones;Leishmaniasis;Lipoma;Low Blood Pressure/Hypotension;Lyme Disease (Chronic);Lyme Disease (Initial);MRSA;Macular Degeneration;Maculitis;Malaria;Mastitis;Melanoma;Menopause;Migraine;Multiple Sclerosis;Neuropathy;Ophthalmia;Otitis/Earache;Pain;Parkinsons Disease;Pneumonia;Poison Ivy;Poison Oak;Poison Sumac;Premenstrual Syndrome/PMS;Prostatitis;Psoriasis;Raynauds Disease;Rheumatism;Sciatica;Sepsis;Sinusitis;Snakebite;Sore;Sore Throat / Laryngitis / Pharyngitis;Stomatosis;Stress;Sunburn;Syndrome X;Thrombosis / Blood Clot;Toothache;Tuberculosis;UTI;Ulcer;Vaginitis;Varicose Veins;Wound;Wrinkles;Yeast Infection,28
Plant Sterols (beta-sitosterol),Plant Sterols (beta-sitosterol),beta-sitosterol,,,curated,human_trial,True,,antioxidant;anti_inflammatory;pro_apoptotic;anti_angiogenic;hormonal,antioxidant_chemo_timing;hormone_sensitive,BETA-SITOSTEROL,Androgenic;Angiogenic;Anorexic;Antiadenomic;Antiandrogenic;Antibacterial;Anticancer (Breast);Anticancer (Cervix);Anticancer (Lung);Antiedemic;Antiestrogenic;Antifeedant;Antifertility;Antigonadotrophic;Antihyperlipoproteinaemic;Antiinflammatory;Antileukemic;Antilymphomic;Antimutagenic;Antiophidic;Antioxidant;Antiprogestational;Antiprostaglandin;Antiprostatadenomic;Antiprostatitic;Antipyretic;Antitumor (Breast);Antitumor (Cervix);Antitumor (Lung);Antiviral;Apoptotic;Artemicide;Cancer-Preventive;Candidicide;Caspase-8-Inducer;Estrogenic;Febrifuge;Gonadotrophic;Hepatoprotective;Hypocholesterolemic;Hypoglycemic;Hypolipidemic;Pesticide;Spermicide;Ubiquiot;Ulcerogenic,ADD;AIDS/HIV;Aging;Alcoholism;Allergy;Alzheimers;Amenorrhea;Angina;Anthrax;Apoplexy/Stroke;Arrhythmia (Cardiac);Arteriosclerosis/Atherosclerosis;Arthritis;Asthma;Athletes Foot;BO (Body Odor);BPH;Backache;Bipolar;Breached Birth;Bronchitis;Bruises;Bunion;Burns;Bursitis;Cancer;Candidiasis;Canker Sores;Cardiopathy/Heart Problems;Caries;Carpal Tunnel Syndrome (CTS);Cataracts;Cellulite;Chronic Fatigue Syndrome;Chronic Venous Insufficiency/CVI;Cold/Flu;Conjunctivitis;Constipation;Cough;Cramp;Crohns Disease;Cystitis;Dandruff;Decubitis;Depression;Dermatitis/Dermatoses;Diabetes;Diarrhea;Diverticulitis;Dysentery;Dysmenorrhea;Dyspepsia/Indigestion;Edema;Emphysema;Epilepsy;Fever;Fibromyalgia;Frigidity;Fungus/Mycosis;GERD / Esophageal Reflux;Giardia;Gingivitis;Glaucoma;Gout;Halitosis;Hangover;Hayfever;Headache;Heart Attack/Coronary Infarct;Hemorrhoids;Hepatoses/Liver;Herpes;High Blood Pressure/Hypertension;High Cholesterol/Hypercholesterolemia;Hives;Hot Flashes;IBD;Impotence;Incontinence;Infarction;Infection;Inflammation;Insect Bites / Stings;Intermittent Claudication;Intestinal Parasites;Ischemia;Itch;Jaundice;Kidney Stones;Leishmaniasis;Lipoma;Low Blood Pressure/Hypotension;Lyme Disease (Chronic);Lyme Disease (Initial);MRSA;Macular Degeneration;Maculitis;Malaria;Mastitis;Melanoma;Menopause;Migraine;Multiple Sclerosis;Neuropathy;Obesity;Ophthalmia;Osteoporosis;Otitis/Earache;Pain;Parkinsons Disease;Pneumonia;Poison Ivy;Poison Oak;Poison Sumac;Premenstrual Syndrome/PMS;Prostatitis;Psoriasis;Rheumatism;Sciatica;Sepsis;Sinusitis;Snakebite;Sore;Sore Throat / Laryngitis / Pharyngitis;Stomatosis;Stress;Sunburn;Syndrome X;Thrombosis / Blood Clot;Tinnitus;Toothache;Tuberculosis;UTI;Ulcer;Vaginitis;Varicose Veins;Viral Infections (Chronic);Warts;Wound;Wrinkles;Yeast Infection,28
SPM (Specialized Pro-resolving Mediators),SPM (Specialized Pro-resolving Mediators),Specialized Pro-resolving Mediators,,,curated,human_trial,True,,,,,,,0
Panax Ginseng,Panax Ginseng,,,,curated,human_trial,True,Anemia|Anodyne|Apertif|Aphrodisiac|Asthma|Cachexia|Cancer(Breast)|Cancer(Stomach)|Cardiotonic|Cough|Death|Debility|Diabetes|Divination|Dyspepsia|Emetic|Evil eye|Expectorant|Fear|Fever|Forgetfulness|Heart|Hemorrhage|Hyperglycemia|Impotency|Intestine|Longevity|Magic|Malaria|Medicine|Menorrhagia|Nausea|Neurasthenia|Palpitation|Polyuria|Rectocele|Respiratory|Restorative|Shortwindedness|Sialogogue|Sore|Spermatorrhea|Spleen|Stimulant|Stomachic|Sweating|Swelling|Thirst|Tonic|Tranquilizer|Weakness,,,,,,0
Milk Thistle / Silymarin,Milk Thistle / Silymarin,,,,curated,human_trial,True,,antioxidant;anti_inflammatory,antioxidant_chemo_timing,SILYMARIN,Anticirrhotic;Antidiabetic;Antierythemic;Antihepatotic;Antiinflammatory;Antileukotriene;Antilipoperoxidant;Antioxidant;Antiulcer;Antiviral;Glutathionigenic;Hepatoprotective;Hypolipidemic;Laxative;Proteinogenic;Sunscreen,ADD;AIDS/HIV;Aging;Alcoholism;Allergy;Alzheimers;Angina;Anthrax;Apoplexy/Stroke;Arrhythmia (Cardiac);Arteriosclerosis/Atherosclerosis;Arthritis;Asthma;Athletes Foot;BPH;Backache;Bipolar;Breached Birth;Bronchitis;Bruises;Bunion;Burns;Bursitis;Cancer;Canker Sores;Cardiopathy/Heart Problems;Caries;Carpal Tunnel Syndrome (CTS);Cataracts;Chronic Fatigue Syndrome;Chronic Venous Insufficiency/CVI;Cold/Flu;Conjunctivitis;Constipation;Cough;Cramp;Crohns Disease;Cystitis;Dandruff;Decubitis;Depression;Dermatitis/Dermatoses;Diabetes;Diarrhea;Diverticulitis;Dry Mouth / Xerostomia;Dysentery;Dysmenorrhea;Dyspepsia/Indigestion;Edema;Emphysema;Epilepsy;Fever;Fibromyalgia;Fungus/Mycosis;GERD / Esophageal Reflux;Giardia;Gingivitis;Glaucoma;Gout;Hangover;Hayfever;Headache;Heart Attack/Coronary Infarct;Hemorrhoids;Hepatoses/Liver;Herpes;High Blood Pressure/Hypertension;High Cholesterol/Hypercholesterolemia;Hives;IBD;Incontinence;Infarction;Infection;Inflammation;Insect Bites / Stings;Intermittent Claudication;Ischemia;Itch;Jaundice;Kidney Stones;Leishmaniasis;Lipoma;Low Blood Pressure/Hypotension;Lyme Disease (Chronic);Lyme Disease (Initial);MRSA;Macular Degeneration;Maculitis;Malaria;Mastitis;Melanoma;Menopause;Migraine;Multiple Sclerosis;Neuropathy;Obesity;Ophthalmia;Otitis/Earache;Pain;Parkinsons Disease;Pneumonia;Poison Ivy;Poison Oak;Poison Sumac;Prostatitis;Psoriasis;Rheumatism;Sciatica;Sepsis;Sinusitis;Snakebite;Sore;Sore Throat / Laryngitis / Pharyngitis;Stomatosis;Stress;Sunburn;Syndrome X;Thrombosis / Blood Clot;Tinnitus;Toothache;Tuberculosis;UTI;Ulcer;Vaginitis;Varicose Veins;Viral Infections (Chronic);Warts;Wound;Wrinkles,25
Chrysin,Chrysin,,,,curated,human_trial,True,,pro_apoptotic;anti_angiogenic;anti_proliferative;hormonal,hormone_sensitive,CHRYSIN,AntiHIV;AntiMDR;Antiaflatoxin;Antiaggregant;Antiallergic;Antiangiogenic;Antibacillary;Antibacterial;Anticonvulsant;Antiestrogenic;Antigout;Antiherpetic;Antihypertensive;Antileukemic;Antimutagenic;Antiproliferant;Antiproliferant (colon);Antisalmonella;Antishigellic;Antispasmodic;Antistaphylococcic;Antistress;Antithrombic;Antitumor (Breast);Antitumor (Colon);Antiviral;Anxiolytic;Apoptotic;Aromatase-Inhibitor;CNS-Depressant;CYP1A1-Inhibitor;Cancer-Preventive;Caspase-3-Inhibitor;Caspase-9-Inhibitor;Cytotoxic;DNA-Protective;Estrogenic;Fungicide;Hepatoprotective;Hypotensive;Hypouricemic;ICAM-1-Inhibitor;JNK-Inhibitor;MAO-Inhibitor;Mutagenic;Myorelaxant;NO-Genic;Pesticide;Radioprotective;Termitifuge;Testosterogenic;Topoisomerase-I-Inhibitor;VEGF-Inhibitor;Vasodilator;Vasorelaxant;Xanthine-Oxidase-Inhibitor,ADD;AIDS/HIV;Aging;Alcoholism;Allergy;Altitude Sickness;Alzheimers;Amenorrhea;Angina;Anthrax;Anxiety Disorders;Apoplexy/Stroke;Arrhythmia (Cardiac);Arteriosclerosis/Atherosclerosis;Arthritis;Asthma;Athletes Foot;BO (Body Odor);BPH;Backache;Bipolar;Breached Birth;Breast Feeding Problems;Bronchitis;Bruises;Burns;Bursitis;Cancer;Candidiasis;Canker Sores;Cardiopathy/Heart Problems;Caries;Carpal Tunnel Syndrome (CTS);Cataracts;Chronic Fatigue Syndrome;Chronic Venous Insufficiency/CVI;Cold/Flu;Conjunctivitis;Constipation;Cough;Cramp;Crohns Disease;Dandruff;Decubitis;Depression;Dermatitis/Dermatoses;Diabetes;Diarrhea;Diverticulitis;Dry Mouth / Xerostomia;Dysentery;Dysmenorrhea;Dyspepsia/Indigestion;Emphysema;Epilepsy;Fever;Fibromyalgia;Frigidity;Fungus/Mycosis;GERD / Esophageal Reflux;Giardia;Gingivitis;Glaucoma;Gout;Halitosis;Hangover;Hayfever;Headache;Heart Attack/Coronary Infarct;Hemorrhoids;Hepatoses/Liver;Herpes;Hiccups;High Blood Pressure/Hypertension;High Cholesterol/Hypercholesterolemia;Hives;IBD;Impotence;Incontinence;Infarction;Infection;Insect Bites / Stings;Insomnia;Intermittent Claudication;Intestinal Parasites;Ischemia;Itch;Jaundice;Kidney Stones;Leishmaniasis;Lipoma;Low Blood Pressure/Hypotension;Lyme Disease (Chronic);Lyme Disease (Initial);MRSA;Macular Degeneration;Maculitis;Malaria;Melanoma;Menopause;Migraine;Multiple Sclerosis;Neuropathy;Nightmare;Ophthalmia;Osteoporosis;Otitis/Earache;Pain;Parkinsons Disease;Pneumonia;Poison Ivy;Poison Oak;Poison Sumac;Premenstrual Syndrome/PMS;Psoriasis;Rheumatism;Sciatica;Sepsis;Sinusitis;Sore;Sore Throat / Laryngitis / Pharyngitis;Stomatosis;Stress;Sunburn;Syndrome X;Thrombosis / Blood Clot;Tinnitus;Toothache;Tuberculosis;UTI;Ulcer;Vaginitis;Varicose Veins;Viral Infections (Chronic);Warts;Wound;Wrinkles;Yeast Infection,26
Dan Shen (Salvia miltiorrhiza),Dan Shen (Salvia miltiorrhiza),,,,curated,human_trial,True,,,,,,,0
Sage,Sage,,,,curated,human_trial,True,Tea|Tumor(Uterus),,,,,,0
Turkey Tail / PSK / PSP,Turkey Tail / PSK / PSP,,,,curated,human_trial,True,,,,,,,0
Vitamin B6 / P5P,Vitamin B6 / P5P,,,,curated,human_trial,True,,,,,,,0
Cordyceps,Cordyceps,,,,curated,human_trial,True,,,,,,,0
Alpha-Lipoic Acid,Alpha-Lipoic Acid,,,,curated,human_trial,True,,antioxidant,antioxidant_chemo_timing,ALPHA-LIPOIC-ACID,Antioxidant,ADD;AIDS/HIV;Aging;Alcoholism;Allergy;Alzheimers;Angina;Anthrax;Apoplexy/Stroke;Arrhythmia (Cardiac);Arteriosclerosis/Atherosclerosis;Asthma;BPH;Bipolar;Bronchitis;Bunion;Burns;Cancer;Canker Sores;Cardiopathy/Heart Problems;Caries;Cataracts;Chronic Fatigue Syndrome;Chronic Venous Insufficiency/CVI;Cold/Flu;Cough;Crohns Disease;Dandruff;Decubitis;Depression;Dermatitis/Dermatoses;Diabetes;Diverticulitis;Dyspepsia/Indigestion;Emphysema;Fever;Fibromyalgia;Gingivitis;Glaucoma;Hangover;Hayfever;Heart Attack/Coronary Infarct;Hepatoses/Liver;Herpes;High Blood Pressure/Hypertension;High Cholesterol/Hypercholesterolemia;Hives;IBD;Infarction;Intermittent Claudication;Ischemia;Leishmaniasis;Lipoma;Low Blood Pressure/Hypotension;Macular Degeneration;Maculitis;Malaria;Melanoma;Menopause;Multiple Sclerosis;Neuropathy;Ophthalmia;Parkinsons Disease;Pneumonia;Psoriasis;Sinusitis;Sore Throat / Laryngitis / Pharyngitis;Stress;Sunburn;Syndrome X;Thrombosis / Blood Clot;Toothache;Tuberculosis;Ulcer;Varicose Veins;Wrinkles,14
BioPerine / Piperine,BioPerine / Piperine,,,,curated,human_trial,True,,antioxidant;anti_inflammatory;detox_phase2,antioxidant_chemo_timing;pregnancy_caution,PIPERINE,AHH-Inhibitor;ATPase-Stimulant;Abortifacient;Adrenergic;Analeptic;Analgesic;Anesthetic;AntiSubstance-P;Antiaflatoxin;Antibacterial;Anticlastogen;Anticonvulsant;Antiedemic;Antifertility;Antiglucuronidase;Antiimplantation;Antiinflammatory;Antileishmanic;Antimutagenic;Antinarcotic;Antinociceptive;Antioxidant;Antiplasmodial;Antipyretic;Antiseptic;Antispasmodic;Aryl-Hydrocarbon-Hydroxylase-Inhibitor;CNS-Stimulant;Cancer-Preventive;Carcinogenic;Cardiotonic;Carminative;Catecholaminogenic;Diaphoretic;Endorphinogenic;Epinephrininergic;FLavor;Hepatoprotective;Hepatoregenerative;Hypertensive;Hypotensive;Insecticide;Insectifuge;Mutagenic;Myocontractant;Myorelaxant;P450-Inducer;P450-Inhibitor;Parasiticide;Peristaltic;Pesticide;Respirostimulant;Secretogogue;Serotoninergic;Spermigenic;Stimulant;Thermogenic;Thyrostimulant,ADD;AIDS/HIV;Aging;Alcoholism;Allergy;Alzheimers;Angina;Anthrax;Anxiety Disorders;Apoplexy/Stroke;Arrhythmia (Cardiac);Arteriosclerosis/Atherosclerosis;Arthritis;Asthma;Athletes Foot;BO (Body Odor);BPH;Backache;Bipolar;Breached Birth;Breast Feeding Problems;Bronchitis;Bruises;Bunion;Burns;Bursitis;Cancer;Candidiasis;Canker Sores;Cardiopathy/Heart Problems;Caries;Carpal Tunnel Syndrome (CTS);Cataracts;Cellulite;Chronic Fatigue Syndrome;Chronic Venous Insufficiency/CVI;Cold/Flu;Conjunctivitis;Constipation;Cough;Cramp;Crohns Disease;Cystitis;Dandruff;Decubitis;Depression;Dermatitis/Dermatoses;Diabetes;Diarrhea;Diverticulitis;Dysentery;Dysmenorrhea;Dyspepsia/Indigestion;Edema;Emphysema;Epilepsy;Fever;Fibromyalgia;Frigidity;Fungus/Mycosis;GERD / Esophageal Reflux;Giardia;Gingivitis;Glaucoma;Gout;Halitosis;Hangover;Hayfever;Headache;Heart Attack/Coronary Infarct;Hemorrhoids;Hepatoses/Liver;Herpes;Hiccups;High Blood Pressure/Hypertension;High Cholesterol/Hypercholesterolemia;Hives;Hot Flashes;IBD;Impotence;Incontinence;Infarction;Infection;Inflammation;Insect Bites / Stings;Insomnia;Intermittent Claudication;Intestinal Parasites;Ischemia;Itch;Jaundice;Kidney Stones;Leishmaniasis;Lipoma;Low Blood Pressure/Hypotension;Lyme Disease (Chronic);Lyme Disease (Initial);MRSA;Macular Degeneration;Maculitis;Malaria;Mastitis;Melanoma;Menopause;Migraine;Motion Sickness;Multiple Sclerosis;Nausea;Neuropathy;Nightmare;Obesity;Ophthalmia;Otitis/Earache;Pain;Parkinsons Disease;Pneumonia;Poison Ivy;Poison Oak;Poison Sumac;Premenstrual Syndrome/PMS;Prostatitis;Psoriasis;Raynauds Disease;Rheumatism;Sciatica;Sepsis;Sinusitis;Snakebite;Sore;Sore Throat / Laryngitis / Pharyngitis;Stomatosis;Stress;Sunburn;Syndrome X;Thrombosis / Blood Clot;Tinnitus;Toothache;Tuberculosis;UTI;Ulcer;Vaginitis;Varicose Veins;Viral Infections (Chronic);Warts;Wound;Wrinkles;Yeast Infection,29
Akkermansia muciniphila,Akkermansia muciniphila,,,,curated,human_trial,True,,,,,,,0
Niacin (B3),Niacin (B3),,,,curated,human_trial,True,,,bleeding_risk;hepatic,NIACIN,Allergenic;AntiLyme;AntiMeniere's;AntiRaynaud's;Antiacrodynic;Antiallergic;Antialzheimeran;Antiamblyopic;Antianginal;Anticataract;Antichilblain;Anticonvulsant;Antidementia;Antidermatitic;Antidiabetic;Antidysphagic;Antiepileptic;Antihangover;Antihistaminic;Antihyperactivity;Antiinsomnic;Antineuralgic;Antiparkinsonian;Antipellagric;Antiscotomic;Antispasmodic;Antivertigo;Cancer-Preventive;Cardioprotective;Circulotonic;Fibrinolytic;Hepatoprotective;Hepatotoxic;Hypocholesterolemic;Hypoglycemic;Hypolipidemic;Sedative;Serotoninergic;Vasodilator,ADD;AIDS/HIV;Aging;Alcoholism;Allergy;Alzheimers;Angina;Anthrax;Anxiety Disorders;Apoplexy/Stroke;Arrhythmia (Cardiac);Arteriosclerosis/Atherosclerosis;Arthritis;Asthma;Athletes Foot;BO (Body Odor);BPH;Backache;Bipolar;Breached Birth;Bronchitis;Bruises;Bursitis;Cancer;Candidiasis;Canker Sores;Cardiopathy/Heart Problems;Carpal Tunnel Syndrome (CTS);Cataracts;Chronic Fatigue Syndrome;Chronic Venous Insufficiency/CVI;Cold/Flu;Conjunctivitis;Constipation;Cough;Cramp;Crohns Disease;Dandruff;Depression;Dermatitis/Dermatoses;Diabetes;Diarrhea;Diverticulitis;Dry Mouth / Xerostomia;Dysentery;Dysmenorrhea;Dyspepsia/Indigestion;Emphysema;Epilepsy;Fever;Fibromyalgia;Frigidity;Fungus/Mycosis;GERD / Esophageal Reflux;Giardia;Glaucoma;Hangover;Hayfever;Headache;Heart Attack/Coronary Infarct;Hemorrhoids;Hepatoses/Liver;Herpes;Hiccups;High Blood Pressure/Hypertension;High Cholesterol/Hypercholesterolemia;Hives;IBD;Impotence;Incontinence;Infarction;Insect Bites / Stings;Insomnia;Intermittent Claudication;Intestinal Parasites;Ischemia;Itch;Jaundice;Leishmaniasis;Lipoma;Low Blood Pressure/Hypotension;Lyme Disease (Chronic);Lyme Disease (Initial);MRSA;Macular Degeneration;Maculitis;Malaria;Mastitis;Melanoma;Menopause;Migraine;Motion Sickness;Multiple Sclerosis;Nausea;Neuropathy;Nightmare;Obesity;Ophthalmia;Otitis/Earache;Pain;Parkinsons Disease;Pneumonia;Poison Ivy;Poison Oak;Poison Sumac;Premenstrual Syndrome/PMS;Prostatitis;Psoriasis;Rheumatism;Sciatica;Sinusitis;Sore Throat / Laryngitis / Pharyngitis;Stress;Sunburn;Syndrome X;Thrombosis / Blood Clot;Tinnitus;Toothache;Tuberculosis;Ulcer;Vaginitis;Varicose Veins;Viral Infections (Chronic);Yeast Infection,24
L-Glutamine,L-Glutamine,,,,curated,human_trial,True,,,,L-GLUTAMINE,Antialcoholic;Antiretardation;Antiulcer;FLavor,AIDS/HIV;Alcoholism;Canker Sores;Crohns Disease;Decubitis;Depression;Diverticulitis;Dyspepsia/Indigestion;Fibromyalgia;GERD / Esophageal Reflux;Hangover;IBD;Leishmaniasis;Stress;Ulcer,10
Moringa,Moringa,,,,curated,human_trial,True,,,,,,,0
CoQ10,CoQ10,,,,curated,human_trial,True,,,,,,,0
Aloe Vera,Aloe Vera,,,,curated,human_trial,True,Ache(Head)|Alopecia|Aperient|Asthma|Burn|Cancer(Stomach)|Chest|Congestion|Convulsion|Cough|Eczema|Excrescence|Fever|Gonorrhea|Laxative|Pregnancy|Purgative|Skin|Stomachic|Swelling|Tuberculosis|Vermifuge,,,,,,0
Rosemary,Rosemary,,,,curated,human_trial,True,Cancer,,,,,,0
Paw Paw (acetogenins),Paw Paw (acetogenins),acetogenins,,,curated,human_trial,True,,,,,,,0
AHCC (Active Hexose Correlated Compound),AHCC (Active Hexose Correlated Compound),Active Hexose Correlated Compound,,,curated,human_trial,True,,,,,,,0
Boswellia,Boswellia,,,,curated,human_trial,True,,,,,,,0
Bromelain,Bromelain,,,,curated,human_trial,True,,anti_inflammatory;anti_proliferative;anti_metastatic,bleeding_risk,BROMELAIN,Analgesic;Anorectic;Antiaggregant;Antianginal;Antiappetant;Antiarthritic;Antibacterial;Antibronchitic;Anticellulitic;Antidysmenorrheic;Antidyspeptic;Antiecchymotic;Antiedemic;Antiepisiotomic;Antiinfective;Antiinflammatory;Antileukemic;Antimetastatic;Antiplaque;Antipneumonic;Antiproliferant;Antiprostaglandin;Antiradiation;Antisclerodermic;Antisinusitic;Antispasmodic;Antithrombophlebitic;Antithrombotic;Antitumor;Antitumor (Breast);Antitumor (Lung);Antitumor (Skin);Antitussive;Antiulcer;Chemopreventive;Chitinolytic;Chitosanolytic;Differentiator;Digestive;Emetic;Fibrinolytic;Hypotensive;Laxative;Lipolytic;Mucolytic;Myorelaxant;Nematicide;Pesticide;Proliferant;Prostaglandin-Synthetase-Inhibitor;Proteolytic;Vermifuge;Vulnerary,ADD;AIDS/HIV;Aging;Allergy;Altitude Sickness;Alzheimers;Angina;Anthrax;Apoplexy/Stroke;Arrhythmia (Cardiac);Arteriosclerosis/Atherosclerosis;Arthritis;Asthma;Athletes Foot;BO (Body Odor);BPH;Backache;Bipolar;Breached Birth;Bronchitis;Bruises;Bunion;Burns;Bursitis;Cancer;Canker Sores;Cardiopathy/Heart Problems;Caries;Carpal Tunnel Syndrome (CTS);Cataracts;Cellulite;Chronic Venous Insufficiency/CVI;Cold/Flu;Conjunctivitis;Constipation;Cough;Cramp;Crohns Disease;Cystitis;Dandruff;Decubitis;Depression;Dermatitis/Dermatoses;Diabetes;Diarrhea;Diverticulitis;Dry Mouth / Xerostomia;Dysentery;Dysmenorrhea;Dyspepsia/Indigestion;Edema;Emphysema;Epilepsy;Fever;Fibromyalgia;Frigidity;Fungus/Mycosis;GERD / Esophageal Reflux;Giardia;Gingivitis;Glaucoma;Gout;Halitosis;Hangover;Hayfever;Headache;Heart Attack/Coronary Infarct;Hemorrhoids;Hepatoses/Liver;Herpes;Hiccups;High Blood Pressure/Hypertension;High Cholesterol/Hypercholesterolemia;Hives;IBD;Impotence;Incontinence;Infarction;Infection;Inflammation;Insect Bites / Stings;Insomnia;Intermittent Claudication;Intestinal Parasites;Ischemia;Itch;Jaundice;Kidney Stones;Leishmaniasis;Lipoma;Low Blood Pressure/Hypotension;Lyme Disease (Chronic);Lyme Disease (Initial);MRSA;Macular Degeneration;Maculitis;Malaria;Mastitis;Melanoma;Migraine;Motion Sickness;Multiple Sclerosis;Nausea;Neuropathy;Nightmare;Obesity;Otitis/Earache;Pain;Parkinsons Disease;Pneumonia;Poison Ivy;Poison Oak;Poison Sumac;Premenstrual Syndrome/PMS;Prostatitis;Psoriasis;Raynauds Disease;Rheumatism;Sciatica;Sepsis;Sinusitis;Snakebite;Sore;Sore Throat / Laryngitis / Pharyngitis;Stomatosis;Stress;Sunburn;Syndrome X;Thrombosis / Blood Clot;Tinnitus;Toothache;Tuberculosis;UTI;Ulcer;Vaginitis;Varicose Veins;Warts;Wound;Yeast Infection,27
Vitamin K2,Vitamin K2,,,,curated,human_trial,True,,,,,,,0
Ashwagandha,Ashwagandha,,,,curated,human_trial,True,,,,,,,0
Clove,Clove,,,,curated,human_trial,True,Abdomen|Ache(Tooth)|Analgesic|Anesthetic|Anodyne|Antidote(Scorpion)|Antioxidant|Antiperspirant|Antiseptic|Bactericide|Callus|Caries|Carminative|Cholera|Dentifrice|Deodorant|Diarrhea|Digestive|Dyspepsia|Flux|Fumitory|Gargle|Gastritis|Gestation|Hairblack|Halitosis|Heart|Hernia|Hiccup|Intestine|Nausea|Nipple|Parturition|Polypus|Repellant(Insect)|Rubefacient|Sore|Spasm|Sterility|Stimulant|Stomachic|Tonic|Uterus|Vermifuge|Wart,antioxidant,,,,,0
Molecular Hydrogen,Molecular Hydrogen,,,,curated,human_trial,True,,,,,,,0
Echinacea,Echinacea,,,,curated,human_trial,True,,,,,,,0
Royal Jelly,Royal Jelly,,,,curated,human_trial,True,,,,,,,0
Perilla,Perilla,,,,curated,human_trial,True,,,,,,,0
Black Cohosh,Black Cohosh,,,,curated,human_trial,True,,,,,,,0
Chlorophyllin,Chlorophyllin,,,,curated,human_trial,True,,,,,,,0
Bitter Melon,Bitter Melon,,,,curated,human_trial,True,,,,,,,0
Olive Leaf,Olive Leaf,,,,curated,human_trial,True,,,,,,,0
TMG (Trimethylglycine),TMG (Trimethylglycine),Trimethylglycine,,,curated,human_trial,True,,,,,,,0
Licorice Root (DGL),Licorice Root (DGL),DGL,,,curated,human_trial,True,,,,,,,0
Reishi,Reishi,,,,curated,human_trial,True,,,,,,,0
Activated Charcoal,Activated Charcoal,,,,curated,human_trial,True,,,,,,,0
Senna,Senna,,,,curated,human_trial,True,Cancer|Cathartic|Purgative|Stimulant,,,,,,0
Feverfew,Feverfew,,,,curated,human_trial,True,,,,,,,0
Saw Palmetto,Saw Palmetto,,,,curated,human_trial,True,Aphrodisiac|Diuretic|Sedative|Stimulant|Tumor,,,,,,0
Vitamin B-Complex,Vitamin B-Complex,,,,curated,human_trial,True,,,,,,,0
Modified Citrus Pectin (PectaSol),Modified Citrus Pectin (PectaSol),PectaSol,,,curated,human_trial,True,,,,,,,0
Cat's Claw (Uncaria tomentosa),Cat's Claw (Uncaria tomentosa),,,,curated,human_trial,True,,,,,,,0
Manuka Honey,Manuka Honey,,,,curated,human_trial,True,,,,,,,0
Fermented Wheat Germ Extract (Avemar),Fermented Wheat Germ Extract (Avemar),Avemar,,,curated,human_trial,True,,,,,,,0
Multimineral,Multimineral,,,,curated,human_trial,True,,,,,,,0
Colloidal Silver,Colloidal Silver,,,,curated,human_trial,True,,,,,,,0
Tea Tree Oil,Tea Tree Oil,,,,curated,human_trial,True,,,,,,,0
Stinging Nettle,Stinging Nettle,,,,curated,human_trial,True,Ache|Ache(Back)|Alopecia|Anodyne|Asthma|Astringent|Ataxia(Locomotor)|Bactericide|Blood|Bronchitis|Bruise|Burn|Cancer|Catarrh|Chest|Cholecystitis|Cholengitis|Constipation|Cosmetic|Cough|Counterirritant|Dandruff|Depurative|Diuretic|Dropsy|Dyspnea|Emmenagogue|Epilepsy|Epistaxis|Evil eye|Fit|Gout|Hair-Tonic|Hematemesis|Hematoptysis|Hemoptysis|Hemorrhage|Hemostat|Homeopathy|Insanity|Massage|Menorrhagia|Metrorrhagia|Paralysis|Parturition|Purgative|Rheumatism|Shampoo|Shigellosis|Sore|Sprain|Stimulant|Stomachic|Suppository|Swelling|Tantrum|Tea|Tonic|Tumor|Urticaria|Vasoconstrictor|Vermifuge|Wound,,pregnancy_caution,,,,0
PQQ,PQQ,,,,curated,human_trial,True,,,,,,,0
Red Yeast Rice,Red Yeast Rice,,,,curated,human_trial,True,,,,,,,0
Tu Chang Shan (Hydrangea),Tu Chang Shan (Hydrangea),Hydrangea,,,curated,human_trial,True,Alterative|Bactericide|Cancer(Tongue)|Diaphoretic|Diuretic|Kidney|Laxative|Medicine|Narcotic|Nephritis|Nightmare|Purgative|Sialogogue|Stomachic|Stone|Tonic,,,,,,0
Carnivora (Venus flytrap),Carnivora (Venus flytrap),Venus flytrap,,,curated,human_trial,True,,,,,,,0
Passionflower,Passionflower,,,,curated,human_trial,True,,,,,,,0
Slippery Elm,Slippery Elm,,,,curated,human_trial,True,Abscess|Antiseptic|Demulcent|Diarrhea|Diuretic|Dysentery|Emollient|Expectorant|Inflammation|Poultice|Urogenital|Vulnerary,,,,,,0
Exogenous Ketones,Exogenous Ketones,,,,curated,human_trial,True,,,,,,,0
Monolaurin,Monolaurin,,,,curated,human_trial,True,,,,,,,0
Poly-MVA (lipoic acid-palladium complex),Poly-MVA (lipoic acid-palladium complex),lipoic acid-palladium complex,,,curated,human_trial,True,,,,,,,0
Pancreatic / Proteolytic Enzymes,Pancreatic / Proteolytic Enzymes,,pancreatic,,curated,human_trial,True,,,,,,,0
Serrapeptase,Serrapeptase,,,,curated,human_trial,True,,,,,,,0
Yu Zhu (Solomon's Seal / Polygonatum),Yu Zhu (Solomon's Seal / Polygonatum),Solomon's Seal; Polygonatum,,,curated,human_observational,True,Tumor,,,,,,0
Gymnema,Gymnema,,,,curated,preclinical_animal,True,,,,,,,0
Xian Mao (Curculigo),Xian Mao (Curculigo),Curculigo,,,curated,preclinical_animal,True,,,,,,,0
Gu Sui Bu (Drynaria),Gu Sui Bu (Drynaria),Drynaria,,,curated,preclinical_animal,True,,,,,,,0
Goldenseal (berberine-bearing),Goldenseal (berberine-bearing),berberine-bearing,,,curated,preclinical_animal,True,,,,,,,0
Butterbur (Petadolex),Butterbur (Petadolex),Petadolex,,,curated,preclinical_invitro,True,,,,,,,0
Budwig Diet (protocol),Budwig Diet (protocol),protocol,,,curated,mentioned,True,,,,,,,0
Adrenal Adaptogen Blend,Adrenal Adaptogen Blend,,,,curated,lore_only,False,,,,,,,0
Alkalinizing Blend,Alkalinizing Blend,,,alkalinizing,curated,lore_only,False,,,,,,,0
Aromatase-Support Blend,Aromatase-Support Blend,,,aromatase,curated,lore_only,False,,,,,,,0
EMF Neutralizer,EMF Neutralizer,,,,curated,lore_only,False,,,,,,,0
Autophagy Blend,Autophagy Blend,,,autophagy,curated,lore_only,False,,,,,,,0
Digestive Bitters,Digestive Bitters,,digestive,,curated,lore_only,False,,,,,,,0
Bioactive Colostrum,Bioactive Colostrum,,,,curated,lore_only,False,,,,,,,0
Biocidin (botanical blend),Biocidin (botanical blend),botanical blend,,,curated,lore_only,False,,,,,,,0
Bravo Yogurt (fermented probiotic),Bravo Yogurt (fermented probiotic),fermented probiotic,,,curated,lore_only,False,,,,,,,0
Digestive/Gallbladder Enzyme Blend,Digestive/Gallbladder Enzyme Blend,,digestive; gallbladder,,curated,lore_only,False,,,,,,,0
Adaptogen Tonic Blend,Adaptogen Tonic Blend,,,,curated,lore_only,False,,,,,,,0
Metal-Detox Binders,Metal-Detox Binders,,,,curated,lore_only,False,,,,,,,0
Biofilm Enzyme Blend,Biofilm Enzyme Blend,,,,curated,lore_only,False,,,,,,,0
Oil of Oregano,Oil of Oregano,,,,curated,lore_only,False,,,,,,,0
Salicylate Tonic,Salicylate Tonic,,,,curated,lore_only,False,,,,,,,0
Rentone (kidney tonic blend),Rentone (kidney tonic blend),kidney tonic blend,kidney,,curated,lore_only,False,,,,,,,0
Anti-Angiogenic Botanical Blend,Anti-Angiogenic Botanical Blend,,,angiogenic,curated,lore_only,False,,,,,,,0
Abelmoschus manihot,,,phytochemical,Cancer,Dr. Duke,,,Antitussive|Boil|Cancer|Cancer(Stomach)|Catarrh|Emmenagogue|Inflammation|Lubricative|Paper|Sore|Sore(Throat)|Sprain|Stomach,,pregnancy_caution,,,,0
Abelmoschus moschatus,,,phytochemical,Cancer,Dr. Duke,,,Ache(Stomach)|Aphrodisiac|Asthma|Bite(Snake)|Boil|Cancer|Carminative|Chest-Cold|Cold|Colic|Debility|Demulcent|Diuretic|Flu|Hoarseness|Hysteria|Insecticide|Itch|Medicine|Nerves|Perfume|Refrigerant|Repellant(Insect)|Rheumatism|Spasm|Stimulant|Stomach|Stomachic|Throat|Tonic|Vermifuge,,,,,,0
Abies balsamea,"Balsam,Canada",,phytochemical,Cancer,Dr. Duke,,,Anodyne|Burn|Cancer|Catarrh|Cold|Cough|Heart|Masticatory|Sore|Steam-Bath|Urogenital|Wart|Wound,,,,,,0
Abroma angusta,Thian Dam,,phytochemical,Cancer,Dr. Duke,,,Cancer,,,,,,0
Abrus precatorius,,,phytochemical,Cancer,Dr. Duke,,,Abortifacient|Ache(Head)|Anodyne|Antidote|Aphrodisiac|Bilious|Bite(Snake)|Bladder|Blennorrhagia|Boil|CNS sedative|Cancer|Chest|Cold|Colic|Collyrium|Conjunctivitis|Contraceptive|Convulsion|Cough|Diarrhea|Diuretic|Dysuria|Emetic|Emollient|Enteritis|Epithelioma|Expectorant|Eye|Fatal|Fatality|Febrifuge|Fever|Fracture(Veterinary)|Freckle|Gastritis|Gingivitis|Gonorrhea|Gravel|Heart|Hemostat|Hoarseness|Homicide|Hookworms|Insomnia|Jaundice|Kidney|Laxative|Loin|Malaria|Masticatory|Myalgia|Night-Blindness|Ophthalmia|Ordeal|Pectoral|Poison|Puerperium|Purgative|Refrigerant|Rheumatism|Sedative|Skin|Sprue|Stomach|Styptic|Sweetener|Throat|Trachoma|Tuberculosis|Urogenital|Venereal|Vermifuge,,general_toxicity;pregnancy_caution,,,,0
Abutilon trisulcatum,,,phytochemical,Cancer,Dr. Duke,,,Asthma|Cancer,,,,,,0
Acacia catechu,,,phytochemical,Cancer,Dr. Duke,,,Anodyne|Antiphlogistic|Asthma|Astringent|Bactericide|Boil|Bronchitis|Cancer|Colic|Cough|Detergent|Diarrhea|Digestive|Dysentery|Eruption|Expectorant|Gravel|Gum|Malaria|Masticatory|Mouth|Phthisis|Refrigerant|Skin|Sore|Stimulant|Stomatitis|Styptic|Throat|Tuberculosis|Tumor(Abdomen),,,,,,0
Acacia ferruginea,"Gumarabic,Indian",,phytochemical,Cancer,Dr. Duke,,,Astringent|Cancer,,,,,,0
Acacia nilotica,Babli,,phytochemical,Cancer,Dr. Duke,,,Cancer|Decongestant|Gall-Bladder|Sclerosis(Spleen),,,,,,0
Acacia sp,"Acacia,Gum",,phytochemical,Cancer,Dr. Duke,,,Cancer|Insecticide|Soap|Sore|Whitlow,,,,,,0
Acacia vera,Acacia,,phytochemical,Cancer,Dr. Duke,,,Cancer,,,,,,0
Acalypha adenostachya,,,phytochemical,Cancer,Dr. Duke,,,Cancer|Wound,,,,,,0
Acalypha hypogaea,Yerba De Cancer,,phytochemical,Cancer,Dr. Duke,,,Cancer,,,,,,0
Acalypha langiana,,,phytochemical,Cancer,Dr. Duke,,,Cancer,,,,,,0
Acalypha lindheimeri,Yerba Del Cancer,,phytochemical,Cancer,Dr. Duke,,,Cancer,,,,,,0
Acalypha phleoides,,,phytochemical,Cancer,Dr. Duke,,,Cancer|Duodenum|Gingivitis|Internulcer|Odontitis|Sore|Stomach,,,,,,0
Acalypha septemloba,Yerba Del Cancer,,phytochemical,Cancer,Dr. Duke,,,Cancer,,,,,,0
Acer pensylvanicum,Cancer Bush,,phytochemical,Cancer,Dr. Duke,,,Cancer|Eruption,,,,,,0
Achillea millefolium,Millefolium,,phytochemical,Cancer,Dr. Duke,,,Abcess|Ache(Back)|Ache(Ear)|Ache(Head)|Ache(Leg)|Ache(Tooth)|Antiseptic|Apertif|Astringent|Atony|Bite(Snake)|Bladder|Bruise|Cancer|Carminative|Cathartic|Cold|Colic|Condyloma|Cough|Cyanogenetic|Deodorant|Depurative|Diaphoretic|Dyspepsia|Emmenagogue|Enteritis|Enterorrhagia|Epistaxis|Expectorant|Eye|Febrifuge|Felon|Fever|Gastritis|Hematemesis|Hematochezia|Hematuria|Hemorrhage|Hemostat|Hypochondria|Kidney|Litholytic|Medicine|Nervine|Piles|Poultice|Puerperium|Rash|Rheumatism|Scurvy|Skin|Sore|Sore(Throat)|Spasm|Stimulant|Stomach|Sudorific|Swelling|Tonic|Tuberculosis|Vulnerary|Wound,,pregnancy_caution,,,,0
Acnistus arborescens,,,phytochemical,Cancer,Dr. Duke,,,Cancer|Cold|Fever|Migraine|Mumps|Neuralgia,,,,,,0
Acnistus cauliflorus,,,phytochemical,Cancer,Dr. Duke,,,Cancer,,,,,,0
Acnistus plumieri,,,phytochemical,Cancer,Dr. Duke,,,Cancer,,,,,,0
Aconitum cammerum,Aconito De Flor Grande,,phytochemical,Cancer,Dr. Duke,,,Cancer,,,,,,0
Aconitum chinense,,,phytochemical,Cancer,Dr. Duke,,,Anodyne|Antispasmodic|Cancer|Nephritis|Sciatica,,,,,,0
Aconitum japonicum,,,phytochemical,Cancer,Dr. Duke,,,Anodyne|Antispasmodic|Cancer|Poison|Tumor,,general_toxicity,,,,0
Aconitum napellus,Monk'Shood,,phytochemical,Cancer,Dr. Duke,,,Analgesic|Anesthetic|Anodyne|Antispasmodic|Cancer|Diuretic|Fever|Heart|Narcotic|Nerves|Neuralgia|Poison|Poison(Arrow)|Rheumatism|Sedative|Sudorific,,general_toxicity,,,,0
Aconitum sp,Mu Pieh Tzu,,phytochemical,Cancer,Dr. Duke,,,Ague|Alterative|Analgesic|Anesthesia|Anodyne|Arthritis|Cancer|Cardiotonic|Cholera|Deobstruent|Diaphoretic|Diuretic|Dropsy|Dysentery|Fever|Nerves|Neuralgia|Poison|Poison(Arrow)|Respiratory|Rheumatism|Sedative|Stimulant|Throat,,general_toxicity,,,,0
Acorus calamus,,,phytochemical,Cancer,Dr. Duke,,,Abortifacient|Ache(Head)|Ache(Stomach)|Ache(Tooth)|Alexiteric|Anorexia|Antidote(Euphorbiaceae)|Antiseptic|Apertif|Aphrodisiac|Arthritis|Asthma|Balsamic|Bite(Snake)|Breath|Bronchitis|Bubo|Burn|CNS stimulant|Cancer|Carbuncle|Carminative|Catarrh|Chest-Cold|Cold|Colic|Cough|Deafness|Dentifrice|Diarrhea|Digestive|Diuretic|Dysentery|Dyspepsia|Edema|Emetic|Emmenagogue|Epilepsy|Expectorant|Eye|Fever|Fumitory|Gangrene|Gastritis|Halitosis|Hallucinogen|Hearing|Hemoptysis|Hemorrhage|Hemostat|Insecticide|Laxative|Liqueur|Medicine|Menorrhagia|Mouthwash|Nerves|Nervine|Odontosis|Panacea|Parturition|Pediculicide|Pediculifuge|Perfume|Phthisis|Repellant(Insect)|Rheumatism|Sclerosis(Liver)|Sclerosis(Spleen)|Sclerosis(Stomach)|Sclerosis(Uterus)|Sedative|Sight|Skin|Snuff|Sore(Throat)|Spasm|Splenomegaly|Stimulant|Stomachic|Stroke|Sudorific|Tonic|Tuberculosis|Tumor(Abdomen)|Tumor(Glands)|Tumor(Rectum)|Tumor(Testicle)|Tumor(Vagina)|Venereal|Vermifuge,,pregnancy_caution,,,,0
Adenia lobata,,,phytochemical,Cancer,Dr. Duke,,,Abdomen|Ache(Rib)|Anodyne|Aphrodisiac|Bronchitis|Cancer|Cancer(Nose)|Cough|Diuretic|Enema|Fever|Gonorrhea|Liniment|Nose|Piles|Piscicide|Purgative|Rheumatism|Stomach,,,,,,0
Adonis vernalis,"Hellebore,Black",,phytochemical,Cancer,Dr. Duke,,,Cancer|Cardiac|Cardiotonic|Diuretic|Emmenagogue|Poison|Sedative|Stimulant|Vermifuge,,general_toxicity;pregnancy_caution,,,,0
Aethusa cynapium,Petite Cigue,,phytochemical,Cancer,Dr. Duke,,,Cancer|Cholera|Convulsion|Diarrhea|Gastritis|Intestine|Poison|Sedative|Spasm|Stomachic|Tumor,,general_toxicity,,,,0
Agave americana,Cocuiza,,phytochemical,Cancer,Dr. Duke,,,Ascites|Bruise(Veterinary)|Cancer|Cicatrizant|Depurative|Diuretic|Dysentery|Fiber|Hedge|Leukemia|Liqueur|Scurvy|Sore|Sprain(Veterinary)|Syphilis|Tumor|Wart,,,,,,0
Agrimonia eupatoria,Garclive,,phytochemical,Cancer,Dr. Duke,,,Astringent|Cancer|Cancer(Stomach)|Cardiotonic|Cholagogue|Coagulant|Depurative|Diuretic|Emmenagogue|Enterorrhagia|Enuresis|Gastrorrhagia|Hematuria|Hemostat|Liver|Metrorrhagia|Pharyngitis|Tonic|Tuberculosis|Vermifuge|Vulnerary|Wart,,pregnancy_caution,,,,0
Agropyron repens,Joula,,phytochemical,Cancer,Dr. Duke,,,Aperient|Astringent|Bladder|Cancer|Coffee|Cough|Cystitis|Demulcent|Depurative|Diuretic|Emmenagogue|Emollient|Sclerosis(Pylorus)|Sedative|Sudorific|Tumor,,pregnancy_caution,,,,0
Agrostemma githago,Cockle,,phytochemical,Cancer,Dr. Duke,,,Cancer|Diuretic|Dropsy|Emmenagogue|Expectorant|Jaundice|Poison|Vermifuge,,general_toxicity;pregnancy_caution,,,,0
Ailanthus altissima,,,phytochemical,Cancer,Dr. Duke,,,Antiseptic|Asthma|Astringent|Bactericide|Cancer|Cardiac|Cathartic|Deobstruent|Depressant|Diarrhea|Dysentery|Dysmenorrhea|Dysuria|Ejaculation|Emetic|Epilepsy|Eruption|Fever|Hair-Tonic|Heart|Hematochezia|Leucorrhea|Lung|Malaria|Metrorrhagia|Poison|Protisticide|Sore|Spasm|Spermatorrhea|Stomach|Taenifuge|Tapeworm|Tumor(Breast)|Vermifuge|Wet-Dream,,general_toxicity,,,,0
Ajuga chia,Chamaepityos,,phytochemical,Cancer,Dr. Duke,,,Cancer,,,,,,0
Ajuga reptans,Bugle,,phytochemical,Cancer,Dr. Duke,,,Astringent|Cancer|Carminative|Deobstruent|Diuretic|Fever|Hemostat|Jaundice|Liver|Lung|Narcotic|Rheumatism|Spleen|Stomachic|Styptic|Tonic|Vulnerary,,,,,,0
Akebia quinata,Akebi,,phytochemical,Cancer,Dr. Duke,,,Antiphlogistic|Cancer|Circulation|Diaphoretic|Diuretic|Emmenagogue|Laxative|Stimulant|Stomachic|Tonic|Viscera|Vulnerary,,pregnancy_caution,,,,0
Albizia saponaria,,,phytochemical,Cancer,Dr. Duke,,,Cancer|Dandruff|Impotency|Piscicide|Shampoo|Soap,,,,,,0
Allium cepa,Cabolla,,phytochemical,Cancer,Dr. Duke,,,Abscess|Ache(Ear)|Ache(Stomach)|Albuminuria|Alopecia|Anasarca|Antiseptic|Apertif|Aphrodisiac|Arteriosclerosis|Bactericide|Bile|Bite(Snake)|Bright's Disease|Bronchitis|Bubo|Cancer|Cancer(Liver)|Carminative|Cataract|Catarrh|Chest|Cold|Colic|Cough|Diaphoretic|Digestive|Diphtheria|Diuretic|Dropsy|Drowning|Dysentery|Ear|Edema|Emmenagogue|Enema|Expectorant|Fever|Flatulence|Flu|Fracture|Hangover|Hepatosis|Hydropsy|Hyperglycemia|Inflammation|Orchitis|Pectoral|Piles|Poison|Poultice|Preventitive|Preventitive(Bite(Snake))|Repellant|Repellant(Bat)|Repellant(Snake)|Rheumatism|Scarlatina|Scurvy|Sedative|Soporific|Sore(Throat)|Stimulant|Sting(Scorpion)|Stomachic|Suppurative|Tuberculosis|Tumor|Venereal|Vermifuge|Wart|Wound,,general_toxicity;pregnancy_caution,,,,0
Allium nipponicum,No-Biru,,phytochemical,Cancer,Dr. Duke,,,Amenorrhea|Cancer|Depurative|Diarrhea|Nerves,,,,,,0
Allium porrum,Prasium,,phytochemical,Cancer,Dr. Duke,,,Aphrodisiac|Arthritis|Cancer|Chest|Detersive|Digestive|Discutient|Diuretic|Ear|Emollient|Expectorant|Kidney|Resolvent|Scrofula|Stimulant|Stomachic,,,,,,0
Allium sativum,Ail,,phytochemical,Cancer,Dr. Duke,,,Ache(Ear)|Ache(Stomach)|Ache(Tooth)|Alopecia|Amebiasis|Antidote|Antidote(Scorpion)|Antiseptic|Antispasmodic|Arteriosclerosis|Arthritis|Ascaricide|Asthma|Bactericide|Bite(Bug)|Bite(Snake)|Bladder|Bronchiectasis|Bronchitis|Cancer|Carminative|Cold|Colic|Corn|Cough|Dandruff|Deafness|Demulcent|Diaphoretic|Diarrhea|Diphtheria|Diuretic|Dysentery|Dysmenorrhea|Dyspepsia|Emmenagogue|Expectorant|Fever|Flatulence|Gangrene|Hematuria|Hepatitis|Hypertension|Hypertensive|Hypotensive|Hysteria|Internulcer|Kidney|Leukemia|Lung|Lupus|Malaria|Malignancy|Nerves|Oliguria|Parasiticide|Parturition|Pertussis|Phthisis|Plague|Preventitive|Preventitive(Cancer)|Preventitive(Goiter)|Preventitive(Pestilence)|Repellant(Snake)|Rheumatism|Ringworm|Rubefacient|Scabies|Sclerosis|Sedative|Senescence|Skin|Sore|Spice|Spleen|Stimulant|Sting(Bee)|Stomach|Stomachic|Thirst|Throat|Tonic|Trachoma|Trichomoniasis|Tuberculosis|Tumor|Tumor(Abdomen)|Typhoid|Ulcer|Vaginitis|Vasodilator|Vermifuge|Wart|Wen|Whitlow|Witchcraft|Wound,,pregnancy_caution,,,,0
Alocasia indica,Kar Dard,,phytochemical,Cancer,Dr. Duke,,,Anasarca|Astringent|Bite(Snake)|Cancer|Diuretic|Laxative|Parasiticide|Poison|Sore|Tumor,,general_toxicity,,,,0
Alpinia galanga,Galangal,,phytochemical,Cancer,Dr. Duke,,,Bronchitis|Cancer|Cardiodepressant|Carminative|Catarrh|Digestive|Expectorant|Parturition|Rheumatism|Ringworm|Splenomegaly|Stimulant|Stomachic,,cardiac,,,,0
Alstonia scholaris,Pha Ya Sat Ta Ban,,phytochemical,Cancer,Dr. Duke,,,Ache(Head)|Ache(Leg)|Ache(Loin)|Ache(Tooth)|Alterative|Antidote(Antiaris)|Aphrodisiac|Asthma|Astringent|Beriberi|Boil|Bronchitis|Cancer|Cholera|Cough|Diabetes|Diarrhea|Dyschezia|Dysentery|Dyslactation|Enterosis|Expectorant|Fever|Hemiplegia|Hepatosis|Internal|Malaria|Nausea|Neuralgia|Panacea|Parturition|Phthisis|Piles|Pleurisy|Pneumonia|Poison(Arrow)|Rheumatism|Stomachic|Tonic|Tumor|Tumor(Glands)|Vermifuge,,general_toxicity,,,,0
Althaea officinalis,Marshmallow,,phytochemical,Cancer,Dr. Duke,,,Cancer|Catarrh|Cough|Demulcent|Emollient|Expectorant|Inflammation|Intestine|Lubricative|Mucous|Pectoral|Piles|Poultice|Respiratory|Sclerosis|Sore(Throat)|Tumor,,,,,,0
Amorphophallus konjac,Chu Jo,,phytochemical,Cancer,Dr. Duke,,,Cancer,,,,,,0
Anacyclus officinarum,Piretron,,phytochemical,Cancer,Dr. Duke,,,Ache(Tooth)|Cancer|Insecticide|Mouthwash|Tincture,,,,,,0
Anagallis arvensis,Anagallide,,phytochemical,Cancer,Dr. Duke,,,Alterative|Antidote|Bite(Dog)|Brain|Cancer|Canicide|Cirrhosis|Depurative|Diaphoretic|Diuretic|Dropsy|Expectorant|Fungicide|Gall-Stone|Hirudicide|Insecticide|Leprosy|Lung|Nematicide|Nervine|Piscicide|Poison|Poison(Dog)|Rabies|Repellant(Leech)|Sore|Splinter|Sudorific,,general_toxicity,,,,0
Anagallis phoenicea,Murwe Do Timps,,phytochemical,Cancer,Dr. Duke,,,Cancer,,,,,,0
Anchusa officinalis,Buglos,,phytochemical,Cancer,Dr. Duke,,,Astringent|Cancer|Diuretic|Emollient|Expectorant|Sedative|Tumor|Vulnerary,,,,,,0
Anemone nemorosa,Herbe Du Cancer,,phytochemical,Cancer,Dr. Duke,,,Antidote|Arthritis|Bronchitis|Cancer|Corn|Hyperemia|Nervine|Pleurisy|Poison|Tonic|Vesicant,,general_toxicity,,,,0
Anemopsis californica,Yerba Mansa,,phytochemical,Cancer,Dr. Duke,,,Cancer|Catarrh|Sore,,,,,,0
Angelica archangelica,Angelica,,phytochemical,Cancer,Dr. Duke,,,Cancer|Cancer(Stomach)|Carminative|Cordial|Diaphoretic|Emmenagogue|Expectorant|Liqueur|Nervine|Sedative|Spasm|Stimulant|Stomachic|Sudorific|Tonic,,pregnancy_caution,,,,0
Angelica sylvestris,Angelique De Bois,,phytochemical,Cancer,Dr. Duke,,,Abscess|Ache(Head)|Anhydrosis|Boil|Cancer|Cancer(Tongue)|Carminative|Chill|Diaphoretic|Flu|Parasiticide|Rheumatism,,,,,,0
Anogeissus latifolia,,,phytochemical,Cancer,Dr. Duke,,,Cancer|Carbuncle|Cholera|Cold|Cough|Diarrhea|Dysuria|Face|Perspiration|Rinderpest,,,,,,0
Anthemis arvensis,Amarusca,,phytochemical,Cancer,Dr. Duke,,,Cancer|Fever|Resolvent|Tonic|Vermifuge,,,,,,0
Anthemis cotula,Amarusca,,phytochemical,Cancer,Dr. Duke,,,Amenorrhea|Cancer|Carminative|Diarrhea|Dyspepsia|Emetic|Emmenagogue|Fever|Insecticide|Sore|Spasm|Sting(Bee)|Tonic|Unguent|Vermifuge|Vulnerary,,pregnancy_caution,,,,0
Anthemis nobilis,Maythe,,phytochemical,Cancer,Dr. Duke,,,Anodyne|Antiseptic|Cancer|Carminative|Cordial|Digestive|Hair-Dye|Nervine|Spasm|Stimulant|Stomachic|Sudorific|Tonic,,,,,,0
Anthemis tinctoria,Mawth,,phytochemical,Cancer,Dr. Duke,,,Cancer,,,,,,0
Apios americana,Earthnut,,phytochemical,Cancer,Dr. Duke,,,Cancer,,,,,,0
Haplopappus baylahuen,,,phytochemical,Cancer,Dr. Duke,,,Cancer,,,,,,0
Arctium lappa,Burdock Blood,,phytochemical,Cancer,Dr. Duke,,,Abscess|Acne|Alexiteric|Alterative|Antidote|Antiphlogistic|Aperient|Apertif|Aphrodisiac|Bactericide|Boil|Burn|Cancer|Carminative|Catarrh|Cold|Corn|Cough|Depurative|Diaphoretic|Diuretic|Edema|Estrogenic|Eye|Fever|Flu|Food|Fungicide|Gonorrhea|Gout|Hair-Tonic|Hoarseness|Hyperglycemia|Impetigo|Infection|Insecticide|Laxative|Measles|Parotitis|Pertussis|Piles|Pneumonia|Poultice|Prurigo|Psoriasis|Refrigerant|Rheumatism|Scarlet-Fever|Scrofula|Skin|Smallpox|Sore|Sore(Throat)|Stomachic|Sty|Sudorific|Swelling|Syphilis|Throat|Tonsillitis|Tumor|Tumor(Glands)|Tumor(Spleen),,,,,,0
Arctium minus,Burdock Blood,,phytochemical,Cancer,Dr. Duke,,,Ache(Stomach)|Alterative|Asthma|Bruise|Cancer|Cough|Depurative|Diaphoretic|Diuretic|Emmenagogue|Lung|Medicine|Sudorific|Tumor,,pregnancy_caution,,,,0
Argemone mexicana,Cardo Santo,,phytochemical,Cancer,Dr. Duke,,,Ache(Head)|Ache(Tooth)|Anodyne|Antidote(Scorpion)|Antifertility|Aperient|Bladder|Cancer|Cancer(Nose)|Catarrh|Cathartic|Chancre|Cold|Colic|Demulcent|Depurative|Dermatosis|Diuretic|Emetic|Eruption|Excrescence|Expectorant|Eye|Fever|Hemostat|Herpes|Inflammation|Itch|Kidney|Laxative|Narcotic|Ophthalmia|Parturition|Pinkeye|Placenta|Poison|Puerperium|Purgative|Rheumatism|Scabies|Sedative|Skin|Soap|Sore|Wart,,general_toxicity,,,,0
Argemone platyceras,Cardosanto,,phytochemical,Cancer,Dr. Duke,,,Anodyne|Cancer|Depurative|Emetic|Emmenagogue|Hemostat|Kidney|Placenta|Puerperium|Sudorific|Vulnerary,,pregnancy_caution,,,,0
Arisaema triphyllum,Indian Turnip,,phytochemical,Cancer,Dr. Duke,,,Ache(Head)|Aptha|Asthma|Bactericide|Bite(Snake)|Bronchitis|Cancer|Carminative|Colic|Cough|Diaphoretic|Diuretic|Expectorant|Eye|Felon|Homicide|Insecticide|Irritant|Lung|Medicine|Pertussis|Poison|Polyp(Nose)|Poultice|Rheumatism|Ringworm|Sore|Stimulant|Stomatitis|Sudorific|Swelling|Tuberculosis|Vesicant|Whitlow,,general_toxicity,,,,0
Aristolochia clematitis,Birthwort,,phytochemical,Cancer,Dr. Duke,,,Cacoethes|Cancer|Cancer(Breast)|Cancer(Nose)|Depurative|Parturition|Poison|Polyp(Nose)|Stimulant|Tumor|Tumor(Uterus)|Vulnerary,,general_toxicity,,,,0
Aristolochia contorta,,,phytochemical,Cancer,Dr. Duke,,,Cancer|Cough,,,,,,0
Aristolochia cymbifera,Guaco,,phytochemical,Cancer,Dr. Duke,,,Asthma|Cancer|Diaphoretic|Diarrhea|Diuretic|Emmenagogue|Stimulant,,pregnancy_caution,,,,0
Aristolochia reticulata,Serpentery,,phytochemical,Cancer,Dr. Duke,,,Cancer|Medicine|Stimulant|Typhoid,,,,,,0
Aristolochia sempervirens,Long Birthwort,,phytochemical,Cancer,Dr. Duke,,,Cancer,,,,,,0
Armoracia rusticana,Horseradish,,phytochemical,Cancer,Dr. Duke,,,Anodyne|Apertif|Cancer|Carminative|Depurative|Diaphoretic|Digestive|Diuretic|Lumbago|Pectoral|Poison|Scurvy|Stimulant|Sudorific,,general_toxicity,,,,0
Arnica montana,Arnica,,phytochemical,Cancer,Dr. Duke,,,Anodyne|Cancer|Cancer(Intestine)|Cardiotonic|Discutient|Diuretic|Expectorant|Fever|Hemostat|Irritant|Nervine|Poison|Sternutatory|Tonic|Vulnerary,,general_toxicity,,,,0
Arum italicum,Colubrina,,phytochemical,Cancer,Dr. Duke,,,Bite(Snake)|Cacoethes|Cancer|Carcinoma|Dyspepsia|Expectorant|Incisive|Palsy|Poison|Polyp(Nose)|Rheumatism|Stroke|Ulcer|Vesicant,,general_toxicity,,,,0
Arum repens,Bastard Vanilla,,phytochemical,Cancer,Dr. Duke,,,Cancer,,,,,,0
Arundo donax,Arundo,,phytochemical,Cancer,Dr. Duke,,,Antilactogogue|Cancer|Diuretic|Hypertension|Hypotension|Sudorific|Syphilis,,,,,,0
Asclepias speciosa,Common Milkweed,,phytochemical,Cancer,Dr. Duke,,,Ache(Stomach)|Antiseptic|Arthritis|Bite(Snake)|Breast|Callus|Cancer|Corn|Cough|Masticatory|Measles|Poultice|Rheumatism|Ringworm|Sore|Swelling|Tuberculosis|Wound,,,,,,0
Asclepias syriaca,,,phytochemical,Cancer,Dr. Duke,,,Alterative|Asthma|Bronchitis|Cancer|Cathartic|Cicatrizant|Cough|Diaphoretic|Diuretic|Dyspepsia|Emetic|Expectorant|Fever|Gonorrhea|Laxative|Medicine|Mole|Nervine|Pleurisy|Pneumonia|Poison|Rheumatism|Ringworm|Sore|Tumor|Wart|Wound,,general_toxicity,,,,0
Aspalathus indica,Shevenar Vaymboo,,phytochemical,Cancer,Dr. Duke,,,Cancer,,,,,,0
Atropa belladonna,Belladonna,,phytochemical,Cancer,Dr. Duke,,,Anodyne|Antidote|Antispasmodic|Anydrotic|Bruise|Cancer|Cancer(Uterus)|Carcinoma|Diuretic|Fever|Mydriatic|Narcotic|Nervine|Poison|Rheumatism|Sedative|Spasm|Stimulant|Tetanus|Tumor(Breast)|Tumor(Joint),,general_toxicity,,,,0
Avena fatua,Wildoat,,phytochemical,Cancer,Dr. Duke,,,Cancer|Parturition|Placenta|Tumor(Parotid)|Uterotonic,,pregnancy_caution,,,,0
Begonia crassiostus,,,phytochemical,Cancer,Dr. Duke,,,Cancer,,,,,,0
Bellis perennis,Bellorita,,phytochemical,Cancer,Dr. Duke,,,Blood-Vessel|Cancer|Cold|Depurative|Discutient|Diuretic|Frunculosis|Hematemesis|Hematuria|Hemorrhage|Hemostat|Leucorrhea|Pectoral|Pleurisy|Resolvent|Spasm|Stomachic|Tonic|Tumor|Vulnerary,,,,,,0
Betula alba,Bouleau,,phytochemical,Cancer,Dr. Duke,,,Astringent|Bilious|Breast|Cancer|Dandruff|Depurative|Digestive|Diuretic|Fever|Gonorrhea|Hairblack|Jaundice|Rheumatism|Skin|Sore|Stimulant|Sudorific,,,,,,0
Bixa orellana,Uruku,,phytochemical,Cancer,Dr. Duke,,,Ache(Head)|Antidote|Aphrodisiac|Astringent|Burn|Cancer|Coloring|Cordial|Cosmetic|Depurative|Diabetes|Diuretic|Douche|Dysentery|Epilepsy|Erysipelas|Excitant|Fainting|Fever|Flu|Gonorrhea|Hair-Oil|Inflammation|Jaundice|Kidney|Malaria|Oliguria|Parasiticide|Purgative|Refrigerant|Repellant(Insect)|Stomachic|Stomatitis|Styptic|Throat|Tumor|Unguent|Venereal,,,,,,0
Bocconia frutescens,Yanali,,phytochemical,Cancer,Dr. Duke,,,Ache(Tooth)|Anesthetic|Aposteme|Bronchitis|Cancer|Cataplasm|Caustic|Chilblain|Collyrium|Dropsy|Emetic|Eruption|Itch|Jaundice|Mycosis|Ophthalmia|Parasiticide|Pediculicide|Poison|Purgative|Repellant(Insect)|Rubefacient|Sedative|Skin|Sore|Tumor|Ulcer|Vermifuge|Wart|Wound,,general_toxicity,,,,0
Boswellia carteri,,,phytochemical,Cancer,Dr. Duke,,,Alterative|Astringent|Cancer|Carbuncle|Carminative|Diuretic|Expectorant|Fumigant|Gonorrhea|Iran|Leprosy|Sclerosis|Sedative|Sore|Spermatorrhea|Stimulant|Struma|Tonic|Tumor(Breast)|Urogenital,,,,,,0
Boswellia glabra,Olibanum,,phytochemical,Cancer,Dr. Duke,,,Cancer|Cancer(Breast)|Cancer(Cervix)|Cancer(Stomach),,,,,,0
Bowdichia virgilioides,Alcornoque,,phytochemical,Cancer,Dr. Duke,,,Astringent|Bruise|Cancer|Phthisis|Wound,,,,,,0
Brasenia peltata,Shun Ts'Ai,,phytochemical,Cancer,Dr. Duke,,,Cachexia|Cancer|Debility|Favus|Fever|Piles|Vermifuge|Virility|Vulnerary,,,,,,0
Brassica napobrassica,Turnip,,phytochemical,Cancer,Dr. Duke,,,Cancer,,,,,,0
Brassica oleracea,Col,,phytochemical,Cancer,Dr. Duke,,,Cancer|Cancer(Stomach)|Cyanogenetic|Infection|Intellect|Jaundice|Scurvy|Soporific|Sore|Tumor|Tumor(Breast)|Vermifuge|Wart,,,,,,0
Broussonetia papyrifera,,,phytochemical,Cancer,Dr. Duke,,,Anuria|Ascites|Astringent|Bite(Bug)|Cancer|Diarrhea|Diuretic|Dysentery|Dyspepsia|Eruption|Flux|Gonorrhea|Hematemesis|Impotency|Menorrhagia|Nephritis|Pregnancy|Rheumatism|Tinea|Tonic|Vulnerary|Wound,,,,,,0
Bryonia alba,Bryonia,,phytochemical,Cancer,Dr. Duke,,,Anodyne|Cancer|Cough|Diuretic|Emetic|Emmenagogue|Expectorant|Hydragogue|Pleurisy|Poison|Purgative|Vermifuge,,general_toxicity;pregnancy_caution,,,,0
Bryophyllum pinnatum,,,phytochemical,Cancer,Dr. Duke,,,Ache(Ear)|Ache(Head)|Ague|Anodyne|Antiseptic|Bactericide|Boil|Bruise|Cancer|Cicatrizant|Cold|Cold(Head)|Colic|Conjunctivitis|Cough|Dermatosis|Diuretic|Dysmenorrhea|Emollient|Enteritis|Epilepsy|Erysipelas|Fever|Heart|Hemostat|Hypertension|Nephritis|Ophthalmia|Palpitation|Rhagades|Rheumatism|Soporific|Sore|Spasm|Sprain|Swelling|Tumor|Ulcer|Vulnerary|Witchcraft|Wound,,,,,,0
Buddleja officinalis,,,phytochemical,Cancer,Dr. Duke,,,Cancer|Cataract|Conjunctivitis|Eye|Fever|Liver|Opacity|Photophobia|Vision,,,,,,0
Buxus sempervirens,Bwes Beni,,phytochemical,Cancer,Dr. Duke,,,Adulterant|Alterative|Bilious|Boil|Cancer|Cholagogue|Depurative|Diuretic|Fever|Hair-Tonic|Heat|Labor|Laxative|Malaria|Narcotic|Poison|Rash|Rheumatism|Sedative|Sudorific|Syphilis|Tonic|Vermifuge,,general_toxicity,,,,0
Calamintha sp,Calaminth,,phytochemical,Cancer,Dr. Duke,,,Cancer,,,,,,0
Calendula arvensis,Maravilla,,phytochemical,Cancer,Dr. Duke,,,Cancer|Dysmenorrhea|Food-Dye|Sudorific|Tumor,,,,,,0
Calendula officinalis,China,,phytochemical,Cancer,Dr. Duke,,,Ache(Stomach)|Ache(Tooth)|Amenorrhea|Analgesic|Astringent|Bactericide|Bruise|Cancer|Carminative|Cholagogue|Choleretic|Corn|Depurative|Diaphoretic|Diuretic|Emmenagogue|Fever|Flu|Hemorrhage|Internulcer|Intestine|Kidney|Lung|Mouthwash|Piles|Scrofula|Sprain|Stimulant|Stomach|Styptic|Sudorific|Syphilis|Tonic|Tuberculosis|Vermifuge|Wart,,pregnancy_caution,,,,0
Calla palustris,Drachenwurz,,phytochemical,Cancer,Dr. Duke,,,Cancer|Cyanogenetic|Diaphoretic|Poison|Poultice|Swelling,,general_toxicity,,,,0
Calluna vulgaris,Heather,,phytochemical,Cancer,Dr. Duke,,,Antiseptic|Astringent|Bladder|Cancer|Depurative|Diuretic|Inflammation|Insomnia|Narcotic|Rheumatism|Sedative|Urogenital,,,,,,0
Calophyllum inophyllum,Tamanou,,phytochemical,Cancer,Dr. Duke,,,Boil|Cancer|Catarrh|Chickenpox|Conjunctivitis|Cyanogenetic|Debility|Diarrhea|Digestive|Diuretic|Emetic|Emmenagogue|Eye|Fever|Gonorrhea|Inflammation|Lactogogue|Leprosy|Metrorrhagia|Orchitis|Pain|Parturition|Piles|Piscicide|Poison|Puerperium|Purgative|Rash|Rheum|Rheumatism|Scabies|Skin|Soap|Sore|Stitch|Stroke|Sunburn|Tumor|Vaginitis|Vermifuge|Wound,,general_toxicity;pregnancy_caution,,,,0
Camelina sativa,Dandakorn,,phytochemical,Cancer,Dr. Duke,,,Cancer,,,,,,0
Camellia sinensis,Green Tea,,phytochemical,Cancer,Dr. Duke,,,Ache(Head)|Analgesic|Antidote|Antidote(Wine)|Astringent|Bite(Dog)|CNS stimulant|Cancer|Carminative|Cold|Conjunctivitis|Debility|Demulcent|Deobstruent|Digestive|Diuretic|Dropsy|Dysentery|Epilepsy|Eruption|Expectorant|Fever|Hemoptysis|Hemorrhage|Intellect|Lactogogue|Lung|Malaria|Narcotic|Nervine|Poison|Refrigerant|Smallpox|Soap|Stimulant|Stomachic|Stomatitis|Sudorific|Toxemia|Tumor(Head),,general_toxicity,,,,0
Cannabis sativa,Bangue,,phytochemical,Cancer,Dr. Duke,,,Alopecia|Alterative|Analgesic|Anesthetic|Anodyne|Anorexia|Antidote(Aconite)|Antidote(Scorpion)|Antidote(Sulfur)|Antidote(Tarantula)|Antidote(Vermillion)|Apertif|Aphrodisiac|Bladder|CNS stimulant|Cancer|Cold|Colic|Constipation|Corn|Cough|Demulcent|Depression|Diuretic|Divination|Ear|Emmenagogue|Emollient|Epilepsy|Eruption|Favus|Flabbiness|Flux|Fumitory|Gonorrhea|Gravel|Hair-Tonic|Hairblack|Hallucinogen|Hypnotic|Inflammation|Intoxicant|Laxative|Longevity|Magic|Masturbation|Medicine|Narcotic|Nausea|Nerves|Paralysis|Placenta|Poison|Pole|Polyuria|Porridge|Psychedelic|Psychotropic|Puerperium|Rheumatism|Sedative|Senility|Sore|Spasm|Stimulant|Tetanus|Thirst|Tongue|Tonic|Tumor|Vermifuge|Weaning|Wound,,general_toxicity;pregnancy_caution,,,,0
Capsella bursa-pastoris,,,phytochemical,Cancer,Dr. Duke,,,Antiseptic|Astringent|Cancer|Cardiotonic|Chyluria|Contraceptive|Diarrhea|Diuretic|Dropsy|Dysentery|Dysmenorrhea|Dysuria|Edema|Emmenagogue|Epistaxis|Expectorant|Eye|Febrifuge|Flux|Head|Hematemesis|Hematuria|Hemoptysis|Hemorrhage|Hemostat|Hemostatic|Hypertension|Kidney|Liver|Menorrhagia|Metrorrhagia|Nephritis|Ophthalmia|Parasiticide|Piles|Post-Partum|Refrigerant|Repellant(Insect)|Scurvy|Sedative|Sore|Stimulant|Stomach|Tonic|Tuberculosis|Uteritis|Vasodilator|Vision|Wound,,pregnancy_caution,,,,0
Capsicum baccatum,Cayenne,,phytochemical,Cancer,Dr. Duke,,,Aphrodisiac|CNS stimulant|Cancer|Carminative|Digestive|Piles|Rubefacient|Spice|Stimulant|Stomachic|Styptic,,,,,,0
Carica papaya,Chich Put,,phytochemical,Cancer,Dr. Duke,,,Abortifacient|Ache(Head)|Ache(Tooth)|Amebiasis|Anodyne|Antibiotic|Antiphlogistic|Arthritis|Asthma|Bactericide|Boil|Cancer|Cardiac|Cardiotonic|Cholagogue|Colic|Constipation|Corn|Decoagulant|Diarrhea|Digestive|Diphtheria|Diuretic|Dysentery|Dyspepsia|Dysuria|Ecbolic|Elephantiasis|Emmenagogue|Enteritis|Epithelioma|Expectorant|Fever|Flu|Freckle|Fumitory|Fungicide|Gravel|Hemoptysis|Hypertension|Infection|Itch|Laxative|Leucoderma|Liver|Longevity|Madness|Oliguria|Pectoral|Pediculicide|Psoriasis|Rheumatism|Ringworm|Scorpion|Soap|Sore|Splenitis|Stomachic|Suppurative|Tea|Tenderizer|Tuberculosis|Tumor|Tumor(Uterus)|Ulcer|Venereal|Vermifuge|Wart|Wound,,pregnancy_caution,,,,0
Carlina acaulis,Everthroat,,phytochemical,Cancer,Dr. Duke,,,Cancer|Cholagogue|Diaphoretic|Emmenagogue,,pregnancy_caution,,,,0
Carum carvi,Caraway,,phytochemical,Cancer,Dr. Duke,,,Ache(Head)|Ache(Stomach)|Anus|Bactericide|Balsamic|Cancer|Carminative|Cholera|Diaphoretic|Digestive|Diuretic|Emmenagogue|Fistula|Fungicide|Lactogogue|Laxative|Prolapse|Scabies|Sore|Spasm|Stimulant|Stomachic|Syphilis|Tonic|Venereal|Vermifuge,,pregnancy_caution,,,,0
Casimiroa edulis,Cochitzapotl,,phytochemical,Cancer,Dr. Duke,,,Analgesic|Cancer|Convulsion|Diarrhea|Fever|Hypnotic|Nervine|Poison|Rheumatism|Sedative|Soporific|Sore|Suppurative|Ulcer|Vermifuge|Vulnerary,,general_toxicity,,,,0
Casimiroa sapota,Cochitzapotl,,phytochemical,Cancer,Dr. Duke,,,Cancer,,,,,,0
Cassia acutifolia,Senna,,phytochemical,Cancer,Dr. Duke,,,Cancer|Cathartic|Purgative|Stimulant,,,,,,0
Cassia angustifolia,Senna,,phytochemical,Cancer,Dr. Duke,,,Cancer|Cathartic|Dyspepsia|Laxative|Purgative,,,,,,0
Cassia fistula,,,phytochemical,Cancer,Dr. Duke,,,Aperient|Astringent|Burn|Cancer|Carbuncle|Constipation|Convulsion|Delirium|Dermatosis|Diarrhea|Dysuria|Epilepsy|Flu|Fumitory|Gravel|Hematuria|Herpes|Laxative|Pimple|Purgative|Syphilis|Tumor(Glands)|Vermifuge|Wound,,,,,,0
Catalpa bungei,Ch'Iu,,phytochemical,Cancer,Dr. Duke,,,Abscess|Bronchitis|Cancer|Carbuncle|Cornea|Emphysema|Fistula|Porrigo|Sore|Stomachic|Struma|Swelling|Vermifuge|Wound,,,,,,0
Catalpa kaempferi,Tzu,,phytochemical,Cancer,Dr. Duke,,,Cancer,,,,,,0
Catharanthus roseus,Chawa Pshila,,phytochemical,Cancer,Dr. Duke,,,Ache(Tooth)|Asthma|Bactericide|Cancer|Cardiotonic|Catarrh|Ceguera|Chest-Cold|Cold|Depurative|Diabetes|Emetic|Emmenagogue|Gargle|Glycosuria|Hemostat|Hodgkin's Disease|Hyperglycemia|Hypertension|Laryngitis|Leukemia|Leukopenic|Medicine|Menorrhagia|Oliguria|Oncolytic|Ophthalmia|Poison|Polyuria|Purgative|Sedative|Sore(Throat)|Sting(Wasp)|Stomach|Stomachic|Throat|Tranquilizer|Tuberculosis|Tumor|Vermifuge,,general_toxicity;pregnancy_caution,,,,0
Caulophyllum thalictroides,,,phytochemical,Cancer,Dr. Duke,,,Antispasmodic|Cancer|Diuretic|Emmenagogue|Medicine|Parturition|Poison|Spasm|Vermifuge,,general_toxicity;pregnancy_caution,,,,0
Ceanothus americanus,,,phytochemical,Cancer,Dr. Duke,,,Alterative|Astringent|Cancer|Dysentery|Expectorant|Eye|Gonorrhea|Hemorrhage|Hemostat|Hemostatic|Medicine|Purgative|Sedative|Soap|Sore(Throat)|Spasm|Stimulant|Syphilis|Tea|Tes|Tumor,,,,,,0
Cecropia ambaiba,,,phytochemical,Cancer,Dr. Duke,,,Cancer,,,,,,0
Cecropia concolor,,,phytochemical,Cancer,Dr. Duke,,,Cancer,,,,,,0
Cecropia hololeuca,Imbahyba Branca,,phytochemical,Cancer,Dr. Duke,,,Cancer,,,,,,0
Cedrus libanensis,Cedar,,phytochemical,Cancer,Dr. Duke,,,Cancer,,,,,,0
Celastrus scandens,,,phytochemical,Cancer,Dr. Duke,,,Alterative|Cancer|Diaphoretic|Discutient|Diuretic|Emetic|Emmenagogue|Leucorrhea|Liver|Mental|Poison|Rheumatism|Sedative|Skin|Sudorific|Tumor|Venereal,,general_toxicity;pregnancy_caution,,,,0
Centaurea centaurium,Centaury,,phytochemical,Cancer,Dr. Duke,,,Cancer|Stomachic,,,,,,0
Centella asiatica,"Pennywort,Marsh",,phytochemical,Cancer,Dr. Duke,,,Ache(Head)|Ache(Rib)|Alexiteric|Alterative|Anodyne|Aphrodisiac|Astringent|Boil|Brain|Cancer|Cataract|Cholera|Circulation|Convulsion|Dermatosis|Diuretic|Dysentery|Eye|Fever|Hypertension|Infection|Insanity|Insecticide|Lactogogue(Veterinary)|Leprosy|Longevity|Lung|Medicine|Narcotic|Nervine|Pleuritis|Poultice|Refrigerant|Respiratory|Spasm|Stimulant|Tonic|Tuberculosis|Tumor(Abdomen)|Venereal|Wound,,,,,,0
Cephaelis acuminata,Ipecac,,phytochemical,Cancer,Dr. Duke,,,Cancer,,,,,,0
Cerastium viscosum,Mouseear,,phytochemical,Cancer,Dr. Duke,,,Cancer,,,,,,0
Cereus quadrangularis,Tuna,,phytochemical,Cancer,Dr. Duke,,,Cancer,,,,,,0
Cerinthe sp,Honeywort,,phytochemical,Cancer,Dr. Duke,,,Cancer,,,,,,0
Chaerophyllum sativum,Cerfeuil,,phytochemical,Cancer,Dr. Duke,,,Cancer,,,,,,0
Cheilanthes hirta,"Fern,Parsley",,phytochemical,Cancer,Dr. Duke,,,Cancer|Cold|Sore(Throat),,,,,,0
Chelidonium majus,Celandine,,phytochemical,Cancer,Dr. Duke,,,Alterative|Analgesic|Anodyne|Antispasmodic|Cancer|Cancer(Stomach)|Cholagogue|Corn|Depurative|Diaphoretic|Diuretic|Expectorant|Fatality|Freckle|Jaundice|Laxative|Narcotic|Poison|Purgative|Sedative|Skin|Spasm|Vermifuge|Wart,,general_toxicity,,,,0
Chimaphila corymbosa,Pippsisewa,,phytochemical,Cancer,Dr. Duke,,,Cancer,,,,,,0
Chimaphila umbellata,Pipsissewa,,phytochemical,Cancer,Dr. Duke,,,Alterative|Antiseptic|Apertif|Astringent|Cancer|Collyrium|Diabetes|Digestive|Diuretic|Fever|Fumitory|Kidney|Liniment|Medicine|Myalgia|Rheumatism|Stiffness|Stomach|Stone|Sudorific|Tea|Tonic|Typhus|Vulnerary,,,,,,0
Chionanthus virginicus,Greybeard,,phytochemical,Cancer,Dr. Duke,,,Alterative|Aperient|Cancer|Cholagogue|Diarrhea|Diuretic|Fever|Inflammation|Malaria|Medicine|Narcotic|Skin|Sore|Sore(Throat)|Stomatitis|Tonic|Wound,,,,,,0
Chrysanthemum leucanthemum,White Oxeye,,phytochemical,Cancer,Dr. Duke,,,Astringent|Cancer|Catarrh|Diuretic|Emetic|Emmenagogue|Night-Sweat|Pertussis|Spasm|Tonic,,pregnancy_caution,,,,0
Chrysanthemum parthenium,Amargosa,,phytochemical,Cancer,Dr. Duke,,,Abortifacient|Ache(Ear)|Anemia|Aperient|Cancer|Carminative|Cold|Colic|Depurative|Diarrhea|Digestion|Diuretic|Dyspepsia|Emmenagogue|Fever|Insecticide|Laxative|Resolvent|Spasm|Stomachic|Tonic|Vermifuge,,pregnancy_caution,,,,0
Chrysanthemum sinense,Chu Hua,,phytochemical,Cancer,Dr. Duke,,,Ache(Head)|Adenopathy|Alopecia|Antivinous|Cancer|Cancer(Breast)|Circulation|Cold|Digestive|Dysmenorrhea|Eye|Hearing|Inflammation|Nerves|Poison|Preventative (Gray Hair)|Preventitive|Sight|Sore,,general_toxicity,,,,0
Cichorium intybus,Chicory,,phytochemical,Cancer,Dr. Duke,,,Aperient|Cancer|Cholagogue|Coffee|Depurative|Diuretic|Fever|Gall|Inflammation|Laxative|Liver|Lung|Refrigerant|Sclerosis(Spleen)|Sedative|Stomachic|Sudorific|Tonic|Tuberculosis|Typhoid,,,,,,0
Cicuta sp,Cicuta,,phytochemical,Cancer,Dr. Duke,,,Bite(Snake)|Cancer|Poison|Suicide,,general_toxicity,,,,0
Cicuta odorata,Shepherd'S Needle,,phytochemical,Cancer,Dr. Duke,,,Cancer,,,,,,0
Cinchona calisaya,Quinine,,phytochemical,Cancer,Dr. Duke,,,Anesthetic|Antiperiodic|Antiseptic|Astringent|Bactericide|Cancer|Febrifuge|Fever|Malaria|Piles|Tonic|Varicosity,anti_inflammatory,photosensitizing;pregnancy_caution,QUININE,Abortifacient;Allergenic;Amebicide;Analgesic;Anesthetic;Antibacterial;Antidysenteric;Antifeedant;Antifibrillary;Antihemorrhoidal;Antilumbagic;Antimalarial;Antineuralgic;Antineuritic;Antipyretic;Antisciatic;Antitrypanosomic;Antiyeast;Apertif;Astringent;Cardiodepressant;Cytotoxic;Dermatitigenic;FLavor;MDR-Inhibitor;Oxytocic;Pesticide;Phototoxic;Protisticide;Spermicide;Stomachic;Trypanocide,AIDS/HIV;Allergy;Anorexia;Anthrax;Apoplexy/Stroke;Appetite;Arrhythmia (Cardiac);Arteriosclerosis/Atherosclerosis;Arthritis;Athletes Foot;BO (Body Odor);Backache;Breached Birth;Bronchitis;Bruises;Bunion;Burns;Bursitis;Cancer;Candidiasis;Canker Sores;Cardiopathy/Heart Problems;Caries;Carpal Tunnel Syndrome (CTS);Cold/Flu;Conjunctivitis;Constipation;Cough;Cramp;Crohns Disease;Cystitis;Dandruff;Decubitis;Dermatitis/Dermatoses;Diarrhea;Diverticulitis;Dysentery;Dysmenorrhea;Dyspepsia/Indigestion;Edema;Emphysema;Fever;Fibromyalgia;Fungus/Mycosis;GERD / Esophageal Reflux;Giardia;Gingivitis;Gout;Halitosis;Hangover;Hayfever;Headache;Heart Attack/Coronary Infarct;Hemorrhoids;Herpes;High Blood Pressure/Hypertension;Hot Flashes;IBD;Incontinence;Infection;Inflammation;Insect Bites / Stings;Insomnia;Intestinal Parasites;Itch;Kidney Stones;Leishmaniasis;Lipoma;Lyme Disease (Chronic);Lyme Disease (Initial);MRSA;Malaria;Melanoma;Menopause;Migraine;Motion Sickness;Multiple Sclerosis;Nausea;Neuropathy;Nightmare;Obesity;Otitis/Earache;Pain;Pneumonia;Poison Ivy;Poison Oak;Poison Sumac;Premenstrual Syndrome/PMS;Raynauds Disease;Rheumatism;Sciatica;Sepsis;Sinusitis;Sore;Sore Throat / Laryngitis / Pharyngitis;Stomatosis;Stress;Sunburn;Syndrome X;Toothache;Tuberculosis;UTI;Ulcer;Vaginitis;Varicose Veins;Viral Infections (Chronic);Wound;Yeast Infection,21
Cinchona sp,Quina,,phytochemical,Cancer,Dr. Duke,,,Antivinous|Baldness|Cancer|Cancer(Tongue)|Dandruff|Stimulant,,,,,,0
Cinnamomum cassia,Cassia,,phytochemical,Cancer,Dr. Duke,,,Ache(Head)|Ache(Stomach)|Amenorrhea|Analgesic|Antiseptic|Aperient|Bactericide|Balsamic|Cancer|Cancer(Womb)|Carminative|Chest|Cold|Cough|Diaphoretic|Diarrhea|Dysmenorrhea|Dyspepsia|Dysuria|Febrifuge|Fever|Fungicide|Hypertension|Lumbago|Nausea|Sore(Throat)|Stimulant|Stomachic|Tonic|Tumor|Uterosis|Viricide,,,,,,0
Cinnamomum laurus,Cinnamon,,phytochemical,Cancer,Dr. Duke,,,Cancer,,,,,,0
Cinnamomum verum,Cinnamon,,phytochemical,Cancer,Dr. Duke,,,Amenorrhea|Antiseptic|Arthritis|Asthma|Astringent|Cancer|Cancer(Uterus)|Carminative|Colic|Cough|Diarrhea|Female|Heart|Kidney|Lumbago|Lung|Phthisis|Psoriasis|Spasm|Spice|Stimulant|Stomachic|Tumor(Abdomen)|Vaginitis|Wart|Wen,,,,,,0
Cissus japonica,Ou Lien Mei,,phytochemical,Cancer,Dr. Duke,,,Cancer,,,,,,0
Citrullus colocynthis,Pikrokolokunthia,,phytochemical,Cancer,Dr. Duke,,,Abortifacient|Amenorrhea|Ascites|Bilious|Cancer|Cathartic|Emmenagogue|Fever|Hydragogue|Jaundice|Leukemia|Parasiticide|Poison|Purgative|Repellant(Insect)|Rheumatism|Tumor(Abdomen)|Urogenital|Vermifuge,,general_toxicity;pregnancy_caution,,,,0
Citrus aurantium,Kuang Chu,,phytochemical,Cancer,Dr. Duke,,,Abdomen|Ache(Head)|Ache(Stomach)|Anodyne|Antidote(Fish)|Antidote(Lobster)|Antidote(Shrimp)|Antifertility|Antiseptic|Apertif|Bactericide|Bubo|Cancer|Cancer(Breast)|Cancer(Stomach)|Carminative|Chest|Congestion|Deobstruent|Depurative|Diarrhea|Dysmenorrhea|Dyspepsia|Dyspnea|Emmenagogue|Expectorant|Fatality|Fever|Flatulence|Freckle|Fungicide|Gall-Bladder|Gas|Heart|Hemostat|Hypertension|Laxative|Liver|Marasmus|Medicine|Megalospleny|Menorrhagia|Mouthwash|Narcotic|Nausea|Nerves|Nervine|Oliguria|Panacea|Pectoral|Pimple|Prolapse|Purgative|Rectocele|Refrigerant|Rib|Scurvy|Sedative|Shampoo|Sore|Spasm|Splenitis|Stimulant|Stomach|Stomachic|Styptic|Sudorific|Tea|Thirst|Thrush|Tonic|Tranquilizer|Urogenital|Uterus|Vermifuge|Wine-Nose,,pregnancy_caution,,,,0
Citrus sinensis,Orange,,phytochemical,Cancer,Dr. Duke,,,Abdomen|Abscess|Ache(Ear)|Ache(Stomach)|Ache(Tooth)|Acne|Anorexia|Antiseptic|Anus|Apertif|Astringent|Bilious|Breast|Cancer|Carminative|Chest|Circulation|Cold|Cough|Diarrhea|Dysentery|Dyspepsia|Expectorant|Fever|Flu|Hematochezia|Infection|Liqueur|Nausea|Nervine|Nypnotic|Perfume|Pneumonia|Prolapse|Puerperium|Sedative|Spasm|Spleen|Stimulant|Stomachic|Sudorific|Thrush|Tonic|Tumor|Uterus|Vermifuge|Water,,,,,,0
Clematis crispa,Leather Flower,,phytochemical,Cancer,Dr. Duke,,,Cancer,,,,,,0
Clematis flammula,Virgin'S Bower,,phytochemical,Cancer,Dr. Duke,,,Cancer|Rubefacient,,,,,,0
Clematis integrifolia,Vegnete,,phytochemical,Cancer,Dr. Duke,,,Cancer,,,,,,0
Clematis ligustifolia,Virgin'S Bower,,phytochemical,Cancer,Dr. Duke,,,Cancer,,,,,,0
Clematis mauritania,Liana Arabiga,,phytochemical,Cancer,Dr. Duke,,,Cancer,,,,,,0
Clematis recta,"Virgin'S Bower, Upright",,phytochemical,Cancer,Dr. Duke,,,Cancer,,,,,,0
Clematis viorna,Leatherflower,,phytochemical,Cancer,Dr. Duke,,,Cancer,,,,,,0
Clematis virginiana,Virgin'S Bower,,phytochemical,Cancer,Dr. Duke,,,Cancer,,,,,,0
Clematis vitalba,Herbe Aux Gueux,,phytochemical,Cancer,Dr. Duke,,,Blood|Cancer|Diuretic|Kidney|Poison|Purgative|Rubefacient|Scrofula|Sudorific|Vesicant,,general_toxicity,,,,0
Cnicus benedictus,Blessed Thistle,,phytochemical,Cancer,Dr. Duke,,,Apertif|Cancer|Catarrh|Cholagogue|Contraceptive|Depurative|Diaphoretic|Diuretic|Dyspepsia|Emetic|Emmenagogue|Fever|Hemostat|Homeopathy|Hysteria|Inflammation|Intestine|Intoxicant|Liver|Lung|Medicine|Respiratory|Scrofula|Stomach|Stomachic|Sudorific|Tonic|Tumor(Spleen)|Vermifuge,,general_toxicity;pregnancy_caution,,,,0
Codonocarpus cotinifolius,Maroon,,phytochemical,Cancer,Dr. Duke,,,Cancer,,,,,,0
Coix lacryma-jobi,,,phytochemical,Cancer,Dr. Duke,,,Abscess|Ache(Head)|Anodyne|Anthrax|Antiphlogistic|Appendicitis|Arthritis|Beri-Beri|Bladder|Blood|Bronchitis|Cancer|Cancer(Cervix)|Cancer(Intestine)|Cancer(Lung)|Cancer(Stomach)|Catarrh|Cathartic|Coffee|Demulcent|Depurative|Diabetes|Diarrhea|Diuretic|Dysentery|Dysuria|Edema|Fever|Goiter|Halitosis|Hydrothorax|Intoxicant|Liqueur|Litholytic|Lung|Medicine|Newborn|Pectoral|Phthisis|Pleurisy|Pneumonia|Puerperium|Refrigerant|Rheumatism|Smallpox|Stimulant|Stomach|Tea|Tenesmus|Thirst|Tonic|Urogenital|Vermifuge|Wart,,general_toxicity,,,,0
Commicarpus scandens,Chiriqara,,phytochemical,Cancer,Dr. Duke,,,Cancer|Diuretic|Sore|Spasm|Venereal|Wound,,,,,,0
Commiphora africana,Bdellium,,phytochemical,Cancer,Dr. Duke,,,Cancer|Medicine,,,,,,0
Comptonia peregrina,Sweetfern,,phytochemical,Cancer,Dr. Duke,,,Ache(Tooth)|Astringent|Cancer|Colic|Debility|Diarrhea|Fever|Flux|Medicine|Poison-Ivy|Rheumatism,,general_toxicity,,,,0
Conium maculatum,Hemlock,,phytochemical,Cancer,Dr. Duke,,,Anodyne|Antispasmodic|Aphrodisiac|Asthma|CNS sedative|Cancer|Cancer(Breast)|Chorea|Delirium|Fatality|Nervine|Paralysis|Poison|Sclerosis(Glands)|Sedative|Spasm|Tetanus|Tumor|Tumor(Breast)|Tumor(Scrotum)|Wen,,general_toxicity,,,,0
Conium sp,,,phytochemical,Cancer,Dr. Duke,,,Cancer,,,,,,0
Amorphophallus konjak,Jo T'Ou,,phytochemical,Cancer,Dr. Duke,,,Cancer|Lupus|Poison|Rodent-Ulcer|Sialogogue|Sore|Thirst,,general_toxicity,,,,0
Conopholis americana,Squawroot,,phytochemical,Cancer,Dr. Duke,,,Cancer,,,,,,0
Convolvulus arvensis,Withywind,,phytochemical,Cancer,Dr. Duke,,,Cancer|Cathartic|Cholagogue|Corn|Fever|Laxative|Purgative|Vulnerary,,,,,,0
Convolvulus scammonia,Scammony,,phytochemical,Cancer,Dr. Duke,,,Anasarca|Cancer|Cathartic|Dropsy|Hydragogue|Poison,,general_toxicity,,,,0
Convolvulus sepium,"Bindweed,Great",,phytochemical,Cancer,Dr. Duke,,,Alterative|Cancer|Cholagogue|Laxative|Tonic,,,,,,0
Coptis sp,,,phytochemical,Cancer,Dr. Duke,,,Cancer,,,,,,0
Corchoropsis crenata,T'Ien Ma,,phytochemical,Cancer,Dr. Duke,,,Cancer,,,,,,0
Cornus officinalis,,,phytochemical,Cancer,Dr. Duke,,,Allergy|Astringent|Bactericide|Cancer|Diuretic|Emission|Hemostatic|Hepatitis|Hypertension|Impotency|Litholytic|Lumbago|Malaria|Menorrhagia|Night-Sweat|Nutrient|Polyuria|Regeneration|Spermatorrhea|Tinnitus|Tonic|Urogenital|Vermifuge|Vertigo|Vitality,,,,,,0
Coronopus didymus,,,phytochemical,Cancer,Dr. Duke,,,Cancer|Digestive|Expectorant|Malaria|Scurvy|Vulnerary|Wart,,,,,,0
Corydalis bulbosa,,,phytochemical,Cancer,Dr. Duke,,,Anodyne|CNS depressant|Cancer|Cardiotonic|Chest|Cholecystitis|Circulation|Contusion|Convulsion|Dysmenorrhea|Hypertension|Pain|Sedative|Tranquilizer,,,,,,0
Costus spicatus,,,phytochemical,Cancer,Dr. Duke,,,Cancer|Carminative|Congestion|Diuretic|Inappetence|Liver|Rheumatism,,,,,,0
Crassocephalum subscandens,,,phytochemical,Cancer,Dr. Duke,,,Cancer,,,,,,0
Crassula rubicunda,,,phytochemical,Cancer,Dr. Duke,,,Cancer|Charm,,,,,,0
Crepis sp,Hu Huang Lien,,phytochemical,Cancer,Dr. Duke,,,Cancer|Sore,,,,,,0
Crocus orientalis,,,phytochemical,Cancer,Dr. Duke,,,Cancer,,,,,,0
Crocus sativus,Saffron,,phytochemical,Cancer,Dr. Duke,,,Abortifacient|Anodyne|Antiseptic|Antispasmodic|Aphrodisiac|Balsamic|Blood|Cancer|Cardiotonic|Carminative|Cataplasm|Catarrh|Cold|Depression|Diaphoretic|Emmenagogue|Expectorant|Fatality|Fear|Fever|Fright|Gastrotonic|Hepatitis|Hepatomegaly|Hysteria|Measles|Megalospleny|Melancholy|Menoxenia|Narcotic|Nervine|Poison|Puerperium|Resolvent|Sclerosis|Sedative|Shock|Skin|Spasm|Spice|Stimulant|Stomachic|Sudorific|Tumor(Abdomen),,general_toxicity;pregnancy_caution,,,,0
Crotalaria sessiliflora,,,phytochemical,Cancer,Dr. Duke,,,Cancer|Skin,,,,,,0
Croton morifolius,,,phytochemical,Cancer,Dr. Duke,,,Ache(Ear)|Ache(Stomach)|Anodyne|Cancer|Cancer(Stomach)|Gastritis|Neuralgia|Purgative,,,,,,0
Croton tiglium,Pa Tou,,phytochemical,Cancer,Dr. Duke,,,Abortive|Ache(Tooth)|Antidote(Drug)|Apoplexy|Arrow-poison|Cancer|Cancer(Stomach)|Carbuncle|Cathartic|Cold|Colic|Diaphoretic|Diarrhea|Dysentery|Emetic|Emmenagogue|Fever|Flux|Homicide|Paralysis|Piscicide|Poison|Purgative|Ranula|Rubefacient|Schistosomiasis|Skin|Sore|Throat|Vesicant,,general_toxicity;pregnancy_caution,,,,0
Cucumis sativus,Cucumber,,phytochemical,Cancer,Dr. Duke,,,Ache(Head)|Burn|Cancer|Demulcent|Diuretic|Dysentery|Dyspepsia|Emetic|Pneumonia|Refrigerant|Scald|Skin|Sprue|Swelling|Taenifuge|Tonic|Vermifuge|Wound,,,,,,0
Cucurbita maxima,Abobora Menina,,phytochemical,Cancer,Dr. Duke,,,Boil|Breast|Burn|Cancer|Carbuncle|Cataplasm|Chest|Diuretic|Fever|Inflammation|Nervine|Poultice|Rash|Refrigerant|Taenicide|Teething|Tonic|Tumor|Vermifuge|Wart,,,,,,0
Cudrania javanensis,Kae Lae,,phytochemical,Cancer,Dr. Duke,,,Cancer|Fever|Pregnancy,,,,,,0
Cuphea aequipetala,Yerba Del Cancer,,phytochemical,Cancer,Dr. Duke,,,Bruise|Cancer|Parturition|Tumor|Vulnerary|Wound,,,,,,0
Curcuma aromatica,,,phytochemical,Cancer,Dr. Duke,,,Bactericide|Balsamic|Bruise|Cancer|Candida|Carminative|Cholagogue|Fungicide|Sprain|Stimulant|Stomachic|Tonic,,,,,,0
Curcuma domestica,Turmeric,,phytochemical,Cancer,Dr. Duke,,,Ache(Stomach)|Ache(Tooth)|Alterative|Anodyne|Anthrax|Antidote(Arsenic)|Antidote(Worms)|Antiseptic|Anus|Apertif|Arthritis|Asthma|Atrophy|Bite(Insect)|Blindness|Bronchitis|Bruise|Cancer|Cancer(Nose)|Carbuncle|Carminative|Chest|Chill|Cholagogue|Cholagogueue|Cholera|Circulation|Cold|Colic|Coloring|Congestion|Conjunctivitis|Convulsion|Cough|Deobstruent|Depurative|Dermatitis|Diuretic|Dyspepsia|Emetic|Epilepsy|Eye|Fever|Fistula|Gall|Gargle|Hematemesis|Hematuria|Hemoptysis|Hemorrhage|Hemostat|Hepatitis|Hypotherbia|Hysteria|Inflammation|Itch|Jaundice|Lactogogue|Liver|Lockjaw|Malaria|Mania|Menoxenia|Navel|Nose|Ophthalmia|Parasiticide|Parturition|Perspiration|Pimple|Polyp|Poultice|Prolapse|Puerperium|Rash|Rhagades|Rheumatism|Ringworm|Scabies|Skin|Slurring|Sore|Spasm|Spice|Splenitis|Sprain|Stimulant|Stomachic|Syphilis|Syphilis(1)|Tonic|Tuberculosis|Tumor(Abdomen)|Urticaria|Vermifuge|Vision|Vulnerary|Wound|Yaws,,,,,,0
Cuscuta chinensis,,,phytochemical,Cancer,Dr. Duke,,,Anasarca|Cancer|Dropsy|Emission|Enuresis|Fracture|Hypogonadism|Impotency|Lumbago|Neurasthenia|Notalgia|Polyuria|Pregnancy|Prostatitis|Rinderpest|Spermatorrhea|Vertigo,,,,,,0
Cuscuta europaea,,,phytochemical,Cancer,Dr. Duke,,,Alterative|Anodyne|Aperient|Apertif|Aphrodisiac|Cancer|Carminative|Demulcent|Depurative|Diuretic|Liver|Scurvy|Sudorific|Tonic,,,,,,0
Cuscuta reflexa,,,phytochemical,Cancer,Dr. Duke,,,Ache(Stomach)|Alterative|Cancer|Depurative|Itch|Pediculicide|Sore,,,,,,0
Cynara scolymus,Artichoke,,phytochemical,Cancer,Dr. Duke,,,Calculus|Cancer|Cholagogue|Cystitis|Diabetes|Diuretic|Dropsy|Hydropsy|Hypertension|Liver|Rheumatism|Tonic|Uremia,,,,,,0
Cynoglossum officinale,Hound'S Tongue,,phytochemical,Cancer,Dr. Duke,,,Anodyne|Astringent|Bronchitis|Cancer|Cancer(Face)|Demulcent|Emollient|Hemostat|Neuralgia|Poison|Sedative|Spasm|Tumor|Wart,,general_toxicity,,,,0
Cyperus esculentus,Hsiang Fu,,phytochemical,Cancer,Dr. Duke,,,Abscess|Anodyne|Aphrodisiac|Astringent|Boil|CNS sedative|CNS tonic|Cancer|Coffee|Cold|Colic|Diaphoretic|Diuretic|Dysuria|Emmenagogue|Emollient|Excitant|Felon|Flux|Lactagogue|Pectoral|Puerperium|Refrigerant|Rhinosis|Root|Rope|Sedative|Sore|Stimulant|Stomachic|Sweetener|Tonic,,pregnancy_caution,,,,0
Daemonorops draco,Dragon'S Blood,,phytochemical,Cancer,Dr. Duke,,,Astringent|Cancer|Cancer(Uterus)|Cicatrizant|Dentifrice|Diarrhea|Dysentery|Enterorrhagia|Eye|Hemostat|Sore|Stimulant|Styptic,,,,,,0
Daphne genkwa,,,phytochemical,Cancer,Dr. Duke,,,Anthelminthic|Antidote(Mushroom)|Antiphlogistic|Antitussive|Ascites|Bruise|Bubo|Cancer|Cough|Decoagulant|Diuretic|Edema|Favus|Fever|Malaria|Piscicide|Poison|Purgative|Skin|Sore|Tonic|Trauma|Uterus|Vesicant|Wound,,general_toxicity,,,,0
Datura fastuosa,Thorn Apple,,phytochemical,Cancer,Dr. Duke,,,Asthma|Cancer|Fertility|Fumitory|Hallucinogen|Narcotic|Puberty|Spasm|Tumor,,,,,,0
Daucus carota,Carot,,phytochemical,Cancer,Dr. Duke,,,Abortifacient|Ache(Foot)|Antiseptic|Aperient|Apertif|Aphrodisiac|Bladder|Blood|Bruise|Cancer|Cancer(Breast)|Carminative|Chest|Coffee|Colic|Cough|Deobstruent|Diarrhea|Diuretic|Dropsy|Dysentery|Intestine|Kidney|Leukemia|Liver|Malaria|Nervine|Psychedelic|Rejuvenation|Sore|Stimulant|Stomach|Stomachic|Stone|Tonic|Tumor|Uterus|Vermifuge,,pregnancy_caution,,,,0
Dianthus scaber,Wild Pink,,phytochemical,Cancer,Dr. Duke,,,Cancer,,,,,,0
Diospyros sp,Persimmon,,phytochemical,Cancer,Dr. Duke,,,Cancer,,,,,,0
Diphysa robinioides,Guachipilin,,phytochemical,Cancer,Dr. Duke,,,Cancer|Medicine,,,,,,0
Dipsacus japonicus,,,phytochemical,Cancer,Dr. Duke,,,Abortifacient|Ache(Back)|Arthralgia|Breast|Cancer|Cancer(Breast)|Circulation|Dysmenorrhea|Ejaculation|Fracture|Hemorrhagia|Kidney|Lactogogue|Liver|Piles|Polyuria|Preventitive(Abortifacient)|Rheumatism|Tendon|Trauma|Tumor|Wound,,pregnancy_caution,,,,0
Dorema ammoniacum,Ammoniak,,phytochemical,Cancer,Dr. Duke,,,Antiseptic|Asthma|Bronchitis|Cancer|Carminative|Catarrh|Diuretic|Expectorant|Hepatitis|Incense|Spasm|Splenitis|Stimulant,,,,,,0
Dracunculus vulgaris,Dragon,,phytochemical,Cancer,Dr. Duke,,,Cancer|Cancer(Nose)|Parasiticide(Veterinary)|Skin(Veterinary),,,,,,0
Drimys winteri,Winter'Sbark,,phytochemical,Cancer,Dr. Duke,,,Ache(Tooth)|Apertif|Astringent|Balsamic|Cancer|Carminative|Dysentery|Gastric|Gastritis|Scurvy|Stimulant|Stomachic|Tonic,,,,,,0
Drosera rotundifolia,Ros Solis,,phytochemical,Cancer,Dr. Duke,,,Antitussive|Asthma|Astringent|Bronchitis|Bunion|Cancer|Corn|Demulcent|Diuretic|Expectorant|Inflammation|Pectoral|Pertussis|Philter|Sedative|Spasm|Sudorific|Wart,,,,,,0
Dysosma chengii,,,phytochemical,Cancer,Dr. Duke,,,Bite(Snake)|Cancer,,,,,,0
Ecballium elaterium,"Cucumber,Squirting",,phytochemical,Cancer,Dr. Duke,,,Cancer|Cathartic|Dropsy|Nephritis|Poison|Purgative,,general_toxicity,,,,0
Egletes viscosa,Boton De Cancer,,phytochemical,Cancer,Dr. Duke,,,Cancer,,,,,,0
Elaeagnus sp,Oleaster,,phytochemical,Cancer,Dr. Duke,,,Cancer,,,,,,0
Elettaria cardamomum,,,phytochemical,Cancer,Dr. Duke,,,Ague|Alcoholism|Antidote|Apertif|Asthma|Balsamic|Bronchitis|Cancer|Carminative|Catarrh|Cough|Debility|Diuretic|Dysmenorrhea|Dyspepsia|Enuresis|Flux|Gastralgia|Halitosis|Hyperacidity|Intoxication|Liqueur|Lung|Malaria|Nausea|Opacity|Phthisis|Pyrosis|Spasm|Spermatorrhea|Stimulant|Stomachic|Tuberculosis|Tumor(Abdomen)|Tumor(Uterus)|Urogenital,,general_toxicity,,,,0
Epifagus virginiana,Cancerroot,,phytochemical,Cancer,Dr. Duke,,,Cancer,,,,,,0
Equisetum hyemale,Shavegrass,,phytochemical,Cancer,Dr. Duke,,,Antidote(Copper)|Astringent|Cancer|Diuretic|Epiphora|Flux|Hemorrhage|Hemostat|Leucorrhea|Lung|Menorrhagia|Ophthalmia|Prolapse|Rectum|Sore|Tuberculosis|Uterus|Wound,,,,,,0
Eriobotrya japonica,Loquat,,phytochemical,Cancer,Dr. Duke,,,Ache(Stomach)|Antitussive|Cancer|Chafe|Coryza|Cough|Cyanogenetic|Depression|Diarrhea|Epistaxis|Expectorant|Hemoptysis|Nausea|Pertussis|Refrigerant|Sedative|Smallpox|Sore|Stomachic|Swelling|Thirst|Wine-Nose,,,,,,0
Erodium moschatum,Almizclera,,phytochemical,Cancer,Dr. Duke,,,Cancer|Diaphoretic|Dysentery|Fever|Stimulant,,,,,,0
Eryngium paniculatum,,,phytochemical,Cancer,Dr. Duke,,,Cancer,,,,,,0
Erythrina fusca,,,phytochemical,Cancer,Dr. Duke,,,Beriberi|Cancer|Wound,,,,,,0
Erythrina indica,,,phytochemical,Cancer,Dr. Duke,,,Abscess|Analgesic|Arthritis|Asthma|Cancer|Colic|Dysmenorrhea|Emmenagogue|Hematochezia|Hypnotic|Hysteria|Lactagogue|Narcotic|Neuralgia|Pertussis|Rheumatism|Sedative,,pregnancy_caution,,,,0
Erythrina variegata,,,phytochemical,Cancer,Dr. Duke,,,Abscess|Ache(Ear)|Ache(Stomach)|Ache(Tooth)|Anodyne|Asthma|Astringent|Bilious|Bite(Snake)|Bubo|Cancer|Cold|Convulsion|Cough|Depressant|Diuretic|Dysentery|Emmenagogue|Eye|Female|Fever|Hematemesis|Lactagogue|Lactogogue|Laxative|Medicine|Menorrhagia|Ophthalmia|Paralysis|Pimple|Poison|Sore|Venereal|Vermifuge,,general_toxicity;pregnancy_caution,,,,0
Erythronium americanum,Adder Leaf,,phytochemical,Cancer,Dr. Duke,,,Antiscrofulous|Boil|Cancer|Diuretic|Emetic|Emollient|Poultice|Scrofula|Tumor|Ulcer,,,,,,0
Eucalyptus globulus,,,phytochemical,Cancer,Dr. Duke,,,Anodyne|Antimalaria|Antiperiodic|Antiseptic|Arthritis|Asthma|Astringent|Bitter-Principle|Boil|Bronchitis|Burn|Cancer|Catarrh|Cold|Cough|Deodorant|Diabetes|Diaphoretic|Diphtheria|Dysentery|Expectorant|Febrifuge|Fever|Flu|Hemostat|Inflammation|Inhalant|Laryngitis|Malaria|Miasma|Phthisis|Purgative|Repellant(Insect)|Respiratory|Rhinitis|Sore|Spasm|Stimulant|Suppurative|Throat|Tuberculosis|Tumor(Breast)|Vermifuge|Wound,,,,,,0
Euchresta japonica,,,phytochemical,Cancer,Dr. Duke,,,Ache(Tooth)|Alexiteric|Antidote|Antiphlogistic|Cancer|Cancer(Cervix)|Caries|Fever|Sore(Throat),,,,,,0
Eucommia ulmoides,,,phytochemical,Cancer,Dr. Duke,,,Analgesic|Arthritis|Cancer|Depurative|Diuretic|Hypertension|Impotency|Kidney|Liver|Lumbago|Notalgia|Perspiration|Polyuria|Pregnancy|Preventitive(Pile)|Puerperium|Sedative|Sore(Neck)|Tonic,,,,,,0
Eupatorium sp,Marmaquilla,,phytochemical,Cancer,Dr. Duke,,,Anodyne|Antidote|Cancer|Circulation|Cold|Debility|Diuretic|Hair-Tonic|Pregnancy|Restorative|Rheumatism|Vermifuge,,,,,,0
Euphorbia amygdaloides,,,phytochemical,Cancer,Dr. Duke,,,Cancer|Discutient|Poison|Rheumatism|Wart,,general_toxicity,,,,0
Euphorbia bupleurifolia,,,phytochemical,Cancer,Dr. Duke,,,Cancer,,,,,,0
Euphorbia candelabrum,,,phytochemical,Cancer,Dr. Duke,,,Cancer|Poison(Arrow)|Tumor(Eye),,general_toxicity,,,,0
Euphorbia gorgonis,Slanggif,,phytochemical,Cancer,Dr. Duke,,,Cancer,,,,,,0
Euphorbia grandidens,,,phytochemical,Cancer,Dr. Duke,,,Cancer,,,,,,0
Euphorbia helioscopia,"Turnsole,Small",,phytochemical,Cancer,Dr. Duke,,,Anasarca|Cancer|Cathartic|Cholera|Dropsy|Fever|Leukemia|Lymphoma|Malaria|Neuralgia|Piscicide|Poison|Purgative|Rheumatism|Vermifuge|Vesicant|Wart,,general_toxicity,,,,0
Euphorbia hypericifolia,Milkweed,,phytochemical,Cancer,Dr. Duke,,,Cancer|Corn|Diarrhea|Leucorrhea|Sclerosis(Cornea)|Stomatitis|Tumor|Uteralgia|Wart,,,,,,0
Euphorbia insulana,Avellos,,phytochemical,Cancer,Dr. Duke,,,Cancer|Epithelioma,,,,,,0
Euphorbia officinarum,Diacridium,,phytochemical,Cancer,Dr. Duke,,,Cancer|Emetic|Fungoid|Poison|Purgative,,general_toxicity,,,,0
Euphorbia peplus,Chickweed,,phytochemical,Cancer,Dr. Duke,,,Cancer|Cancer(Uterus)|Corn|Cyanogenetic|Wart,,,,,,0
Euphorbia pugniformis,In-Kamamasane,,phytochemical,Cancer,Dr. Duke,,,Cancer,,,,,,0
Euphorbia sp,Memeya Quauhnahuacense,,phytochemical,Cancer,Dr. Duke,,,Aphrodisiac|Ascites|Bronchitis|Cancer|Cancer(Skin)|Contraceptive|Corn|Dropsy|Dysentery|Enteritis|Hemostat|Nephritis|Tumor|Wart,,,,,,0
Euphorbia verrucosa,Anabula,,phytochemical,Cancer,Dr. Duke,,,Cancer,,,,,,0
Excoecaria agallocha,"Mangrove,Milky",,phytochemical,Cancer,Dr. Duke,,,Abortifacient|Arrow-poison|Cancer|Dermatosis|Leprosy|Paralysis|Piscicide|Purgative|Rheumatism|Skin|Sore|Tumor,,general_toxicity;pregnancy_caution,,,,0
Ferula galbaniflua,Galbanum,,phytochemical,Cancer,Dr. Duke,,,Antispasmodic|Cancer|Carminative|Expectorant|Inflammation|Spasm|Stimulant|Swelling|Uterotonic,,pregnancy_caution,,,,0
Ferula scowitziana,Sagapenum,,phytochemical,Cancer,Dr. Duke,,,Cancer,,,,,,0
Ferula tingitana,Ammoniak,,phytochemical,Cancer,Dr. Duke,,,Cancer,,,,,,0
Ficus asperifolia,,,phytochemical,Cancer,Dr. Duke,,,Abortifacient|Ache(Head)|Antidote|Cancer|Colic|Conjunctivitis|Emmenagogue|Eye|Fever|Gonorrhea|Intestine|Megalospleny|Piles|Poultice|Ringworm|Sore|Stomach|Tonic|Tumor|Urogenital,,pregnancy_caution,,,,0
Ficus carica,Fig,,phytochemical,Cancer,Dr. Duke,,,Abscess|Aperient|Asthma|Cancer|Corn|Cough|Demulcent|Digestive|Disinfectant|Diuretic|Emollient|Expectorant|Flu|Fumigant|Gingivitis|Laxative|Measles|Pectoral|Pertussis|Pimple|Rennet|Restorative|Scrofula|Sore(Throat)|Stomatitis|Tumor|Tumor(Abdomen)|Tumor(Uterus)|Vermifuge|Wart,,,,,,0
Ficus glomerata,Gular,,phytochemical,Cancer,Dr. Duke,,,Ache(Back)|Ache(Tooth)|Anorectic|Antidote(Datura)|Astringent|Bilious|Cancer|Carminative|Cholera|Diarrhea|Dysentery|Expectorant|Fumitory|Piles|Stomachic|Wound,,,,,,0
Ficus infectoria,Attie Puttay,,phytochemical,Cancer,Dr. Duke,,,Cancer,,,,,,0
Ficus pumila,,,phytochemical,Cancer,Dr. Duke,,,Anodyne|Cancer|Carbuncle|Detoxicant|Diuretic|Fever|Gonorrhea|Heart|Hernia|Lactogogue|Parasiticide|Skin|Spermatorrhea|Testicle|Thirst|Tuberculosis|Virility,,general_toxicity,,,,0
Ficus racemosa,"Fig,Country",,phytochemical,Cancer,Dr. Duke,,,Adenopathy|Boil|Cancer|Epididymitis|Hydrocoele|Lactogogue|Menorrhagia|Myalgia|Orchitis|Scabies|Smallpox|Spermatorrhea,,,,,,0
Ficus stipulata,,,phytochemical,Cancer,Dr. Duke,,,Cancer|Piles|Sore,,,,,,0
Filago germanica,Ruercruydt,,phytochemical,Cancer,Dr. Duke,,,Cancer,,,,,,0
Filipendula ulmaria,Meadowsweet,,phytochemical,Cancer,Dr. Duke,,,Antacid|Astringent|Cancer|Depurative|Diuretic|Fever|Laxative|Nervine|Rheumatism|Sedative|Sudorific,,,,,,0
Foeniculum vulgare,Fennel,,phytochemical,Cancer,Dr. Duke,,,Abdomen|Abortifacient|Ache(Back)|Ache(Stomach)|Ache(Tooth)|Aerophagia|Amenorrhea|Anodyne|Aphrodisiac|Balsamic|Bite(Snake)|Cancer|Cancer(Uterus)|Cardiotonic|Carminative|Chest|Cholera|Colic|Dermatosis|Diaphoretic|Digestive|Diuretic|Dysmenorrhea|Dyspepsia|Emmenagogue|Energy|Enteritis|Enuresis|Expectorant|Flux|Gas|Gastralgia|Gastritis|Gonorrhea|Hepatosis|Hernia|Kidney|Lactagogue|Lactogogue|Nausea|Nerves|Parasiticide|Parturition|Pectoral|Respiratory|Restorative|Rheumatism|Sore|Spasm|Spice|Spleen|Stimulant|Stomachic|Strangury|Tenesmus|Tonic|Tumor|Vermicide|Virility|Vision,,pregnancy_caution,,,,0
Fragaria sp,Strawberry,,phytochemical,Cancer,Dr. Duke,,,Cancer,,,,,,0
Fragaria vesca,Fraises,,phytochemical,Cancer,Dr. Duke,,,Alterative|Astringent|Bladder|Blennorrhagia|Blood|Calculus|Cancer|Coffee|Depurative|Diabetes|Diarrhea|Discutient|Diuretic|Gravel|Hypertension|Laxative|Refrigerant|Renitis|Sore(Throat)|Stone|Tea|Tuberculosis|Tumor|Urogenital,,,,,,0
Fraxinus americana,"Ash,White",,phytochemical,Cancer,Dr. Duke,,,Apertif|Aphrodisiac|Astringent|Bite(Snake)|Cancer|Diuretic|Medicine|Poultice|Puerperium|Sore|Sudorific|Tonic,,,,,,0
Fritillaria meleagris,,,phytochemical,Cancer,Dr. Duke,,,Cancer|Poison,,general_toxicity,,,,0
Fritillaria roylei,Pei Mu,,phytochemical,Cancer,Dr. Duke,,,Abscess|Antidote(Scorpion)|Antidote(Spider)|Asthma|Bite(Snake)|Cancer|Cough|Dysuria|Expectorant|Eye|Fever|Hemorrhage|Labor|Lactogogue|Marrow|Poison|Rheumatism|Syphilis|Tuberculosis|Viscera,,general_toxicity,,,,0
Funkia subcordata,Yu Tsan,,phytochemical,Cancer,Dr. Duke,,,Abscess|Ache(Tooth)|Anodyne|Antidote(Cantharid)|Bite(Bug)|Cancer|Cancer(Breast)|Fish-Bones|Fracture|Heart|Poison|Sore,,general_toxicity,,,,0
Athamanta officinale,Galbanum,,phytochemical,Cancer,Dr. Duke,,,Cancer,,,,,,0
Galeopsis tetrahit,Doove Netelen,,phytochemical,Cancer,Dr. Duke,,,Asthma|Blood|Bronchitis|Cancer|Diuretic|Expectorant|Lung|Resolvent|Spasm|Tuberculosis,,,,,,0
Galium aparine,Cleavers Goosegrass,,phytochemical,Cancer,Dr. Duke,,,Alterative|Aperient|Apertif|Astringent|Cancer|Depurative|Diuretic|Febrifuge|Fever|Hemostat|Hepatoma|Hypertension|Intestine|Jaundice|Leukemia|Ma|Medicine|Obesity|Parasite|Refrigerant|Rennet|Scurvy|Sudorific|Tonic|Tumor(Breast),,,,,,0
Galium cruciata,Crosswort,,phytochemical,Cancer,Dr. Duke,,,Cancer,,,,,,0
Galium gracile,,,phytochemical,Cancer,Dr. Duke,,,Abscess|Alexiteric|Anodyne|Boil|Cancer|Diuretic|Dysentery|Fever|Gonorrhea|Marasmus|Swelling|Tumor,,,,,,0
Galium verum,Caille Lait,,phytochemical,Cancer,Dr. Duke,,,Alterative|Aperient|Aphrodisiac|Astringent|Calmative|Cancer|Depurative|Diuretic|Epilepsy|Gravel|Hemostat|Hysteria|Pectoral|Purgative|Rennet|Spasm|Stone|Sudorific|Tonic|Tumor(Breast)|Tumor(Ganglia)|Urethra|Urogenital,,,,,,0
Garcinia hanburyi,,,phytochemical,Cancer,Dr. Duke,,,Cancer|Emetic|Poison|Purgative|Vermifuge,,general_toxicity,,,,0
Garcinia morella,T'Eng Huang,,phytochemical,Cancer,Dr. Duke,,,Abortifacient|Bactericide|Cancer|Cathartic|Dropsy|Odontectomy|Purgative|Sore|Stimulant|Vermifuge,,pregnancy_caution,,,,0
Gelonium multiflorum,,,phytochemical,Cancer,Dr. Duke,,,Cancer|Gum|Hepatitis|Hepatosis,,,,,,0
Genista tinctoria,Genista,,phytochemical,Cancer,Dr. Duke,,,Cancer|Diuretic|Emetic|Home-Remedy|Laxative|Purgative|Sudorific|Wen,,,,,,0
Gentiana lutea,Gentian,,phytochemical,Cancer,Dr. Duke,,,Apertif|Blood|Cancer|Gastric-Juice|Stimulant|Stomachic|Tonic,,,,,,0
Gentiana triflora,,,phytochemical,Cancer,Dr. Duke,,,Ache(Stomach)|Apertif|Arthritis|Bitter-Principle|Cancer|Diarrhea|Dyspepsia|Gastritis|Heartburn|Inflammation|Nausea|Rheumatism|Sore|Stomachic|Wound,,,,,,0
Geranium maculatum,Cranesbill,,phytochemical,Cancer,Dr. Duke,,,Astringent|Cancer|Cholera|Diarrhea|Diuretic|Dysentery|Enterorrhagia|Hemostat|Medicine|Plague|Poultice|Sore(Throat)|Styptic|Swelling|Tonic|Vulnerary|Wound,,,,,,0
Geranium pratense,Dove Foote,,phytochemical,Cancer,Dr. Duke,,,Cancer,,,,,,0
Geranium robertianum,Fortchete Do Diale,,phytochemical,Cancer,Dr. Duke,,,Astringent|Cancer|Cancer(Prostate)|Diabetes|Diarrhea|Diuretic|Gargle|Hematochezia|Hemostat|Plague|Sore|Sore(Throat)|Throat|Tonic|Tumor|Vulnerary|Vulnerary(Veterinary),,,,,,0
Geum avens,Avens,,phytochemical,Cancer,Dr. Duke,,,Cancer,,,,,,0
Geum rivale,Herb Robert,,phytochemical,Cancer,Dr. Duke,,,Ague|Antiseptic|Astringent|Cancer|Debility|Digestive|Dysentery|Dysmenorrhea|Dyspepsia|Fever|Hemorrhage|Internulcer|Stomachic|Tonic|Vermifuge,,,,,,0
Ginkgo biloba,Yin Kuo,,phytochemical,Cancer,Dr. Duke,,,Antitussive|Antivinous|Asthma|Astringent|Bactericide|Bladder|Blennorrhea|Bronchitis|Cancer|Corn|Cosmetic|Cough|Detergent|Digestive|Dyspepsia|Dysuria|Expectorant|Flux|Gonorrhea|Intoxicant|Leucorrhea|Lung|Metrorrhagia|Quackery|Sedative|Tranquilizer|Tuberculosis|Uterus|Vasodilator|Vermifuge|Vesicant|Wet-Dream|Wound,,general_toxicity,,,,0
Gloriosa superba,Dorng Dueng,,phytochemical,Cancer,Dr. Duke,,,Abortifacient|Alterative|Anodyne|Bactericide|Bile|Bite(Snake)|Cancer|Canicide|Cholagogue|Colic|Erysipelas|Gonorrhea|Homicide|Labor|Laxative|Leprosy|Malaria|Mitogen|Neuralgia|Parasite|Parasiticide|Parturition|Pediculicide|Piles|Poison|Scabies|Skin|Sore|Splenitis|Stomachic|Suicide|Syphilis|Tonic|Tumor|Vermifuge|Vermifuge(Veterinary),,general_toxicity;pregnancy_caution,,,,0
Glycyrrhiza sp,,,phytochemical,Cancer,Dr. Duke,,,Abscess|Anodyne|Cancer|Diarrhea|Energy|Expectorant|Gastritis|Nausea|Sore(Throat)|Splenitis|Thirst,,,,,,0
Gnaphalium conoideum,Gordolobo,,phytochemical,Cancer,Dr. Duke,,,Bronchitis|Cancer|Emollient|Pectoral|Sore(Throat),,,,,,0
Goodyera pubescens,Cancerweed,,phytochemical,Cancer,Dr. Duke,,,Cancer|Scofula,,,,,,0
Gossypium barbadense,Sea-Island Cotton,,phytochemical,Cancer,Dr. Duke,,,Abortifacient|Ache(Head)|Brain|Cancer|Demulcent|Dysentery|Emmenagogue|Emollient|Expectorant|Lactagogue|Lactogogue|Laxative|Malaria|Nervine|Soap|Tumor(Lymphatic)|Vulnerary,,pregnancy_caution,,,,0
Gossypium sp,Cotton,,phytochemical,Cancer,Dr. Duke,,,Abortifacient|Ache(Head)|Aphrodisiac|Astringent|Bite(Bat)|Cancer|Dysentery|Ecbolic|Emmenagogue|Expectorant|Laxative|Nervine|Parturition|Pectoral|Poison|Rejuvenation|Rheumatism|Shampoo|Throat|Tumor(Abdomen)|Wart,,general_toxicity;pregnancy_caution,,,,0
Haematoxylum campechianum,,,phytochemical,Cancer,Dr. Duke,,,Amenorrhea|Anodyne|Antiseptic|Astringent|Bactericide|Bedsore|Cancer|Circulation|Decoagulant|Depurative|Diarrhea|Dysentery|Dyspepsia|Gangrene|Hematochezia|Hemostat|Leucorrhea|Puerperium|Sore|Swelling|Tonic|Trauma,,,,,,0
Hamamelis virginiana,Hamamelis,,phytochemical,Cancer,Dr. Duke,,,Ache(Back)|Alterative|Anodyne|Antidiarrheic|Antiseptic|Astringent|Bruise|Cancer|Chewstick|Cosmetic|Eye|Hemorrhage|Hemorrhoids|Hemostat|Hemostatic|Inflammation|Lameness|Medicine|Myalgia|Piles|Poultice|Refrigerant|Scalp|Sedative|Skin|Sprain|Steam-Bath|Tea|Tonic|Tumor|Varicose Veins|Witchhazel|Wound,,,,,,0
Hamelia patens,,,phytochemical,Cancer,Dr. Duke,,,Ache(Head)|Cancer|Diarrhea|Dysentery|Erysipelas|Fever|Jaundice|Malaria|Poison|Purgative|Skin|Sore,,general_toxicity,,,,0
Haplocarpha scaposa,,,phytochemical,Cancer,Dr. Duke,,,Cancer|Divination|Menstruation,,,,,,0
Harpagophytum procumbens,Grappleplant,,phytochemical,Cancer,Dr. Duke,,,Boil|Cancer|Fever|Purgative|Sore|Ulcer,,,,,,0
Hedera helix,Ivy,,phytochemical,Cancer,Dr. Duke,,,Ache(Tooth)|Antiseptic|Astringent|Cacoethes|Callus|Cancer|Cathartic|Chirony|Corn|Diaphoretic|Emetic|Emmenagogue|Laxative|Pediculicide|Poison|Polyp(Nose)|Rheumatism|Sclerosis(Uterus)|Stimulant|Sudorific|Swelling|Tumor|Tumor(Lymphatic)|Vasoconstrictor|Vasodilator|Vermifuge|Wart|Wen,,general_toxicity;pregnancy_caution,,,,0
Helianthemum canadense,Frostweed,,phytochemical,Cancer,Dr. Duke,,,Alterative|Astringent|Cancer|Diarrhea|Scrofula|Skin|Sore(Throat)|Syphilis|Tonic,,,,,,0
Helianthus annuus,Girasol,,phytochemical,Cancer,Dr. Duke,,,Aftosa|Anodyne|Antidote(Scorpion)|Antiseptic|Aphrodisiac|Bactericide|Bite(Snake)|Bite(Tiger)|Blindness|Bronchial|Bronchiectasis|Bronchitis|Cancer|Carbuncle|Catarrh|Cold|Colic|Cough|Deobstruent|Diarrhea|Diuretic|Dysentery|Dysuria|Emollient|Epistaxis|Expectorant|Eye|Fever|Flu|Fracture|Hair-Oil|Homeopathy|Inflammation|Insecticide|Laryngeal|Laryngitis|Lung|Malaria|Menorrhagia|Pleuritis|Post-Natal|Preventitive(Malaria)|Pulmonary|Respiratory|Rheumatism|Shampoo|Soap|Sore|Splenitis|Urogenital|Whitlow|Wound,,,,,,0
Helichrysum arenarium,Stochados,,phytochemical,Cancer,Dr. Duke,,,Astringent|Cancer|Cholagogue|Diuretic|Insecticide|Worms,,,,,,0
Heliconia subulata,,,phytochemical,Cancer,Dr. Duke,,,Cancer|Cancer(Skin)|Skin,,,,,,0
Heliotropium europaeum,Turnsol,,phytochemical,Cancer,Dr. Duke,,,Cancer|Cholagogue|Emmenagogue|Fever|Poison|Wart,,general_toxicity;pregnancy_caution,,,,0
Heliotropium peruvianum,Heliotropo,,phytochemical,Cancer,Dr. Duke,,,Cancer|Fever|Malaria|Nausea,,,,,,0
Helleborus niger,"Hellebore,Black",,phytochemical,Cancer,Dr. Duke,,,Cancer|Cardiac|Cardiostimulant|Cardiotonic|Cathartic|Diuretic|Emmenagogue|Hydragogue|Mydriatic|Narcotic|Nervine|Poison|Rodenticide,,general_toxicity;pregnancy_caution,,,,0
Helleborus orientalis,"Hellebore,Black",,phytochemical,Cancer,Dr. Duke,,,Cancer,,,,,,0
Heracleum sphondylium,"Parsnip,Cow",,phytochemical,Cancer,Dr. Duke,,,Callus|Cancer|Medicine,,,,,,0
Heuchera americana,Alumroot,,phytochemical,Cancer,Dr. Duke,,,Abrasion|Cancer|Diarrhea|Poultice|Sore(Throat)|Wound,,,,,,0
Hibiscus mutabilis,Mu Fu Jung,,phytochemical,Cancer,Dr. Duke,,,Abscess|Alexiteric|Anodyne|Antidote|Bite(Snake)|Bronchosis|Burn|Cancer|Cough|Demulcent|Dysuria|Emollient|Expectorant|Fever|Fistula|Inflammation|Menorrhagia|Pectoral|Refrigerant|Scald|Sore|Swelling|Tumor|Tumor(Breast)|Wound,,,,,,0
Hibiscus rosa-sinensis,Fu Sang,,phytochemical,Cancer,Dr. Duke,,,Abortifacient|Adenopathy|Amenorrhea|Anodyne|Antidiarrheic|Antidote|Aperient|Aphrodisiac|Asthma|Astringent|Boil|Bronchitis|Cancer|Carbuncle|Catarrh|Cold|Cough|Demulcent|Dentifrice|Dysmenorrhea|Emmenagogue|Emollient|Expectorant|Eye|Fever|Flu|Gonorrhea|Hairblack|Hematemesis|Hemostat|Hernia|Labor|Laxative|Menorrhagia|Metroxenia|Ophthalmia|Parotitis|Parturition|Pectoral|Poultice|Puerperium|Purgative|Refrigerant|Sore|Stomach|Sudorific|Swelling|Tuberculosis|Tumor|Urogenital|Venereal,,pregnancy_caution,,,,0
Hibiscus sabdariffa,Kerkedeh,,phytochemical,Cancer,Dr. Duke,,,Antiseptic|Aphrodisiac|Astringent|Bilious|Cancer|Cataplasm|Cholagogue|Choleretic|Coffee|Debility|Demulcent|Digestive|Diuretic|Dyspepsia|Dysuria|Emollient|Fever|Hangover|Heart|Hypertension|Laxative|Nerves|Refrigerant|Resolvent|Scurvy|Sedative|Strangury|Tea|Tonic,,,,,,0
Hilleria latifolia,,,phytochemical,Cancer,Dr. Duke,,,Ache(Head)|Ascites|Breast|Cancer|Cancer(Breast)|Dropsy|Fever|Filaricide|Guineaworms|Jaundice|Leprosy|Purgative|Stiffness|Urethritis,,,,,,0
Hippomarathrum libanotis,Rosemary,,phytochemical,Cancer,Dr. Duke,,,Cancer,,,,,,0
Hordeum vulgare,Barley,,phytochemical,Cancer,Dr. Duke,,,Abortifacient|Antilactogogue|Bladder|Bronchitis|Burn|Cancer|Cancer(Stomach)|Catarrh|Chest|Chilblain|Coffee|Cough|Debility|Demulcent|Diarrhea|Digestive|Diuretic|Dyspepsia|Emollient|Expectorant|Febrifuge|Fever|Inflammation|Intoxicant|Measles|Phthisis|Poultice|Preventative(Gray-Hair)|Preventitive(Fever)|Puerperium|Sore|Stomachic|Tumor(Abdomen)|Urogenital,,general_toxicity;pregnancy_caution,,,,0
Humulus lupulus,Lupulin,,phytochemical,Cancer,Dr. Duke,,,Anaphrodisiac|Anodyne|Antiseptic|Astringent|Bitter-Principle|Boil|Cancer|Cystitis|Debility|Diuretic|Dyspepsia|Fever|Hypnotic|Inflammation|Nerves|Nervine|Poultice|Rheumatism|Sedative|Shampoo|Soporific|Stomachic|Sudorific|Tea|Tonic|Tuberculosis|Tumor(Liver)|Vermifuge,,,LUPULIN,Antiseptic;Antispasmodic;Larvifuge;Pesticide,AIDS/HIV;Allergy;Anthrax;Arthritis;Asthma;Athletes Foot;BO (Body Odor);BPH;Backache;Bipolar;Breached Birth;Bronchitis;Burns;Bursitis;Candidiasis;Canker Sores;Caries;Carpal Tunnel Syndrome (CTS);Cold/Flu;Cough;Cramp;Crohns Disease;Cystitis;Dandruff;Decubitis;Dermatitis/Dermatoses;Diarrhea;Diverticulitis;Dysentery;Dysmenorrhea;Emphysema;Epilepsy;Fever;Fibromyalgia;Fungus/Mycosis;GERD / Esophageal Reflux;Giardia;Gingivitis;Halitosis;Hangover;Hayfever;Headache;Herpes;Hiccups;IBD;Incontinence;Infection;Intestinal Parasites;Kidney Stones;Leishmaniasis;Lyme Disease (Chronic);Lyme Disease (Initial);MRSA;Malaria;Mastitis;Migraine;Multiple Sclerosis;Neuropathy;Otitis/Earache;Pain;Parkinsons Disease;Pneumonia;Premenstrual Syndrome/PMS;Rheumatism;Sciatica;Sepsis;Sinusitis;Sore;Sore Throat / Laryngitis / Pharyngitis;Stomatosis;Sunburn;Toothache;Tuberculosis;UTI;Ulcer;Vaginitis;Viral Infections (Chronic);Warts;Wound;Yeast Infection,21
Hydrangea quercifolia,Hydrangea,,phytochemical,Cancer,Dr. Duke,,,Cancer,,,,,,0
Hydrastis canadaneis,Hydrastis,,phytochemical,Cancer,Dr. Duke,,,Cancer,,,,,,0
Hydrastis canadensis,,,phytochemical,Cancer,Dr. Duke,,,Alterative|Antiperiodic|Antiseptic|Aperient|Apertif|Astringent|Cancer|Catarrh|Cicatrizant|Detergent|Diuretic|Enterorrhagia|Eye|Hemorrhoids|Hemostat|Hemostatic|Liver|Malaria|Medicine|Metrorrhagia|Mucous Membrane|Poison|Repellant(Insect)|Sore|Stomach|Stomatitis|Tonic|Uterotonic|Wound,,general_toxicity;pregnancy_caution,,,,0
Hydrocotyle alchemilloides,Mattecllu,,phytochemical,Cancer,Dr. Duke,,,Cancer,,,,,,0
Hymenophyllum plumasum,Doradilla,,phytochemical,Cancer,Dr. Duke,,,Cancer,,,,,,0
Hyoscyamus albus,Hisquiamus,,phytochemical,Cancer,Dr. Duke,,,Ache(Tooth)|Anodyne|Asthma|Cancer|Diabetes|Eye|Fumitory|Gout|Hypnotic|Mydriatic|Narcotic|Nerves|Pertussis|Poison|Sedative|Spasm|Swelling|Urogenital|Uterus,,general_toxicity,,,,0
Hyoscyamus niger,,,phytochemical,Cancer,Dr. Duke,,,Ache(Tooth)|Alcoholism|Analgesic|Anaphrodisiac|Anodyne|Antispasmodic|Asthma|CNS depressant|Cancer|Cathartic|Cough|Cycloplegic|Cystitis|Delirium|Diabetes|Epilepsy|Eye|Fumitory|Gastralgia|Gastrospasm|Gonorrhea|Gout|Hypnotic|Incontinence|Mania|Morphinism|Myalgia|Mydriatic|Narcotic|Neuralgia|Parasympatholytic|Parkinsonism|Pertussis|Poison|Sciatica|Sclerosis|Seasickness|Sedative|Spasm|Swelling|Tetanus|Tumor|Tumor(Parotid)|Urogenital|Uteritis,,general_toxicity,,,,0
Hyptis suaveolens,Mastranto,,phytochemical,Cancer,Dr. Duke,,,Ache(Head)|Ache(Stomach)|Analgesic|Antispasmodic|Antisuperofic|Apertif|Bechic|Bilious|Cancer|Carminative|Catarrh|Cold|Colic|Constipation|Depurative|Dermatosis|Dyspepsia|Epistaxis|Expectorant|Fever|Flu|Gall|Intestine|Lactagogue|Lactogogue|Liver|Malaria|Menorrhagia|Nausea|Pacifier|Palsy|Poison(Veterinary)|Refrigerant|Repellant(Insect)|Rheumatism|Spasm|Stimulant|Stomachic|Sudorific|Tea|Tumor|Uteritis|Yellow Fever,,general_toxicity,,,,0
Indigofera aspalathoides,,,phytochemical,Cancer,Dr. Duke,,,Abscess|Ache(Tooth)|Alterative|Apthae|Cancer|Dandruff|Demulcent|Leprosy|Syphilis|Tumor,,,,,,0
Indigofera tinctoria,Tien Hua,,phytochemical,Cancer,Dr. Duke,,,Adenopathy|Alexiteric|Anodyne|Antidote|Antidote(Arrow)|Antidote(Cantharid)|Antiseptic|Astringent|Bite(Bug)|Blennorrhagia|Bronchitis|Bruise|Cancer|Convulsion|Deobstruent|Depression|Dysentery|Dysmenorrhea|Emetic|Epilepsy|Fever|Flux|Hepatomegaly|Inflammation|Itch|Larvicide|Laryngitis|Lymphoadenitis|Mumps|Nerves|Nervine|Pediculicide|Piles|Preventitive(Alopecia)|Purgative|Rabies|Rash|Restorative|Scabies|Sore|Spasm|Splenomegaly|Stimulant|Struma|Swelling|Tumor|Tumor(Abdomen)|Typhoid|Urogenital|Vermifuge|Wound,,,,,,0
Indigofera uniflora,,,phytochemical,Cancer,Dr. Duke,,,Cancer,,,,,,0
Ipomoea pes-caprae,,,phytochemical,Cancer,Dr. Duke,,,Abscess|Ache(Stomach)|Anodyne|Anus|Astringent|Bedsore|Blennorrhagia|Boil|Bugbite|Cancer|Carbuncle|Colic|Cramp|Cramps|Diuretic|Dropsy|Emetic|Escharotic|Evil eye|Itch|Laxative|Piles|Pregnancy|Prolapse|Purgative|Rheumatism|Skin|Sore|Sternutatory|Sting|Sting(Fish)|Stomachic|Swelling|Tonic|Tumor|Ulcer|Vermifuge|Whitlow|Wound,,,,,,0
Iris florentina,Pushkarmul,,phytochemical,Cancer,Dr. Duke,,,Balsamic|Cancer|Cholagogue|Coffee|Cosmetic|Diuretic|Emetic|Expectorant|Halitosis|Laxative|Masticatory|Perfume|Polyp(Nose)|Sclerosis|Stomachic|Teething,,,,,,0
Iris pallida,Orris,,phytochemical,Cancer,Dr. Duke,,,Balsamic|Cancer|Cholagogue|Cosmetic|Dentifrice|Diuretic|Expectorant|Laxative|Stomachic|Teething,,,,,,0
Iris pseudoacorus,Flower De Luce,,phytochemical,Cancer,Dr. Duke,,,Astringent|Cancer|Carminative|Coffee|Diuretic|Emetic|Laxative|Poison|Refrigerant|Sclerosis|Stomachic|Tonic|Vermifuge,,general_toxicity,,,,0
Isatis tinctoria,Woad,,phytochemical,Cancer,Dr. Duke,,,Bactericide|Cancer|Cancer(Cervix)|Cyanogenetic|Fever|Parotitis|Rash|Sore|Sore(Throat)|Tumor,,,,,,0
Isocarpha oppositifolia,Boton De Cancer,,phytochemical,Cancer,Dr. Duke,,,Apertif|Cancer|Chest-Cold|Vulnerary,,,,,,0
Isotoma longiflora,,,phytochemical,Cancer,Dr. Duke,,,Ache(Tooth)|Asthma|Bite(Snake)|Bronchitis|Cancer|Cardioactive|Epilepsy|Medicine|Poison|Rheumatism|Venereal|Wound,,general_toxicity,,,,0
Jasminum grandiflorum,Sumana,,phytochemical,Cancer,Dr. Duke,,,Astringent|Cancer|Deobstruent|Diuretic|Emmenagogue|Perfume|Vermifuge,,pregnancy_caution,,,,0
Jatropha gossypifolia,,,phytochemical,Cancer,Dr. Duke,,,Ache(Stomach)|Antibiotic|Asthma|Bilious|Bite(Snake)|Cancer|Candlenut|Carbuncle|Cold|Cough|Depurative|Diabetes|Diarrhea|Disinfectant|Dropsy|Dyspepsia|Eczema|Emetic|Emmenagogue|Febrifuge|Fever|Gall|Gargle|Hematochezia|Hydropsy|Itch|Laxative|Leprosy|Mammary|Piles|Poison|Purgative|Rash|Rectitis|Sore|Sore(Throat)|Stomachic|Swelling(Mammary)|Tongue|Tumor|Urogenital|Venereal|Vermifuge|Witchcraft|Wound,,general_toxicity;pregnancy_caution,,,,0
Jatropha multifida,,,phytochemical,Cancer,Dr. Duke,,,Bactericide|Cancer|Cancer(Nose)|Cathartic|Colic|Dyspepsia|Emetic|Fever|Leprosy|Piscicide|Poison|Poison(Criminal)|Purgative|Scabies|Sore|Tonic|Venereal|Wound,,general_toxicity,,,,0
Jeffersonia diphylla,Twinleaf,,phytochemical,Cancer,Dr. Duke,,,Aromatic|Cancer|Emetic|Expectorant|Gargle|Medicine|Rheumatism|Sore(Throat)|Spasm|Stimulant|Tonic,,,,,,0
Juglans cinerea,Butternut,,phytochemical,Cancer,Dr. Duke,,,Alterative|Cancer|Cancer(Stomach)|Dysentery|Epithelioma|Hair-Oil|Laxative|Liver|Medicine|Stimulant|Tonic|Tumor|Vermifuge|Wart,,,,,,0
Juniperus oxycedrus,Cade,,phytochemical,Cancer,Dr. Duke,,,Ache(Tooth)|Alopecia|Antiseptic|Cancer|Contraceptive|Dandruff|Diuretic|Eczema|Favus|Leprosy|Opacity|Ophthalmia|Parasiticide|Pediculicide|Psoriasis|Scabies(Veterinary)|Skin|Sore|Stimulant|Vermifuge|Vulnerary,,,,,,0
Juniperus phoenicea,Tus,,phytochemical,Cancer,Dr. Duke,,,Cancer|Diuretic|Fumigant|Skin|Stomachic|Tonic,,,,,,0
Juniperus sabina,Savine,,phytochemical,Cancer,Dr. Duke,,,Abortifacient|Afterbirth|Cancer|Diuretic|Ecbolic|Emmenagogue|Hemostat|Lice|Metrorrhagia|Parasiticide|Poison|Polyp|Uterotonic|Vermifuge,,general_toxicity;pregnancy_caution,,,,0
Kaempferia galanga,,,phytochemical,Cancer,Dr. Duke,,,Abdomen|Ache(Head)|Ache(Tooth)|Cancer|Carminative|Chill(Veterinary)|Cicatrizant|Cosmetic|Cough|Dandruff|Diuretic|Dyspepsia|Expectorant|Eye|Fever|Malaria|Mastitis|Odontalgia|Ophthalmia|Otosis|Pediculicide|Perfume|Repellant(Insect)|Rheumatism|Scabies|Sore(Throat)|Stimulant|Stomachic|Swelling|Tumor,,,,,,0
Kniphofia aloides,Red Hot Poker,,phytochemical,Cancer,Dr. Duke,,,Cancer,,,,,,0
Knoxia corymbosa,,,phytochemical,Cancer,Dr. Duke,,,Cancer|Dropsy|Edema|Infection|Skin|Tympanitis,,,,,,0
Krameria secundiflora,,,phytochemical,Cancer,Dr. Duke,,,Cancer|Colitis|Enteritis,,,,,,0
Lactuca sativa,Lettuce,,phytochemical,Cancer,Dr. Duke,,,Anaphrodisiac|Anodyne|Antidote|Asthma|Bronchitis|Burn|Cancer|Cardiac|Carminative|Circulation|Diuretic|Emollient|Fever|Hyperglycemia|Hypnotic|Insomnia|Intellect|Menstruation|Narcotic|Neuralgia|Palpitation|Pertussis|Poison|Refrigerant|Sclerosis(Limb)|Sedative|Sore|Spasm|Tumor|Typhoid|Urogenital,,general_toxicity,,,,0
Lactuca virosa,,,phytochemical,Cancer,Dr. Duke,,,Anodyne|Antitussive|Asthma|Cancer|Cough|Diuretic|Dropsy|Expectorant|Gout|Hypnotic|Jaundice|Lactogogue|Laxative|Narcotic|Poison|Sedative|Soporific|Sudorific,,general_toxicity,,,,0
Lagenaria siceraria,Gourd,,phytochemical,Cancer,Dr. Duke,,,Ache(Head)|Ache(Tooth)|Adenopathy|Alexiteric|Alopecia|Anasarca|Antidote|Asthma|Bilious|Boil|Burn|Cancer|Convulsion|Cough|Depurative|Diuretic|Dropsy|Emetic|Fever|Gum|Hoarseness|Hydropsy|Insanity|Laxative|Leucoderma|Litholytic|Lithontriptic|Pectoral|Pimple|Purgative|Refrigerant|Rheumatism|Scrofula|Sore|Splenitis|Tetanus|Tumor|Wound,,,,,,0
Lamium galeobdolon,Urtica,,phytochemical,Cancer,Dr. Duke,,,Cancer,,,,,,0
Lathyrus nissolia,Erue,,phytochemical,Cancer,Dr. Duke,,,Cancer,,,,,,0
Lavandula latifolia,Spike,,phytochemical,Cancer,Dr. Duke,,,Abortifacient|Cancer|Carminative|Cholagogue|Diuretic|Emmenagogue|Fumigant|Medicine (Veterinary)|Nervine|Spasm|Stimulant|Stomachic|Sudorific|Vermifuge,,pregnancy_caution,,,,0
Lavandula stoechas,Stoechados,,phytochemical,Cancer,Dr. Duke,,,Ache(Head)|Antiphlogistic|Antiseptic|Asthma|Cancer|Carminative|Deobstruent|Emmenagogue|Expectorant|Lung|Nerves|Resolvent|Spasm|Stimulant,,pregnancy_caution,,,,0
Leontopodium alpinum,Lewenwurz,,phytochemical,Cancer,Dr. Duke,,,Ache(Stomach)|Cancer|Tumor,,,,,,0
Leonurus sibiricus,T'Ui,,phytochemical,Cancer,Dr. Duke,,,Abscess|Ache(Head)|Aphrodisiac|Bite(Bug)|Bite(Snake)|Boil|Cancer|Cosmetic|Diuretic|Dropsy|Dysmenorrhea|Emmenagogue|Eruption|Eye|Fertility|Fever|Flux|Fumitory|Gynecopathy|Hemorrhage|Hemostatic|Labor|Laxative|Menorrhagia|Parturition|Puerperium|Stimulant|Tumor(Breast)|Vasodilator|Virility,,pregnancy_caution,,,,0
Lepechinia sp,Matico,,phytochemical,Cancer,Dr. Duke,,,Cancer,,,,,,0
Ligusticum filicinum,Osha Root,,phytochemical,Cancer,Dr. Duke,,,Cancer,,,,,,0
Ligusticum porteri,Osha Root,,phytochemical,Cancer,Dr. Duke,,,Cancer,,,,,,0
Limonium vulgare,Acelga Silvestre,,phytochemical,Cancer,Dr. Duke,,,Astringent|Cancer|Diarrhea|Dysentery|Hemostat,,,,,,0
Linaria elatine,"Speedwell,Female",,phytochemical,Cancer,Dr. Duke,,,Astringent|Cancer|Debility|Hemostat,,,,,,0
Linaria vulgaris,Leinkraut,,phytochemical,Cancer,Dr. Duke,,,Astringent|Cancer|Diuretic|Emollient|Hepatitis|Jaundice|Laxative|Litholytic|Liver|Piles|Scrofula|Scurvy|Splenitis|Vulnerary,,,,,,0
Linum usitatissimum,,,phytochemical,Cancer,Dr. Duke,,,Anodyne|Astringent|Boil|Bronchitis|Burn|Cancer|Cancer(Skin)|Carbuncle|Cold|Conjunctivitis|Corn|Cough|Cyanogenetic|Demulcent|Diarrhea|Diuretic|Emollient|Expectorant|Gonorrhea|Gout|Inflammation|Intoxication|Labor|Laxative|Ointment|Ointment-Base|Osmotic|Poison|Posthume|Rheumatism|Scald|Sclerosis(Limb)|Sore|Spasm|Suppurative|Swelling|Tumor|Urogenital|Vulnerary,,general_toxicity,,,,0
Liquidambar formosana,Feng,,phytochemical,Cancer,Dr. Duke,,,Anodyne|Astringent|Cancer|Deliriant|Hemostat|Poison|Skin,,general_toxicity,,,,0
Litchi chinensis,Li Chih Ho,,phytochemical,Cancer,Dr. Duke,,,Ache(Stomach)|Adenopathy|Analgesic|Anemia|Angina|Anodyne|Antitussive|Astringent|Cancer|Colic|Diarrhea|Eruption|Flux|Gastralgia|Gastritis|Hernia|Intestine|Neuralgia|Nutrient|Orchitis|Quinsy|Smallpox|Thirst|Tonic|Tumor,,,,,,0
Litosanthes biflora,Kam Paeng Ched Chan,,phytochemical,Cancer,Dr. Duke,,,Cancer,,,,,,0
Lobelia inflata,Indian Tobacco,,phytochemical,Cancer,Dr. Duke,,,Antidote|Antismoking|Asthma|Bronchitis|Cancer|Cancer(Breast)|Convulsion|Emetic|Expectorant|Eye|Fatality|Fumitory|Medicine|Narcotic|Nervine|Nicotinism|Poison|Sialogogue|Spasm|Sudorific|Urticaria,,general_toxicity,,,,0
Lobelia radicans,,,phytochemical,Cancer,Dr. Duke,,,Abscess|Ague|Alexiteric|Ascites|Asthma|Bite(Bug)|Bite(Snake)|Bruise|Cancer|Caries|Diuretic|Fever|Sore|Trauma,,,,,,0
Lobelia syphilitica,Lobelia,,phytochemical,Cancer,Dr. Duke,,,Alterative|Cancer|Diuretic|Dysentery|Emetic|Expectorant|Gonorrhea|Poison|Sudorific|Syphilis,,general_toxicity,,,,0
Lolium perenne,Darnell,,phytochemical,Cancer,Dr. Duke,,,Cancer|Diarrhea|Hemorrhage|Poison,,general_toxicity,,,,0
Lonicera caprifolium,Chevrefeuille,,phytochemical,Cancer,Dr. Duke,,,Amygdalitis|Asthma|Astringent|Cancer|Cataplasm|Catarrh|Depurative|Diuretic|Expectorant|Fever|Laxative|Respiratory|Spasm|Sudorific,,,,,,0
Lonicera periclymenum,Caprifolium,,phytochemical,Cancer,Dr. Duke,,,Cancer|Diuretic|Respiratory|Spasm|Splenitis|Sudorific,,,,,,0
Lophocereus schottii,Cinita,,phytochemical,Cancer,Dr. Duke,,,Cancer,,,,,,0
Luisia teres,Ch'Ai Tzu Ku,,phytochemical,Cancer,Dr. Duke,,,Antidote|Cancer|Gout|Malaria|Sore|Wound,,,,,,0
Lychnis alba,Wild Campion,,phytochemical,Cancer,Dr. Duke,,,Cancer,,,,,,0
Lycium chinense,Kou Chi Chien,,phytochemical,Cancer,Dr. Duke,,,Ache(Tooth)|Aphrodisiac|Cachexia|Cancer|Complexion|Debility|Diabetes|Ejaculation|Eye|Febrifuge|Gingirrhagia|Kidney|Liver|Longevity|Nutrient|Ophthalmia|Ornament|Pneumonia|Refrigerant|Rheumatism|Semen|Swelling|Tea|Thirst|Tonic|Tuberculosis|Vision|Wound,,,,,,0
Lycium chinensis,,,phytochemical,Cancer,Dr. Duke,,,Antitussive|Cancer|Diabetes Mellitis|Fever|Hypertension|Tuberculosis,,,,,,0
Lycopus arvensis,Buglos,,phytochemical,Cancer,Dr. Duke,,,Cancer,,,,,,0
Lycoseris latifolia,Botonera,,phytochemical,Cancer,Dr. Duke,,,Cancer|Diuretic|Emmenagogue,,pregnancy_caution,,,,0
Malus sylvestris,Apple,,phytochemical,Cancer,Dr. Duke,,,Apertif|Bactericide|Bilious|Cacoethes|Cancer|Cardiac|Carminative|Catarrh|Cyanogenetic|Depurative|Diabetes|Digestive|Diuretic|Dysentery|Emollient|Fatality|Fever|Flux|Hypnotic|Laxative|Leukemia|Malaria|Pertussis|Poison|Refrigerant|Scurvy|Sedative|Spasm|Thirst|Tonic|Tumor|Vermifuge|Wart,,general_toxicity,,,,0
Matricaria chamomilla,Camomile,,phytochemical,Cancer,Dr. Duke,,,Ache(Ear)|Ache(Stomach)|Anodyne|Antiphlogistic|Antiseptic|Bruise|Cancer|Cancer(Liver)|Carminative|Cicatrizant|Colic|Convulsion|Debility|Dentition|Depurative|Diaphoretic|Diarrhea|Digestive|Discutient|Diuretic|Eczema|Emollient|Expectorant|Fever|Gastritis|Hair-Wash|Hysteria|Inflammation|Intestinal tonic|Liqueur|Malaria|Nerves|Nervine|Neuralgia|Perfume|Piles|Poultice|Sclerosis|Sedative|Shampoo|Sore|Spasm|Stimulant|Stomach|Stomachic|Sudorific|Tea|Tonic|Tumor(Intestine)|Vermifuge|Wound,,,,,,0
Maytenus ilicifolia,Cancerosa,,phytochemical,Cancer,Dr. Duke,,,Analgesic|Antifertility|Apertif|Astringent|Cancer|Cicatrizant|Contraceptive|Intestine|Stomachic|Tea|Tonic,,,,,,0
Medicago sativa,Alfalfa,,phytochemical,Cancer,Dr. Duke,,,Anodyne|Arthritis|Bactericide|Boil|Cancer|Cardiotonic|Cyanogenetic|Depurative|Dysuria|Emetic|Emmenagogue|Fever|Gravel|Intellect|Lactagogue|Scurvy,,pregnancy_caution,,,,0
Melilotus altissima,Melilot,,phytochemical,Cancer,Dr. Duke,,,Cancer,,,,,,0
Mentha aquatica,Horsemint,,phytochemical,Cancer,Dr. Duke,,,Astringent|Cancer|Carminative|Cold|Digestive|Emetic|Emmenagogue|Gall|Perfume|Stimulant|Stomach,,pregnancy_caution,,,,0
Mentha piperita,,,phytochemical,Cancer,Dr. Duke,,,Ache(Head)|Ache(Stomach)|Anesthetic|Anodyne|Antidote|Antiseptic|Aphrodisiac|Astringent|Bronchitis|Cancer|Carminative|Cholagogue|Cold|Colic|Dyspepsia|Liqueur|Massage|Medicine|Migraine|Myalgia|Nausea|Navel|Nervine|Preventitive(Dyspepsia)|Rheumatism|Sclerosis(Limb)|Spasm|Stimulant|Stomach|Stomachic|Tea|Toothwhitener|Tumor|Vermifuge,,,,,,0
Mentha silvestris,"Mint,Horse",,phytochemical,Cancer,Dr. Duke,,,Cancer,,,,,,0
Mentha spicata,Mint,,phytochemical,Cancer,Dr. Duke,,,Antidote|Astringent|Bronchitis|Cancer|Cancer(Stomach)|Carminative|Diarrhea|Fever|Hysteria|Medicine|Nausea|Nervine|Neuralgia|Parturition|Sore|Spasm|Stimulant|Stomach|Stomachic|Tea|Toothwhitener,,,,,,0
Mikania amara,Guaco,,phytochemical,Cancer,Dr. Duke,,,Cancer,,,,,,0
Mikania glomerata,Guaco,,phytochemical,Cancer,Dr. Duke,,,Cancer,,,,,,0
Molopospermum pelopennesiacum,,,phytochemical,Cancer,Dr. Duke,,,Cancer,,,,,,0
Momordica charantia,,,phytochemical,Cancer,Dr. Duke,,,Abdomen|Abortifacient|Ache(Ear)|Ache(Head)|Ache(Stomach)|Antibiotic|Apertif|Aphrodisiac|Asthma|Astringent|Bilious|Bite(Snake)|Bladder|Boil|Burn|Cancer|Cancer(Breast)|Canicide|Carminative|Catarrh|Chilblain|Cold|Colic|Colitis|Cough|Depurative|Dermatosis|Diabetes|Diabetes Mellitis|Diarrhea|Digestive|Dysentery|Dysmenorrhea|Dyspepsia|Eczema|Emetic|Emmenagogue|Eruption|Eye(Veterinary)|Fatality|Fever|Gonorrhea|Gout|Halitosis|Hepatitis|Hyperglycemia|Hypertension|Insecticide|Itch|Jaundice|Kidney|Lactogogue|Laxative|Leprosy|Liver|Malaria|Malignancy|Medicinel|Melancholy|Night-Blindness|Parturition|Piles|Poison|Psoriasis|Purgative|Refrigerant|Renitis|Rheumatism|Roundworms|Scabies|Scald|Skin|Soap|Sore|Spleen|Splenitis|Sprue|Stomachic|Stone|Styptic|Swelling|Thrush|Tonic|Tumor|Urethritis|Vermifuge|Wound|Yaws,,general_toxicity;pregnancy_caution,,,,0
Moringa aptera,Ben,,phytochemical,Cancer,Dr. Duke,,,Cancer,,,,,,0
Morus nigra,,,phytochemical,Cancer,Dr. Duke,,,Cancer|Cough|Depurative|Fever|Laxative|Purgative|Refrigerant|Sore(Throat)|Thirst|Tumor(Spleen)|Vermifuge,,,,,,0
Mucuna pruriens,,,phytochemical,Cancer,Dr. Duke,,,Anasarca|Anodyne|Antidote(Crocodile)|Antidote(Scorpion)|Aphrodisiac|Ascaricide|Asthma|Bite(Dog)|Bite(Snake)|Cancer|Cholera|Coffee|Cough|Diarrhea|Diuretic|Dropsy|Dysuria|Fracture|Madness|Medicine|Mumps|Nervine|Pleuritis|Resolvent|Ringworm|Rubefacient|Sore|Syphilis|Tumor(Abdomen)|Vermifuge,,,,,,0
Mucuna sp,,,phytochemical,Cancer,Dr. Duke,,,Cancer,,,,,,0
Mussaenda hainensis,,,phytochemical,Cancer,Dr. Duke,,,Cancer,,,,,,0
Mutisia retrorsa,Flor De Estrella Virreina,,phytochemical,Cancer,Dr. Duke,,,Cancer|Tumor,,,,,,0
Myristica bicuhyba,Bicuiba,,phytochemical,Cancer,Dr. Duke,,,Cancer,,,,,,0
Myristica fragrans,Nutmeg,,phytochemical,Cancer,Dr. Duke,,,Abdomen|Abortifacient|Ache(Stomach)|Anodyne|Apertif|Aphrodisiac|Asthma|Astringent|Bactericide|Bladder|Cancer|Carminative|Cramps|Digestive|Dysentery|Dysmenorrhea|Dyspepsia|Fever|Flu|Flux|Gastromegaly|Halitosis|Hallucinogen|Herbicide|Impotence|Infection|Inflammation|Insanity|Intestine|Leprosy|Liniment|Malaria|Narcotic|Nausea|Osteosis|Paralysis|Parturition|Perfume|Pneumonia|Poison|Psychedelic|Puerperium|Rheumatism|Sciatica|Sclerosis(Spleen)|Spasm|Spice|Sprain|Stimulant|Stomachic|Thrush|Tonic|Tumor(Liver)|Urogenital,,general_toxicity;pregnancy_caution,,,,0
Narcissus tazetta,Shui Hsien,,phytochemical,Cancer,Dr. Duke,,,Abscess|Abscess(Breast)|Analgesic|Antiphlogistic|Boil|Breast|Cancer|Cancer(Breast)|Cosmetic|Demulcent|Diuretic|Edema|Emetic|Fish-Bones|Gynecopathy|Hair|Mastitis|Ointment|Poison|Poultice|Purgative|Sclerosis(Uterus)|Swelling|Tumor|Tumor(Ear),,general_toxicity,,,,0
Nasturtium officinale,Water Cresses,,phytochemical,Cancer,Dr. Duke,,,Abortifacient|Ache(Ear)|Alopecia|Apertif|Aphrodisiac|Asthma|Bactericide|Bronchitis|Cancer|Catarrh|Cicatrizant|Cold(Head)|Cough|Cyanogenetic|Depurative|Diuretic|Eczema|Expectorant|Flu|Goiter|Gum|Heart|Kidney|Laxative|Liver|Medicine|Nose|Pertussis|Polyp|Respiratory|Restorative|Scabies|Scurvy|Sore|Sterilizant|Stimulant|Stomach|Strangury|Throat|Tonic|Tuberculosis|Tumor(Glands)|Vermifuge|Wart|Wen,,pregnancy_caution,,,,0
Nerium odorum,Oleander,,phytochemical,Cancer,Dr. Duke,,,Cancer|Corn,,,,,,0
Nicotiana rustica,Picietl,,phytochemical,Cancer,Dr. Duke,,,Cancer|Cold|Fumitory|Insecticide|Masticatory|Narcotic|Snuff|Tobacco|Tumor,,,,,,0
Nicotiana sp,Ccoro,,phytochemical,Cancer,Dr. Duke,,,Cancer|Polyp(Nose)|Tumor|Wart,,,,,,0
Nicotiana tabacum,Tabaco,,phytochemical,Cancer,Dr. Duke,,,Ache(Back)|Ache(Ear)|Ache(Head)|Ache(Stomach)|Ache(Tooth)|Anodyne|Anorexiac|Antidote(Bee sting)|Antidote(Centipede)|Antidote(Scorpion)|Antidote(Spider)|Asthma|Bite(Bug)|Bite(Snake)|Bladder|Boil|Bot|CNS stimulant|Cancer|Cancer(Nose)|Catarrh|Cirrhosis|Cold|Cold(Head)|Cough|Cyanogenetic|Debility|Dentifrice|Discutient|Diuretic|Dysentery|Emetic|Epistaxis|Evil eye|Expectorant|Fatality|Fear|Flu|Fumitory|Gastritis|Hallucinogen|Homicide|Insecticide|Intestine|Intoxicant|Laxative|Lethargy|Lumbago|Lump|Malaria|Masticatory|Menorrhagia|Narcotic|Paralysis|Parasiticide|Pediculicide|Piscicide|Poison|Preventitive|Preventitive(Malaria)|Psychedelic|Puerperium|Purgative|Religion|Repellant(Insect)|Repellant(Snake)|Rheumatism|Scabies|Sclerosis|Sedative|Sialogogue|Skin|Snuff|Sore|Spasm|Tetanus|Tumor|Ulcer|Vermifuge|Wound,,general_toxicity,,,,0
Nyctanthes arbortristis,,,phytochemical,Cancer,Dr. Duke,,,Atrophy|Bite(Dog)|Bite(Snake)|Cachexia|Cancer|Dysentery|Menorrhagia|Pregnancy|Sore,,,,,,0
Nyssa sylvatica,Blackgum,,phytochemical,Cancer,Dr. Duke,,,Cancer,,,,,,0
Oenanthe aquatica,"Fennel,Water",,phytochemical,Cancer,Dr. Duke,,,Alterative|Asthma|Cancer|Catarrh|Diuretic|Expectorant|Laryngitis|Tumor(Breast),,,,,,0
Oenanthe phellandrium,Felandrio,,phytochemical,Cancer,Dr. Duke,,,Alterative|Cancer|Cancer(Breast)|Carminative|Diuretic|Emmenagogue|Expectorant|Poison|Sudorific|Tuberculosis,,general_toxicity;pregnancy_caution,,,,0
Oenanthe stolonifera,K'U Chin,,phytochemical,Cancer,Dr. Duke,,,Alexiteric|Antivinous|Bite(Horse)|Cancer|Cholera|Cold|Fever|Hematuria|Hemostat|Hemostatic|Plethora|Refrigerant|Swelling|Tonic|Urogenital,,,,,,0
Oenothera rosea,Yerba Del Gople,,phytochemical,Cancer,Dr. Duke,,,Cancer|Intestine,,,,,,0
Oldenlandia diffusa,,,phytochemical,Cancer,Dr. Duke,,,Abscess|Alexiteric|Anodyne|Bite(Snake)|Boil|Bruise|Cancer|Depurative|Diuretic|Fever|Heatstroke|Infection|Jaundice|Lumbago|Refrigerant|Sore(Throat)|Tonic|Trauma,,,,,,0
Oldenlandia paniculata,Peh Hua Chuar Chee,,phytochemical,Cancer,Dr. Duke,,,Anasarca|Ascites|Cancer|Dropsy,,,,,,0
Olea europaea,Olive,,phytochemical,Cancer,Dr. Duke,,,Antiseptic|Aperient|Astringent|Cancer|Cholagogue|Diuretic|Emollient|Fever|Hair-Oil|Hypertension|Scrofula|Sedative|Shampoo|Tonic|Tumor|Tumor(Finger),,,,,,0
Ononis spinosa,Rest Harrow,,phytochemical,Cancer,Dr. Duke,,,Aperient|Cancer|Depurative|Diuretic|Expectorant|Gout,,,,,,0
Onopordum acanthium,Krebsdistel,,phytochemical,Cancer,Dr. Duke,,,Alterative|Apertif|Cancer|Cholagogue|Depurative|Diuretic|Emmenagogue|Fever|Jaundice|Stimulant|Stomachic|Sudorific|Tonic,,pregnancy_caution,,,,0
Onopordum sp,Cotton Thistle,,phytochemical,Cancer,Dr. Duke,,,Cancer,,,,,,0
Ophiorrhiza mungos,,,phytochemical,Cancer,Dr. Duke,,,Bite(Snake)|Cancer|Cyanogenetic|Sore|Tonic,,,,,,0
Opopanax chironium,Opopanax,,phytochemical,Cancer,Dr. Duke,,,Antiseptic|Cancer|Medicine|Spasm|Stimulant,,,,,,0
Opopanax pastinaca,Opopanax,,phytochemical,Cancer,Dr. Duke,,,Cancer,,,,,,0
Origanum dictamnus,Dittany,,phytochemical,Cancer,Dr. Duke,,,Cancer|Carminative|Chest|Emmenagogue|Nervine|Scrofula|Spasm|Stimulant|Stomach|Stomachic|Tonic|Uterus|Vulnerary|Wound,,pregnancy_caution,,,,0
Origanum majorana,Marjoram,,phytochemical,Cancer,Dr. Duke,,,Ache(Tooth)|Aphrodisiac|Bruise|Cancer|Carminative|Diarrhea|Digestive|Diuretic|Emmenagogue|Expectorant|Insomnia|Lactogogue|Paralysis|Poison|Sedative|Spasm|Sprain|Stimulant|Stomachic|Sudorific|Tonic,,general_toxicity;pregnancy_caution,,,,0
Origanum vulgare,"Marjoram,Wild",,phytochemical,Cancer,Dr. Duke,,,/|Ache(Ear)|Ache(Tooth)|Alopecia|Anodyne|Bronchitis|Cancer|Carminative|Catarrh|Cold|Colic|Decongestant|Diaphoretic|Diarrhea|Digestive|Diuretic|Emmenagogue|Fever|Flu|Intestine|Itch|Jaundice|Liniment|Nausea|Nervine|Pectoral|Pertussis|Purgative|Respiratory|Rheumatism|Rubefacient|Sedative|Skin|Snuff|Spasm|Spice|Stimulant|Stomachic|Stupefacient|Sudorific|Tea|Tonic|Tumor|Wound,,pregnancy_caution,,,,0
Orobanche americana,Squawroot,,phytochemical,Cancer,Dr. Duke,,,Cancer,,,,,,0
Orobanche major,Orabanca,,phytochemical,Cancer,Dr. Duke,,,Astringent|Cancer|Diarrhea|Freckle,,,,,,0
Orobanche uniflora,Cancer Drops,,phytochemical,Cancer,Dr. Duke,,,Cancer,,,,,,0
Orostachys japonicus,,,phytochemical,Cancer,Dr. Duke,,,Cancer,,,,,,0
Oxalis acetosella,Wood Sorrel,,phytochemical,Cancer,Dr. Duke,,,Astringent|Cancer|Catarrh|Diuretic|Dyspepsia|Fever|Gonorrhea|Hemorrhage|Homeopathy|Lip|Liver|Poison|Quinsy|Refrigerant|Scurvy|Urogenital,,general_toxicity,,,,0
Oxalis martiana,Sheep Shar,,phytochemical,Cancer,Dr. Duke,,,Cancer|Debility|Medicine,,,,,,0
Oxalis montana,"Woodsorrel,Common",,phytochemical,Cancer,Dr. Duke,,,Cancer,,,,,,0
Oxyria digyna,"Sourdock,Boreal",,phytochemical,Cancer,Dr. Duke,,,Cancer|Refrigerant|Scurvy,,,,,,0
Paeonia sp,,,phytochemical,Cancer,Dr. Duke,,,Cancer,,,,,,0
Panax schinseng,,,phytochemical,Cancer,Dr. Duke,,,Ache(Head)|Amnesia|Anemia|Anorexia|Aphrodisiac|Asthma|Cancer|Convalescence|Convulsion|Dysentery|Energy|Enterorrhagia|Epilepsy|Epistaxis|Fatigue|Hangover|Impotency|Insomnia|Kidney|Nausea|Palpitation|Pregnancy|Puerperium|Regeneration|Restorative|Rheumatism|Shortwindedness|Sore|Spleen|Stimulant|Tonic|Vertigo,,,,,,0
Papaver somniferum,Opium,,phytochemical,Cancer,Dr. Duke,,,Ache(Head)|Ache(Stomach)|Ache(Tooth)|Analgesic|Anodyne|Antidote(Cicuta)|Antitussive|Aphrodisiac|Asthma|Astringent|Bactericide|Bite(Snake)|Bladder|Bruise|Calmative|Cancer|Cancer(Uterus)|Carminative|Catarrh|Cold|Colic|Conjunctivitis|Cough|Demulcent|Diarrhea|Dysentery|Dysmenorrhea|Emollient|Enteritis|Enterorrhagia|Expectorant|Fever|Flux|Fumitory|Hemicrania|Hemostat|Hypertension|Hypnotic|Inflammation|Insomnia|Internulcer|Intoxicant|Leprosy|Leucorrhea|Malaria|Mania|Narcotic|Nausea|Nervine|Neuralgia|Otitis|Pertussis|Piles|Poison|Prolapse|Rectum|Respiratory|Rheumatism|Sedative|Soap|Spasm|Spermatorrhea|Sprain|Sudorific|Suicide|Swelling|Tonic|Tumor(Abdomen)|Ugh,,general_toxicity,,,,0
Paris polyphylla,Tsao Hsiu,,phytochemical,Cancer,Dr. Duke,,,Ague|Anthelminthic|Bite(Bug)|Bite(Rat)|Bite(Snake)|Boil|Bruise|Cancer|Constipation|Diphtheria|Eclampsia|Encephalitis|Fever|Inflammation|Puerperia|Scrofula|Sore|Spasm|Swelling|Tonic|Typhoid|Vermifuge,,,,,,0
Pastinaca sativa,Parsnip,,phytochemical,Cancer,Dr. Duke,,,Apertif|Bladder|Cancer|Carminative|Diuretic|Emmenagogue|Stomach|Stomachic|Stone,,pregnancy_caution,,,,0
Pelargonium sp,Geranio,,phytochemical,Cancer,Dr. Duke,,,Cancer|Perfume,,,,,,0
Petroselinum crispum,Parsley,,phytochemical,Cancer,Dr. Duke,,,Abortifacient|Antibiotic|Antifertility|Aperient|Apertif|Bite(Bug)|Bruise|Cancer|Carminative|Depurative|Diuretic|Ecbolic|Emmenagogue|Fever|Kidney|Parasiticide|Pediculicide|Poison|Spice|Stimulant|Stomachic|Sudorific|Uteritis,,general_toxicity;pregnancy_caution,,,,0
Peucedanum ostruthium,Walwurz,,phytochemical,Cancer,Dr. Duke,,,Bronchitis|Cancer|Catarrh|Diuretic|Liqueur|Stomachic|Tumor,,,,,,0
Pharbitis nil,,,phytochemical,Cancer,Dr. Duke,,,Ascites|Beri-Beri|Cancer|Diuretic|Dyspnea|Expectorant|Laxative|Poison|Purgative|Sore(Throat)|Vermifuge,,general_toxicity,,,,0
Phoenix dactylifera,Date,,phytochemical,Cancer,Dr. Duke,,,Ache(Stomach)|Ache(Tooth)|Ague|Analeptic|Anemia|Aphrodisiac|Asthma|Bronchitis|Cancer|Cancer(Uterus)|Catarrh|Chest|Coffee|Contraceptive|Cough|Demulcent|Diarrhea|Diuretic|Emollient|Energy|Estrogenic|Expectorant|Eye|Fatigue|Fever|Flu|Gonorrhea|Intoxicant|Laxative|Pectoral|Piles|Purgative|Refrigerant|Respiratory|Spleen|Sterility|Stomach|Thirst|Tonic|Tuberculosis|Urogenital|Virility,,general_toxicity,,,,0
Phormium tenax,"Flax,New Zealand",,phytochemical,Cancer,Dr. Duke,,,Cancer|Purgative|Tumor|Vermifuge,,,,,,0
Phytolacca americana,,,phytochemical,Cancer,Dr. Duke,,,Alterative|Arthritis|Bactericide|CNS stimulant|Cancer|Cancer(Breast)|Diuretic|Emetic|Eruption|Fatality|Fever|Laxative|Medicine|Mitogenic|Narcotic|Obesity|Poison|Poultice|Purgative|Rheumatism|Skin|Sore|Stimulant|Swelling|Syphilis|Tumor|Wound,,general_toxicity,,,,0
Picrorhiza kurroa,,,phytochemical,Cancer,Dr. Duke,,,Bactericide|Cancer|Cathartic|Cholagogue|Dropsy|Fever|Laxative|Malaria|Medicine|Stomach|Stomachic|Tumor,,,,,,0
Pilea microphylla,Doradilla,,phytochemical,Cancer,Dr. Duke,,,Bruise|Cancer|Diuretic|Intestine|Sore|Stomach|Vermifuge,,,,,,0
Pimpinella anisum,Anise,,phytochemical,Cancer,Dr. Duke,,,Abortifacient|Ache(Stomach)|Anodyne|Asthma|Balsamic|Cancer|Carminative|Cholera|Colic|Cough|Diaphoretic|Diuretic|Expectorant|Fumitory|Fungicide|Galactogogue|Gonorrhea|Kidney|Lactogogue|Pectoral|Spasm|Spice|Stimulant|Stomachic|Sudorific,,pregnancy_caution,,,,0
Pinellia sp,,,phytochemical,Cancer,Dr. Duke,,,Cancer,,,,,,0
Pinus quadrifolia,Pinon,,phytochemical,Cancer,Dr. Duke,,,Cancer,,,,,,0
Pinus sp,Pine,,phytochemical,Cancer,Dr. Duke,,,Ache(Tooth)|Anodyne|Cancer|Carminative|Chilblain|Cold|Corn|Ear|Eruption|Eye|Fever|Nausea|Pectoral|Puerperium|Rheumatism|Skin|Sore|Tendon|Tumor|Wound,,,,,,0
Piper betel,Phlu,,phytochemical,Cancer,Dr. Duke,,,Adenopathy|Anodyne|Antioxidant|Antiseptic|Aphrodisiac|Asthma|Astringent|Bactericide|Bite(Snake)|Bronchitis|Bruise|CNS depressant|Cancer|Carminative|Catarrh|Colic|Congestion|Contraceptive|Cough|Digestive|Diphtheria|Dysentery|Edema|Eye|Fungicide|Gargle|Inflammation|Inhalant|Itch|Laryngitis|Liver|Lung|Malaria|Masticatory|Phthisis|Pregnancy|Preventitive|Preventitive(Malaria)|Rheumatism|Satyriasis|Sore|Sore(Throat)|Sterilizant|Stimulant|Swelling|Syphilis|Thirst|Tuberculosis|Tumor|Womb|Wound,antioxidant,,,,,0
Piper nigrum,,,phytochemical,Cancer,Dr. Duke,,,Abortifacient|Ache(Head)|Antidote(Fish)|Antidote(Mushroom)|Antidote(Shellfish)|Antioxidant|Apertif|Bactericide|Cancer|Cancer(Face)|Cancer(Nose)|Cancer(Stomach)|Carminative|Cholera|Colic|Coma|Corn|Craw-Craw|Dhobi Itch|Diarrhea|Digestive|Dysentery|Dysuria|Fever|Fungicide|Gonorrhea|Groin|Malaria|Nausea|Perfume|Piles|Poison|Pungency|Rubefacient|Skin|Sore|Sore(Throat)|Spice|Sterilizant|Stimulant|Stomachic|Swelling|Tonic|Tumor(Abdomen)|Vertigo|Wen,antioxidant,general_toxicity;pregnancy_caution,,,,0
Pistacia khinjuk,,,phytochemical,Cancer,Dr. Duke,,,Cancer,,,,,,0
Pistacia lentiscus,Mastic,,phytochemical,Cancer,Dr. Duke,,,Analgesic|Antitussive|Apertif|Aphrodisiac|Aposteme|Astringent|Boil|Cancer|Cancer(Breast)|Canker|Carbuncle|Cardiodynia|Caries|Carminative|Condyloma(Anus)|Debility|Diarrhea|Diuretic|Excrescence(Anus)|Expectorant|Gingivitis|Hair-Oil|Halitosis|Hemostat|Internulcer|Masticatory|Mastitis|Phymata|Sclerosis(Liver)|Sclerosis(Spleen)|Sclerosis(Stomach)|Stimulant|Stomach|Stomachic|Sudorific|Tumor|Tumor(Fauces)|Tumor(Intestine)|Tumor(Lachrymae)|Tumor(Parotid)|Tumor(Spleen)|Tumor(Stomach)|Tumor(Testicle),,,,,,0
Pistacia terebinthus,Turpentine Resin,,phytochemical,Cancer,Dr. Duke,,,Ascites|Callus|Cancer|Cancer(Breast)|Cancer(Face)|Cancer(Lip)|Cancer(Liver)|Cancer(Medullary)|Cancer(Pylorus)|Cancer(Rectum)|Cancer(Spleen)|Cancer(Testicle)|Cancer(Tongue)|Cancer(Uterus)|Cancer(Vagina)|Carcinoma|Corn|Cyst|Epithelioma|Excrescence|Fungoid|Hair-Oil|Inflammation|Melanosis|Mouthwash|Polyp|Sclerosis(Breast)|Sclerosis(Liver)|Skin|Tumor|Tumor(Spleen),,,,,,0
Plantago cordata,Cancerroot,,phytochemical,Cancer,Dr. Duke,,,Cancer,,,,,,0
Plantago lanceolata,Ribwort,,phytochemical,Cancer,Dr. Duke,,,Alterative|Apertif|Asthma|Astringent|Bactericide|Cancer|Chest|Contraceptive|Cough|Deobstruent|Depurative|Diuretic|Emollient|Expectorant|Hemostat|Lung|Purgative|Refrigerant|Sore|Vulnerary|Wound,,,,,,0
Plantago major,,,phytochemical,Cancer,Dr. Duke,,,Ache(Ear)|Ache(Head)|Ache(Tooth)|Alexiteric|Alterative|Amebiasis|Anodyne|Antidiarrheic|Antidote(Bee sting)|Antiphlogistic|Antitussive|Apertif|Aphrodisiac|Astringent|Bacteriostat|Bite(Bug)|Bite(Snake)|Bladder|Bladder stone|Blepharitis|Blister|Boil|Bruise|Burn|Cachexia|Cancer|Cancer(Mouth)|Cancer(Uterus)|Catarrh|Chest|Cold|Collyrium|Conjunctivitis|Cough|Debility|Demulcent|Deobstruent|Depurative|Diabetes|Diarrhea|Diuretic|Dysentery|Dysuria|Ecthyma|Edema|Emission|Epistaxis|Expectorant|Fever|Gargle|Gonorrhea|Gravel|Hematuria|Hemostat|Homeopathy|Hypertension|Impetigo|Infection|Inflammation|Kidney|Labor|Laxative|Liver|Lung|Nephritis|Neuroblastoma|Onychyosis|Ophthalmia|Piles|Poultice|Prostatitis|Protisticide|Refrigerant|Renitis|Rheumatism|Sedative|Skin|Sore|Spermatorrhea|Sterility(Male)|Stimulant|Sting|Stomatitis|Stone|Suppurative|Thrush|Tonic|Tumor|Tumor(Feet)|Ulcer|Urethritis|Urogenital|Vermifuge|Vulnerary|Wart|Wound,,,,,,0
Plantago media,Plantago,,phytochemical,Cancer,Dr. Duke,,,Bronchitis|Cancer,,,,,,0
Platanus orientalis,"Planetree,Oriental",,phytochemical,Cancer,Dr. Duke,,,Cancer|Cyanogenetic|Diarrhea|Dysentery|Ophthalmia|Rheumatism|Scurvy|Tonic,,,,,,0
Platycodon grandiflorum,,,phytochemical,Cancer,Dr. Duke,,,Abscess|Appendicitis|Astringent|Bowel|Bronchitis|Cancer|Carminative|Chill|Cold|Cough|Demulcent|Diarrhea|Drainage|Dyspepsia|Expectorant|Fever|Hypertension|Inflammation|Laryngitis|Lung|Nausea|Piscicide|Pneumonia|Sedative|Sore|Stomachic|Suppurative|Swelling|Throat|Tonic|Tonsillitis|Vermifuge,,,,,,0
Plumbago pulchella,Panete,,phytochemical,Cancer,Dr. Duke,,,Ache(Tooth)|Arthritis|Cancer|Dropsy|Edema|Emetic|Erysipelas|Infarct|Itch|Paralysis|Poison|Purgative|Rheumatism|Rubefacient|Sore|Tumor|Ulcer|Vesicant,,general_toxicity,,,,0
Plumbago sp,Plumbago,,phytochemical,Cancer,Dr. Duke,,,Cancer,,,,,,0
Plumeria sucuuba,,,phytochemical,Cancer,Dr. Duke,,,Cancer,,,,,,0
Podophyllum versipelle,Pa Chio Lien,,phytochemical,Cancer,Dr. Duke,,,Antidote(Arrow poison)|Antiseptic|Bite(Snake)|Cancer|Cough|Fetus|Jaundice|Malaria|Poison|Sore,,general_toxicity,,,,0
Polygonum amphibium,Serpentine,,phytochemical,Cancer,Dr. Duke,,,Aphrodisiac|Astringent|Cancer|Depurative|Detersive|Diuretic|Refrigerant|Sudorific|Tonic,,,SERPENTINE,Antibacterial;Antitumor;Carcinogenic;Fungicide;Hypotensive;Pesticide;Sedative;Topoisomerase-II-Inhibitor;Tranquilizer,ADD;AIDS/HIV;Aging;Angina;Anthrax;Anxiety Disorders;Apoplexy/Stroke;Arrhythmia (Cardiac);Arteriosclerosis/Atherosclerosis;Athletes Foot;BO (Body Odor);BPH;Backache;Bipolar;Breached Birth;Bronchitis;Burns;Cancer;Candidiasis;Canker Sores;Cardiopathy/Heart Problems;Caries;Carpal Tunnel Syndrome (CTS);Chronic Venous Insufficiency/CVI;Cold/Flu;Conjunctivitis;Cough;Cramp;Crohns Disease;Dandruff;Decubitis;Dermatitis/Dermatoses;Diarrhea;Diverticulitis;Dysentery;Dysmenorrhea;Dyspepsia/Indigestion;Epilepsy;Fever;Fibromyalgia;Fungus/Mycosis;GERD / Esophageal Reflux;Giardia;Gingivitis;Glaucoma;Halitosis;Hangover;Headache;Heart Attack/Coronary Infarct;Herpes;High Blood Pressure/Hypertension;High Cholesterol/Hypercholesterolemia;IBD;Incontinence;Infarction;Infection;Insomnia;Intestinal Parasites;Ischemia;Leishmaniasis;Lipoma;Lyme Disease (Chronic);Lyme Disease (Initial);MRSA;Malaria;Melanoma;Migraine;Motion Sickness;Nausea;Neuropathy;Nightmare;Otitis/Earache;Pain;Parkinsons Disease;Pneumonia;Premenstrual Syndrome/PMS;Sepsis;Sinusitis;Sore;Sore Throat / Laryngitis / Pharyngitis;Stomatosis;Stress;Sunburn;Syndrome X;Thrombosis / Blood Clot;Tinnitus;Toothache;Tuberculosis;UTI;Ulcer;Vaginitis;Wound;Yeast Infection,22
Polygonum aviculare,Knowgrass,,phytochemical,Cancer,Dr. Duke,,,Anodyne|Antiseptic|Anus|Asthma|Astringent|Bactericide|Bronchitis|Cancer|Cathartic|Chancroid|Charm|Chest|Cholagogue|Cold|Demulcent|Diabetes|Diarrhea|Diuretic|Dysentery|Dysuria|Eczema|Emetic|Emollient|Fever|Gargle|Gonorrhea|Hematuria|Hemostat|Internulcer|Jaundice|Kidney|Laxative|Lung|Malaria|Menorrhagia|Piles|Pruritis|Rheumatism|Roundworms|Sore|Stone|Tea|Tonic|Tonsillitis|Tumor|Urogenital|Vaginitis|Venereal|Vermifuge|Vulnerary,,,,,,0
Polygonum barbatum,Mao Liao,,phytochemical,Cancer,Dr. Duke,,,Arthritis|Astringent|Cancer|Cicatrizant|Colic|Diarrhea|Emetic|Infertility|Piscicide|Purgative|Refrigerant|Sore|Tonic|Vulnerary|Wound|Wound(Veterinary),,,,,,0
Polygonum hydropiper,Pweve D'Ewe,,phytochemical,Cancer,Dr. Duke,,,Ache(Tooth)|Antiseptic|Arthralgia|Bactericide|CNS stimulant|Cancer|Carminative|Contraceptive|Detersive|Diarrhea|Diuretic|Dysentery|Emmenagogue|Enterorrhagia|Heatstroke|Hemostat|Insectifuge|Itch|Kidney|Larvicide|Lithontriptic|Medicine|Piscicide|Poison|Repellant(Insect)|Rheumatism|Rubefacient|Sedative|Skin|Stimulant|Stomatitis|Styptic|Sudorific|Tonic|Tumor|Uteritis|Uterotonic|Uterus|Vasoconstrictor|Vermifuge|Wound,,general_toxicity;pregnancy_caution,,,,0
Polygonum lapathifolium,,,phytochemical,Cancer,Dr. Duke,,,Antiseptic|Bactericide|Cancer|Hepatoma|Poison|Sore|Tumor,,general_toxicity,,,,0
Polygonum longiseta,,,phytochemical,Cancer,Dr. Duke,,,Cancer,,,,,,0
Polygonum multiflorum,Ho Shou Wu,,phytochemical,Cancer,Dr. Duke,,,Ache(Back)|Anemia|Antidote(Scorpion)|Antiprogestational|Arthritis|Bite(Snake)|Blood|Bruise|Cancer|Carcinoma(Breast)|Cold|Constipation|Diarrhea|Dysmenorrhea|Fertility|Fever|Hairblack|Hematogenic|Hepatitis|Hyperglycemia|Immortality|Insomnia|Itch|Kidney|Knee|Liver|Lymphadenitis|Nervine|Neurasthenia|Parturition|Piles|Puerperium|Repellant(Snake)|Restorative|Rickets|Scabies|Scrofula|Scurvy|Sedative|Skin|Splenitis|Tonic|Trauma|Tumor|Vertigo,,,,,,0
Polypodium lingua,Chin Hsing Tsao,,phytochemical,Cancer,Dr. Duke,,,Adenopathy|Antidote(Brimstone)|Astringent|Cancer|Carbuncle|Carcinoma|Cystitis|Diuretic|Gonorrhea|Hair-Tonic|Menorrhagia|Refrigerant|Scrofula|Sore|Urethrorrhagia|Wound,,,,,,0
Polypodium vulgare,Polypody,,phytochemical,Cancer,Dr. Duke,,,Alterative|Aperient|Apertif|Astringent|Cancer|Chest|Cholagogue|Cold|Cough|Deobstruent|Dyspepsia|Expectorant|Liqueur|Pectoral|Purgative|Skin|Sore(Throat)|Stomach|Sweetener|Vermifuge,,,,,,0
Populus candicans,Balm Of Gilead,,phytochemical,Cancer,Dr. Duke,,,Cancer,,,,,,0
Populus nigra,"Poplar,Black",,phytochemical,Cancer,Dr. Duke,,,Anodyne|Bladder|Cancer|Cancer(Prostate)|Cold|Depurative|Diuretic|Febrifuge|Fever|Hair-Tonic|Piles|Prostatitis|Sudorific|Tonic|Tumor|Vulnerary,,,,,,0
Potamogeton crispus,"Caltrop,Water",,phytochemical,Cancer,Dr. Duke,,,Cancer,,,,,,0
Potamogeton densus,Saligot,,phytochemical,Cancer,Dr. Duke,,,Cancer,,,,,,0
Potentilla anserina,Genserich,,phytochemical,Cancer,Dr. Duke,,,Anodyne|Arthritis|Astringent|Cancer|Corn|Cramp|Diarrhea|Dysmenorrhea|Intestine|Kidney|Leucorrhea|Litholytic|Polyp|Scurvy|Spasm|Stone|Styptic|Tonic|Vulnerary,,,,,,0
Potentilla reptans,Penthafilon,,phytochemical,Cancer,Dr. Duke,,,Astringent|Cancer|Depurative|Diarrhea|Fever|Hemostat|Lotion|Metrorrhagia|Tumor|Uterus,,,,,,0
Prosopis sp,Dive Dive,,phytochemical,Cancer,Dr. Duke,,,Cancer,,,,,,0
Prunella vulgaris,Consolida Minor,,phytochemical,Cancer,Dr. Duke,,,Abscess|Ache(Head)|Alterative|Antiphlogistic|Antiseptic|Anxiety|Astringent|Boil|Bruise|Cancer|Carminative|Colic|Conjunctivitis|Diarrhea|Diuretic|Dysuria|Enterorrhagia|Expectorant|Fever|Gargle|Goiter|Gout|Hemorrhage|Hepatitis|Hypertension|Inflammation|Leucorrhea|Medicine|Ophthalmia|Panacea|Piles|Refrigerant|Rheumatism|Scrofula|Sore(Throat)|Spasm|Stomachic|Styptic|Swelling|Tinnitus|Tonic|Tumor(Lung)|Unguent|Vertigo|Vulnerary|Wound,,,,,,0
Prunus laurocerasus,Cherry Laurel,,phytochemical,Cancer,Dr. Duke,,,Anodyne|Antitussive|Cancer|Cough|Cyanogenetic|Narcotic|Nausea|Poison|Sedative|Spasm|Tonic|Tumor,,general_toxicity,,,,0
Prunus mume,Mei,,phytochemical,Cancer,Dr. Duke,,,Abdomen|Achlorhydria|Adenopathy|Anodyne|Antidote(Fish)|Antidote(Sulfur)|Apertif|Astringent|Cancer|Cancer(Breast)|Cancer(Gastric)|Cancer(Lymph)|Cancer(Nose)|Cancer(Pharynx)|Cancer(Thyroid)|Carminative|Cholera|Cold|Cough|Cyanogenetic|Diarrhea|Dysentery|Epilepsy|Fever|Flux|Food|Malaria|Menorrhagia|Nausea|Ornament|Preventitive(Boil)|Preventitive(Heat-Rash)|Spasm|Stomachic|Styptic|Syphilis|Thirst|Typhoid|Vermifuge|Wound,,,,,,0
Prunus padus,Hegg,,phytochemical,Cancer,Dr. Duke,,,Astringent|Cancer|Cough|Cyanogenetic|Diuretic|Fever|Poison|Sedative|Spasm|Stomachic|Sudorific|Tonic,,general_toxicity,,,,0
Prunus persica,,,phytochemical,Cancer,Dr. Duke,,,Ache(Ear)|Ache(Head)|Alterative|Anodyne|Antiphlogistic|Antitussive|Aperient|Appendicitis|Astringent|Blister|Boil|Bronchitis|Bruise|Burn|Cancer|Cancer(Esophagus)|Cathartic|Constipation|Cyanogenetic|Demulcent|Diuretic|Dropsy|Dysentery|Dysmenorrhea|Dyspepsia|Eczema|Expectorant|Fever|Food|Fumitory|Halitosis|Hemorrhage|Hyperemia|Hypertension|Laxative|Lockjaw|Ornament|Pneumonia|Poison|Poison-Ivy|Poultice|Preventitive|Purgative|Scurvy|Sedative|Shingles|Skin|Sore(Throat)|Vermifuge|Wart|Wound,,general_toxicity,,,,0
Prunus serotina,"Cherry,Wild",,phytochemical,Cancer,Dr. Duke,,,Anodyne|Astringent|Bronchitis|Calmative|Cancer|Cold|Cough|Cyanogenetic|Diarrhea|Dyspepsia|Expectorant|Fever|Liqueur|Measles|Medicine|Metrorrhagia|Myalgia|Nervine|Parturition|Pectoral|Phthisis|Poison|Scrofula|Sedative|Syphilis|Tonic|Tuberculosis|Vermifuge,,general_toxicity,,,,0
Prunus sp,Almond,,phytochemical,Cancer,Dr. Duke,,,Cancer|Polyp(Nose)|Preventitive(Cancer)|Rhinitis|Tumor,,,,,,0
Prunus spinosa,Sloethorn,,phytochemical,Cancer,Dr. Duke,,,Astringent|Cancer|Cyanogenetic|Depurative|Diuretic|Emmenagogue|Fever|Laxative|Liqueur|Nephritis|Purgative|Styptic|Vermifuge,,pregnancy_caution,,,,0
Marsdenia equatoriensis,Condurango Blanco,,phytochemical,Cancer,Dr. Duke,,,Cancer,,,,,,0
Mentha cervinum,Peny Royall,,phytochemical,Cancer,Dr. Duke,,,Cancer,,,,,,0
Pulicaria vulgaris,Pulicaria,,phytochemical,Cancer,Dr. Duke,,,Cancer,,,,,,0
Punica granatum,Granada,,phytochemical,Cancer,Dr. Duke,,,Ache(Stomach)|Amygdalitis|Anodyne|Asthma|Astringent|Bactericide|Bilious|Breast (Caked)|Bronchitis|Cancer|Cardiac|Cardiotonic|Colic|Cough|Dermatosis|Diarrhea|Dysentery|Dysmenorrhea|Dyspepsia|Emission|Fever|Flux|Gingivitis|Hair-Dye|Hairwhite|Heart|Hemorrhagia|Inflammation|Leucorrhea|Malaria|Menorrhagia|Metrorrhagia|Night-Sweat|Ophthalmia|Paralysis|Piles|Pimple|Poison|Prolapse|Rectum|Refrigerant|Stimulant|Stomach|Stomachic|Stomatitis|Styptic|Taenicide|Taenifuge|Tapeworm|Thirst|Throat|Tumor(Abdomen)|Tumor(Stomach)|Urogenital|Vermifuge,,general_toxicity,,,,0
Pyrola bracteata,"Lettuce,Cancer",,phytochemical,Cancer,Dr. Duke,,,Cancer,,,,,,0
Pyrola minor,Wintergreen,,phytochemical,Cancer,Dr. Duke,,,Cancer,,,,,,0
Pyrola rotundifolia,"Pyrola,Round-Leaved",,phytochemical,Cancer,Dr. Duke,,,Astringent|Bactericide|Bite(Bug)|Bite(Dog)|Bite(Snake)|Cancer|Diuretic|Hematochezia|Hemorrhage|Hemostat|Litholytic|Lithontriptic|Metrorrhagia|Sore|Spasm|Sudorific|Tea|Urogenital|Vulnerary|Wart|Wound,,,,,,0
Quassia simaruba,Simaruba,,phytochemical,Cancer,Dr. Duke,,,Cancer,,,,,,0
Quercus alba,"Oak,White",,phytochemical,Cancer,Dr. Duke,,,Arthritis|Astringent|Burn|Cancer|Eye|Fever|Head|Hemostat|Medicine|Piles|Rheumatism|Sore|Stomatitis|Styptic|Tonic,,,,,,0
Quercus falcata,"Oak,Spanish",,phytochemical,Cancer,Dr. Duke,,,Cancer|Tea,,,,,,0
Quercus gambelii,Encino,,phytochemical,Cancer,Dr. Duke,,,Cancer,,,,,,0
Quercus rubra,"Oak,Red",,phytochemical,Cancer,Dr. Duke,,,Cancer|Cancer(Nose),,,,,,0
Quercus sp,Akame-Gasiwa,,phytochemical,Cancer,Dr. Duke,,,Adenopathy|Anodyne|Astringent|Cancer|Coffee|Congestion|Diarrhea|Diuretic|Dysentery|Epilepsy|Erythema|Flux|Fungicide|Gum|Intestine|Piles|Poison|Puerperium|Sore|Spasm|Stomach|Styptic|Tea|Thirst|Tubercle|Tumor|Vermifuge|Vertigo,,general_toxicity,,,,0
Quercus velutina,"Oak,Black",,phytochemical,Cancer,Dr. Duke,,,Astringent|Cancer|Diarrhea|Eye|Laxative|Nerves|Rheumatism|Tonic|Tuberculosis,,,,,,0
Ranunculus acris,Mao Ken,,phytochemical,Cancer,Dr. Duke,,,Ague|Cancer|Colic|Counterirritant|Hallucinogen|Inflammation|Poison|Sore|Vesicant|Wart,,general_toxicity,,,,0
Ranunculus apiifolius,,,phytochemical,Cancer,Dr. Duke,,,Cancer,,,,,,0
Ranunculus flagelliformis,,,phytochemical,Cancer,Dr. Duke,,,Cancer,,,,,,0
Ranunculus flammula,"Spearwort,Lesser",,phytochemical,Cancer,Dr. Duke,,,Cancer,,,,,,0
Ranunculus pinnatus,Tongotramboabe,,phytochemical,Cancer,Dr. Duke,,,Cancer,,,,,,0
Ranunculus pusillus,"Spearwort,Lesser",,phytochemical,Cancer,Dr. Duke,,,Cancer,,,,,,0
Ranunculus sp,,,phytochemical,Cancer,Dr. Duke,,,Cancer|Excrescence|Poison,,general_toxicity,,,,0
Ranunculus sylvestris,,,phytochemical,Cancer,Dr. Duke,,,Cancer,,,,,,0
Rehmannia glutinosa,,,phytochemical,Cancer,Dr. Duke,,,Alterative|Anemia|Aperient|Cachexia|Cancer|Cancer(Stomach)|Cardiotonic|Cough|Depurative|Diabetes Mellitis|Diphtheria|Diuretic|Dysuria|Ear|Eczema|Ejaculation|Epistaxis|Eye|Fatigue|Febrifuge|Fever|Fracture|Hematemesis|Hematinic|Hemoptysis|Hemorrhage|Hemostat|Hyperglycemia|Hypertension|Kidney|Liver|Longevity|Lumbago|Marasmus|Marrow|Menoxenia|Metroxenia|Nerves|Pregnancy|Psoriasis|Puerperium|Refrigerant|Rejuvenation|Sialogogue|Sore|Tendon|Thirst|Tinnitus|Tonic|Tonsillitis|Tumor(Nose)|Vertigo|Wet-Dream,,,,,,0
Rhamnus catharticus,Tufty Thorn,,phytochemical,Cancer,Dr. Duke,,,Cancer|Purgative,,,,,,0
Rhamnus frangula,Tufty Thorn,,phytochemical,Cancer,Dr. Duke,,,Aperient|Cancer|Cyanogenetic,,,,,,0
Rheum officinale,,,phytochemical,Cancer,Dr. Duke,,,Aperient|Astringent|Bactericide|Boil|Burn|Cancer|Cancer(Cervix)|Cancer(Stomach)|Congestion|Cosmetic|Decoagulant|Depurative|Diarrhea|Dysentery|Dyspareunia|Dysuria|Fever|Freckles|Fumitory|Gynecopathy|Jaundice|Laxative|Malaria|Poison|Purgative|Sore|Stomachic|Tonic|Vermifuge,,general_toxicity,,,,0
Rheum sp,Rhubarb,,phytochemical,Cancer,Dr. Duke,,,Cancer,,,,,,0
Rhus glabra,White Shoemake,,phytochemical,Cancer,Dr. Duke,,,Adenopathy|Alterative|Asthma|Astringent|Cancer|Diabetes|Diuretic|Dysentery|Dysmenorrhea|Fever|Fumitory|Gargle|Gonorrhea|Hemostat|Laxative|Lymphitis|Medicine|Refrigerant|Skin|Sore|Sore(Throat)|Throat|Tonic|Tuberculosis|Urogenital|Wart|Wound,,,,,,0
Rhus radicans,Poison-Ivy,,phytochemical,Cancer,Dr. Duke,,,Cancer|Poison,,general_toxicity,,,,0
Rhus toxicodendron,,,phytochemical,Cancer,Dr. Duke,,,Cancer,,,,,,0
Rhus vernix,Poison Elder,,phytochemical,Cancer,Dr. Duke,,,Cancer|Wart,,,,,,0
Ricinus communis,"Bean,Castor",,phytochemical,Cancer,Dr. Duke,,,Abscess|Ache(Head)|Ache(Stomach)|Ache(Tooth)|Anodyne|Antidote|Anus|Aperient|Arthritis|Asthma|Bactericide|Bite(Dog)|Blister|Boil|Breast|Burn|Cancer|Cancer(Stomach)|Carbuncle|Catarrh|Cathartic|Chancre|Chest|Cholera|Cold|Colic|Collyrium|Convulsion|Craw-Craw|Cyanogenetic|Deafness|Delirium|Dermatitis|Dermatosis|Discutient|Emetic|Emollient|Empacho|Epilepsy|Erysipelas|Evil eye|Expectorant|Fatality|Fever|Flu|Frambesia|Gout|Guineaworms|Gunshot|Hair-Oil|Inflammation|Insecticide|Intoxication|Jaundice|Lactafuge|Lactagogue|Lactogogue|Larvicide|Laxative|Leprosy|Lumbago|Lymphadenopathy|Medicine|Mole|Myalgia|Nerves|Node|Palsy|Parturition|Pectoral|Placenta|Poison|Poultice|Prolapse|Puerperium|Purgative|Rash|Rheumatism|Scald|Scrofula|Seborrhea|Shampoo|Skin|Soap|Sore|Sore(Head)|Sprain|Stomach|Strabismus|Suppurative|Swelling|Tonic|Tuberculosis|Tumor|Tumor(Abdomen)|Tumor(Breast)|Urethritis|Uterus|Venereal|Vermifuge|Wart|Whitlow|Womb|Wound|Wound(Veterinary),,general_toxicity,,,,0
Rivina humilis,Yerba De Cancer,,phytochemical,Cancer,Dr. Duke,,,Ache(Stomach)|Cancer|Catarrh|Fever|Poison|Wound,,general_toxicity,,,,0
Rosa gallica,Rose,,phytochemical,Cancer,Dr. Duke,,,Asthma|Astringent|Bowel|Bronchitis|Cancer|Cardiotonic|Carminative|Debility|Mucus|Nervine|Refrigerant|Skin|Stomachic|Tonic|Tumor,,,,,,0
Rosa sp,Rose,,phytochemical,Cancer,Dr. Duke,,,Calmative|Cancer|Collyrium|Diarrhea|Fumitory|Gargle|Mouth|Sclerosis|Soporific|Stomachic|Tumor,,,,,,0
Rosmarinus officinalis,Romarin,,phytochemical,Cancer,Dr. Duke,,,Abortifacient|Ache(Head)|Ache(Stomach)|Alopecia|Amenorrhea|Antiseptic|Aperient|Asthma|Astringent|Bactericide|Bilious|Calmative|Cancer|Cancer(Liver)|Cardiotonic|Carminative|Catarrh|Chill|Cholagogue|Cold|Cold(Head)|Colic|Contraceptive|Diaphoretic|Disinfectant|Diuretic|Douche|Dysmenorrhea|Dyspepsia|Emmenagogue|Evil eye|Fumigant|Fumitory|Intellect|Liniment|Lung|Metrorrhagia|Nerves|Nervine|Paralysis|Protisticide|Repellant(Witch)|Rheumatism|Rubefacient|Sinusitis|Sore(Throat)|Spasm|Stimulant|Stomach|Stomachic|Stress|Sudorific|Tea|Tonic|Tranquilizer|Tumor|Vermifuge|Vulnerary|Wart|Wen,,pregnancy_caution,,,,0
Rubus chamaemorus,Bramble,,phytochemical,Cancer,Dr. Duke,,,Cancer,,,,,,0
Rubus saxatilis,Rubus Idaeus,,phytochemical,Cancer,Dr. Duke,,,Cancer,,,,,,0
Rubus trivialis,Dewberry,,phytochemical,Cancer,Dr. Duke,,,Cancer,,,,,,0
Rumex acetosa,Sorrel,,phytochemical,Cancer,Dr. Duke,,,Apertif|Bronchitis|Cancer|Carminative|Convulsion|Depurative|Diarrhea|Diuretic|Fever|Freckle|Hemostat|Homeopathy|Parasiticide|Poison|Purgative|Refrigerant|Scurvy|Skin|Styptic|Sudorific|Tonic|Tumor,,general_toxicity,,,,0
Rumex acetosella,Sheep Sorrel,,phytochemical,Cancer,Dr. Duke,,,Cancer|Cancer(Throat)|Depurative|Diaphoretic|Diuretic|Fever|Poison|Purgative|Refrigerant|Scurvy|Skin|Styptic|Sudorific|Tumor|Tumor(Eye)|Wart,,general_toxicity,,,,0
Rumex crispus,"Dock,Yellow",,phytochemical,Cancer,Dr. Duke,,,Alterative|Antiseptic|Astringent|Boil|Cancer|Cathartic|Constipation|Depurative|Diuretic|Dysentery|Emollient|Fever|Hivess|Homeopathy|Itch|Laxative|Medicine|Nerves|Parasiticide|Poison|Purgative|Refrigerant|Ringworm|Scurvy|Sedative|Skin|Suppurative|Tea|Tinea|Tonic|Tumor,,general_toxicity,,,,0
Rumex obtusifolius,Lapathus,,phytochemical,Cancer,Dr. Duke,,,Antidote(Nettle)|Blister|Burn|Cancer|Collyrium|Depurative|Itch|Laxative|Poultice|Scald|Scrofula|Skin|Sore|Swelling|Tonic|Tumor|Venereal,,,,,,0
Rumex sanguineus,"Dock,Bloody-Veined",,phytochemical,Cancer,Dr. Duke,,,Apertif|Astringent|Cancer|Diuretic|Dysmenorrhea|Hematochezia|Hematoptysis|Hematuria|Leucorrhea|Metrorrhagia,,,,,,0
Ruta graveolens,Rue,,phytochemical,Cancer,Dr. Duke,,,Abortifacient|Acaricide|Ache(Ear)|Ache(Head)|Ache(Tooth)|Amenorrhea|Anaphrodisiac|Antidote|Antifertility|Apertif|Arthritis|Bactericide|Bite(Bug)|Bite(Snake)|Cancer|Carminative|Cold|Colic|Convulsion|Cough|Detersive|Digestive|Diuretic|Dyspepsia|Earache|Emmenagogue|Epilepsy|Excrescence|Fertility|Fever|Hematuria|Hemostat|Hysteria|Insecticide|Itch|Malaria|Medicine|Narcotic|Nervine|Neuralgia|Poison|Poultice|Puerperium|Resolvent|Revulsive|Rheumatism|Sedative|Spasm|Spermicide|Spice|Stimulant|Uterotonic|Vermifuge|Whitlow,,general_toxicity;pregnancy_caution,,,,0
Salix babylonica,,,phytochemical,Cancer,Dr. Duke,,,Antiseptic|Astringent|Cancer|Carbuncle|Fever|Gonorrhea|Jaundice|Malaria|Rheumatism|Sore|Tea|Tonic|Vermifuge,,,,,,0
Salix purpurea,P'U Yang,,phytochemical,Cancer,Dr. Duke,,,Anodyne|Astringent|Cancer|Dysentery|Fever|Malaria|Rheumatism|Smallpox|Sore|Styptic|Tonic,,,,,,0
Salix sp,Willow,,phytochemical,Cancer,Dr. Duke,,,Abrasion|Cancer|Collyrium|Diarrhea|Dysentery|Fever|Flu|Fumitory|Wart,,,,,,0
Salvia horminium,Orminon,,phytochemical,Cancer,Dr. Duke,,,Cancer,,,,,,0
Salvia indica,Hierba De Cancer,,phytochemical,Cancer,Dr. Duke,,,Cancer,,,,,,0
Salvia sp,Sage,,phytochemical,Cancer,Dr. Duke,,,Ache(Stomach)|Bilious|Bruise|Cancer|Colic|Neuralgia|Pimple|Sore|Swelling|Tetanus,,,,,,0
Salvia verbenaca,"Clary,Wild",,phytochemical,Cancer,Dr. Duke,,,Cancer|Vulnerary,,,,,,0
Sambucus canadensis,Elder,,phytochemical,Cancer,Dr. Duke,,,Ache(Head)|Ache(Tooth)|Alterative|Aperient|Asthma|Breast|Bronchitis|Bruise|Cancer|Carminative|Cathartic|Cold|Collyrium|Cyanogenetic|Depurative|Diaphoretic|Diuretic|Dropsy|Emetic|Epilepsy|Excitant|Fever|Gout|Homeopathy|Hydragogue|Intoxicant|Laxative|Liqueur|Mouthwash|Neuralgia|Poison|Poultice|Psoriasis|Refrigerant|Repellant(Mole)|Rheumatism|Skin|Sore|Sore(Throat)|Stimulant|Sudorific|Swelling|Syphilis|Tea,,general_toxicity,,,,0
Samolus valerandi,Brookweed,,phytochemical,Cancer,Dr. Duke,,,Cancer|Scurvy|Vulnerary,,,,,,0
Sanguinaria canadensis,,,phytochemical,Cancer,Dr. Duke,,,Alterative|Anemia|Aphrodisiac|Burn|Cancer|Cosmetic|Cough|Divination|Emetic|Emmenagogue|Expectorant|Fever|Laxative|Medicine|Narcotic|Poison|Polyp(Nose)|Preventitive|Rheumatism|Sedative|Sore(Throat)|Sternutatory|Stimulant|Tea|Tonic|Vermifuge,,general_toxicity;pregnancy_caution,,,,0
Sanguisorba minor,Burnet,,phytochemical,Cancer,Dr. Duke,,,Apertif|Astringent|Cancer|Hemostat,,,,,,0
Penaea fucata,Sarcocolla,,phytochemical,Cancer,Dr. Duke,,,Cancer,,,,,,0
Sassafras albidum,Sassafras,,phytochemical,Cancer,Dr. Duke,,,/|Ache(Tooth)|Alterative|Analgesic|Anodyne|Antiseptic|Astringent|Bronchitis|Cancer|Carcinogenic|Carminative|Catarrh|Cold|Demulcent|Dentifrice|Dentistry|Depurative|Diaphoretic|Diuretic|Dysentery|Emmenagogue|Eye|Fatality|Fungicide|Gout|Hypertension|Kidney|Massage|Medicine|Mouthwash|Pediculicide|Perfume|Repellant(Insect)|Respiratory|Rheumatism|Rubefacient|Scurvy|Skin|Sore|Stimulant|Sudorific|Swelling|Syphilis|Tea|Tonic|Viricide|Weaning,,genotoxic;pregnancy_caution,,,,0
Satureja calamintha,Calamint,,phytochemical,Cancer,Dr. Duke,,,Cancer|Diaphoretic|Expectorant|Sclerosis(Spleen)|Tonic,,,,,,0
Saussurea lappa,,,phytochemical,Cancer,Dr. Duke,,,Ache(Stomach)|Anodyne|Antiseptic|Aphrodisiac|Asthma|Bronchitis|Cancer|Cancer(Esophagus)|Candida|Carminative|Cholera|Circulation|Cough|Diarrhea|Digestive|Diuretic|Dysentery|Dyspepsia|Energy|Expectorant|Fumigant|Fumitory|Fungicide|Hairblack|Hypotension|Incense|Insecticide|Nausea|Opiate|Perfume|Preventitive|Sedative|Shampoo|Skin|Spasm|Stimulant|Stomachic|Tonic|Tumor|Tumor(Lung)|Tympanitis|Viricide,,,,,,0
Scabiosa columbaria,Scabiosa,,phytochemical,Cancer,Dr. Duke,,,Cancer|Colic|Dysmenorrhea|Intestine|Parturition,,,,,,0
Scaevola spinescens,,,phytochemical,Cancer,Dr. Duke,,,Cancer,,,,,,0
Schoenocaulon officinale,Cevadilla,,phytochemical,Cancer,Dr. Duke,,,Cancer|Cathartic|Emetic|Homicide|Insecticide|Neuralgia|Pediculicide|Poison|Rheumatism|Vermifuge,,general_toxicity,,,,0
Scindapsus officinalis,,,phytochemical,Cancer,Dr. Duke,,,Ache(Stomach)|Aphrodisiac|Asthma|Cancer|Carminative|Chancre|Cholera|Colic|Diaphoretic|Diarrhea|Dyspepsia|Expectorant|Hemorrhage|Hyperglycemia|Pleuritis|Pneumonia|Protisticide|Rheumatism|Scabies|Septicemia|Stimulant|Syphilis|Urticaria|Vermifuge,,,,,,0
Scirpus lacustris,,,phytochemical,Cancer,Dr. Duke,,,Astringent|Cancer|Diuretic|Poison,,general_toxicity,,,,0
Scleranthus annuus,,,phytochemical,Cancer,Dr. Duke,,,Ache(Tooth)|Cancer,,,,,,0
Scleranthus perennis,,,phytochemical,Cancer,Dr. Duke,,,Cancer,,,,,,0
Scrophularia foetida,,,phytochemical,Cancer,Dr. Duke,,,Cancer,,,,,,0
Scrophularia nodosa,L'Herbe Chancreuse,,phytochemical,Cancer,Dr. Duke,,,Abscess|Anodyne|Cancer|Carcinoma|Condyloma|Depurative|Diuretic|Eczema|Inflammation|Narcotic|Poison|Scrofula|Skin|Vulnerary|Wound,,general_toxicity,,,,0
Scrophularia peregrina,Galiopsis,,phytochemical,Cancer,Dr. Duke,,,Cancer,,,,,,0
Scutellaria barbata,,,phytochemical,Cancer,Dr. Duke,,,Alexiteric|Anodyne|Bite(Snake)|Boil|Cancer|Cancer(Cervix)|Cancer(Digestive)|Cancer(Esophagus)|Cancer(Stomach)|Diuretic|Fever|Hepatomegaly|Lymphadenitis|Neophasia|Schistosomiasis|Sore(Throat)|Splenomegaly|Tumor|Tumor(Lung),,,,,,0
Scutellaria lateriflora,Skullcap,,phytochemical,Cancer,Dr. Duke,,,Afterbirth|Astringent|Cancer|Convulsion|Diarrhea|Emmenagogue|Heart|Hysteria|Medicine|Nervine|Rabies|Rickets|Sedative|Spasm|Sudorific|Tonic,,pregnancy_caution,,,,0
Sedum acre,Orpin,,phytochemical,Cancer,Dr. Duke,,,Cancer|Cancre|Cathartic|Corn|Diuretic|Emetic|Fever|Hypertension|Laxative|Rubefacient|Scrofula|Scurvy|Tumor(Lymphatic)|Wart,,,,,,0
Sedum album,Aizoum,,phytochemical,Cancer,Dr. Duke,,,Cancer|Detersive|Emollient|Sore,,,,,,0
Sedum purpureum,Live Forever,,phytochemical,Cancer,Dr. Duke,,,Cancer,,,,,,0
Sedum telephium,Life Everlasting,,phytochemical,Cancer,Dr. Duke,,,Cancer|Cancer(Stomach)|Corn|Vulnerary|Wart,,,,,,0
Semecarpus anacardium,Bael,,phytochemical,Cancer,Dr. Duke,,,Ache(Head)|Ache(Tooth)|Anasarca|Anemia|Ankylostomiasis|Anthrax|Ascites|Asthma|Bactericide|Boil|Cancer|Chancre|Cholera|Condyloma|Corn|Debility|Dyspepsia|Epididymitis|Epilepsy|Esophagus|Evil eye|Excrescence|Fever|Hemorrhage|Hyperglycemia|Leprosy|Mouth|Myalgia|Nerves|Nose|Orchitis|Pharynx|Pimple|Poison|Psoriasis|Pterygium|Repellant(Insect)|Rheumatism|Rinderpest|Sciatica|Septicemia|Sore|Splenitis|Splinter|Sprain|Strain|Syphilis|Tumor|Tumor(Abdomen)|Tumor(Veterinary)|Urticaria|Vermifuge|Vesicant|Wart|Wound,,general_toxicity,,,,0
Sempervivum tectorum,Hauswurz,,phytochemical,Cancer,Dr. Duke,,,Ache(Tooth)|Alterative|Astringent|Callus|Cancer|Corn|Depurative|Detersive|Diuretic|Fever|Hemostat|Inflammation|Refrigerant|Spasm|Sting(Bee)|Tumor(Thigh)|Vermifuge|Vulnerary|Wart,,,,,,0
Senecio fuchsii,Heydisch Wundkrut,,phytochemical,Cancer,Dr. Duke,,,Cancer,,,,,,0
Senecio jacobaea,,,phytochemical,Cancer,Dr. Duke,,,Cancer|Colic|Depurative|Detergent|Emmenagogue|Hemostat|Laxative|Pectoral|Spasm|Sudorific|Vulnerary,,pregnancy_caution,,,,0
Senecio palmatus,Wei Hsien,,phytochemical,Cancer,Dr. Duke,,,Abdomen|Amenorrhea|Astringent|Bruise|Cancer|Carminative|Contraceptive|Debility|Diarrhea|Epilepsy|Medicine|Rheumatism|Sore|Spasm|Swelling|Tonic|Trauma,,,,,,0
Senecio sarracenicus,Heydisch Wundkrut,,phytochemical,Cancer,Dr. Duke,,,Cancer,,,,,,0
Senecio subscandens,Baranjaamba,,phytochemical,Cancer,Dr. Duke,,,Cancer,,,,,,0
Senecio vulgaris,Groundsel,,phytochemical,Cancer,Dr. Duke,,,Amenorrhea|Cancer|Colic|Dentistry|Diuretic|Dysmenorrhea|Emetic|Emmenagogue|Eye|Hemostat|Hypertension|Hypertrophy|Odontorrhagia|Poison|Purgative|Scurvy|Sudorific|Tumor|Urogenital|Uterus|Vermifuge|Vulnerary,,general_toxicity;pregnancy_caution,,,,0
Serissa foetida,Liu Yueh Ling,,phytochemical,Cancer,Dr. Duke,,,Ache(Head)|Cancer|Carbuncle|Carminative|Convulsion|Diarrhea|Enteritis|Fever|Flu|Hepatitis|Measles,,,,,,0
Sesamum indicum,Sesame,,phytochemical,Cancer,Dr. Duke,,,Abortifacient|Abortive|Ache(Ear)|Alopecia|Aperient|Aphrodisiac|Bechic|Bladder|Burn|Cancer|Catarrh|Cold|Cold(Head)|Colic|Constipation|Cough|Deafness|Debility|Demulcent|Diarrhea|Diuretic|Dysentery|Dysmenorrhea|Emmenagogue|Emollient|Eruption|Female|Hair-Oil|Hair-Tonic|Hairblack|Impotency|Kidney|Labor|Lactagogue|Lactogogue|Ladentifrice|Laxative|Lenitive|Leprosy|Liniment|Liver|Malaria|Medicine|Neuritis|Neuroparalysis|Numbness|Ointment-Base|Ophthalmia|Otorrhea|Paralysis|Pediculicide|Piles|Poultice|Preventitive(Cold)|Preventitive(Convulsion)|Refrigerant|Rheumatism|Shampoo|Skin|Soap|Sore|Tonic|Tumor|Tumor(Abdomen)|Unguent|Venereal|Vertigo|Wart|Wound,,pregnancy_caution,,,,0
Sicyos angulatus,"Cucumber,Bur",,phytochemical,Cancer,Dr. Duke,,,Cancer,,,,,,0
Siler divaricatum,,,phytochemical,Cancer,Dr. Duke,,,Ache(Head)|Analgesic|Anodyne|Arthritis|Cancer|Carminative|Chill|Diaphoretic|Fever|Flu|Numbness|Rheumatism|Sore|Tetanus,,,,,,0
Quassia officinalis,Simmaruba,,phytochemical,Cancer,Dr. Duke,,,Cancer,,,,,,0
Simmondsia chinensis,Jojoba,,phytochemical,Cancer,Dr. Duke,,,Cancer|Coffee|Cold|Dysuria|Emetic|Eye|Hair|Head|Obesity|Parturition|Sore|Sore(Throat)|Wound,,,,,,0
Sisymbrium officinale,Erysimum,,phytochemical,Cancer,Dr. Duke,,,Astringent|Cancer|Cardiotonic|Diuretic|Expectorant|Fever|Laryngitis|Litholytic|Pectoral|Scurvy|Stimulant,,,,,,0
Sisymbrium polyceratium,Iorio,,phytochemical,Cancer,Dr. Duke,,,Cancer,,,,,,0
Smilax aristolochiaefolia,Sarsaparilla,,phytochemical,Cancer,Dr. Duke,,,Cancer|Depurative|Dyspepsia|Eczema|Fever|Gonorrhea|Kidney|Leprosy|Rash|Rheumatism|Scrofula|Skin|Sudorific|Syphilis,,,,,,0
Smilax china,Chinaroot,,phytochemical,Cancer,Dr. Duke,,,Abscess|Alexiteric|Alterative|Antidote|Aphrodisiac|Arthritis|Asthma|Boil|Cancer|Cancer(Digestive)|Carminative|Cold|Debility|Demulcent|Depurative|Dermatosis|Diaphoretic|Diarrhea|Diuretic|Enteritis|Flux|Gonorrhea|Gout|Gravel|Malaria|Menorrhagia|Parturition|Refrigerant|Rheumatism|Skin|Stimulant|Sudorific|Syphilis|Tonic|Tumor|Urogenital|Venereal,,,,,,0
Smilax regelii,Sarsaparilla,,phytochemical,Cancer,Dr. Duke,,,Alterative|Cancer|Rheumatism|Scrofula|Skin|Stimulant|Sudorific|Tonic|Venereal,,,,,,0
Smilax sp,Khao Yen,,phytochemical,Cancer,Dr. Duke,,,Ache(Tooth)|Alterative|Aphrodisiac|Blood|Burn|Cancer|Conjunctivitis|Depurative|Diuretic|Emetic|Inflammation|Leprosy|Scrofula|Skin|Sterility|Sudorific|Syphilis|Tonic,,,,,,0
Solanum cordatum,Nachschatten,,phytochemical,Cancer,Dr. Duke,,,Cancer,,,,,,0
Solanum dulcamara,K'U Ch'Ieh,,phytochemical,Cancer,Dr. Duke,,,Alterative|Analgesic|Anaphrodisiac|Anodyne|Antidote|Bronchitis|Cancer|Cardiotonic|Depurative|Diaphoretic|Diuretic|Emetic|Excrescence|Expectorant|Eye|Fatality|Fever|Hypnotic|Laxative|Malaria|Narcotic|Poison|Refrigerant|Resolvent|Rheumatism|Sedative|Skin|Sore|Stimulant|Sudorific|Swelling|Tumor|Tumor(Breast)|Tumor(Lung)|Wart,,general_toxicity,,,,0
Solanum lyratum,,,phytochemical,Cancer,Dr. Duke,,,Abscess|Alexiteric|Anodyne|Cancer|Cancer(Digestive)|Esophagus|Febrifuge|Hepatoma|Leucorrhea|Stomach|Thyroiditis|Tumor(Lung),,,,,,0
Solanum melongena,Belinjele,,phytochemical,Cancer,Dr. Duke,,,Abscess|Ache(Ear)|Ache(Tooth)|Analgesic|Anemia|Anodyne|Antidote|Aphrodisiac|Arthritis|Asthma|Astringent|Bactericide|Bladder|Bronchitis|Burn|Cancer|Caries|Carminative|Cholera|Diuretic|Dysentery|Dysuria|Enterorrhagia|Eruption|Expectorant|Flux|Gonorrhea|Hemorrhage|Hepatitis|Hypertension|Hypnotic|Kidney|Labor|Liver|Narcotic|Nervine|Nipple|Otitis|Pancreas|Piles|Refrigerant|Rheumatism|Rhinosis|Sialogogue|Sore|Stimulant|Sunburn|Suppurative|Syphilis|Tumor|Wart|Whitlow,,,,,,0
Solanum nigrum,Alaman,,phytochemical,Cancer,Dr. Duke,,,Abdomen|Abscess|Ache(Stomach)|Alexiteric|Alterative|Amygdalitis|Analgesic|Anasarca|Anodyne|Anthrax|Antidote|Antidote(Hippomane)|Antidote(Opium)|Antiseptic|Arthritis|Asthma|Astringent|Bactericide|Bladder|Boil|Bruise|Burn|CNS depressant|Cancer|Cancer(Digestive)|Cancer(Uterus)|Cathartic|Cervix|Cirrhosis|Colic|Constipation|Cramp|Cyanogenetic|Depurative|Dermatitis|Diaphoretic|Diarrhea|Diuretic|Dropsy|Dyscrasia|Dysentery|Dysmenorrhea|Emollient|Eruption|Eye|Fatigue|Febrifuge|Female|Fever|Fruit|Gargle|Gonorrhea|Heart|Hepatitis|Hepatoma|Hydragogue|Hypertension|Inflammation|Itch|Kidney|Laxative|Leprosy|Leucoderma|Leucorrhea|Lumbago|Mouth|Mouthwash|Narcotic|Nerves|Nervine|Pertussis|Piles|Poison|Potherb|Pruritis|Purgative|Refrigerant|Scrofula|Sedative|Shingles|Skin|Sore|Sore(Throat)|Spasm|Sprain|Swelling|Tetters|Tinea|Tongue|Tonic|Tumor|Tumor(Lung)|Ulcer|Vaginitis|Vasodilator|Virility|Vulnerary|Vulvitis|Wound|Yaws,,general_toxicity,,,,0
Solanum virginianum,,,phytochemical,Cancer,Dr. Duke,,,Cancer,,,,,,0
Sonchus oleraceus,Gansedistel,,phytochemical,Cancer,Dr. Duke,,,Abdomen|Abscess|Antiopiate|Ascites|Bite(Snake)|Boil|Cancer|Cancer(Breast)|Cancer(Stomach)|Carbuncle|Cathartic|Colic|Diuretic|Dyspepsia|Emollient|Fever|Flux|Hematuria|Hemorrhage|Hepatitis|Hydragogue|Hydrothorax|Jaundice|Lactagogue|Lactogogue|Liver|Morphinism|Narcotic|Piles|Poison|Potherb|Refrigerant|Rejuvenation|Sedative|Sore|Stomach|Tenesmus|Tonic|Tumor|Vermifuge|Vitality|Wart|Wound,,general_toxicity,,,,0
Sorghum bicolor,Durra,,phytochemical,Cancer,Dr. Duke,,,Ache(Stomach)|Cancer|Cyanogenetic|Demulcent|Diuretic|Emollient|Epilepsy|Flux|Intoxicant,,general_toxicity,,,,0
Spathiphyllum sp,Hierba Del Manso,,phytochemical,Cancer,Dr. Duke,,,Cancer,,,,,,0
Stachys officinalis,Bathenien,,phytochemical,Cancer,Dr. Duke,,,Bladder|Cancer|Cough|Kidney|Nervine|Sore|Spleen|Stomach|Tea|Tonic|Wen,,,,,,0
Stellaria holostea,Stitchwort,,phytochemical,Cancer,Dr. Duke,,,Cancer,,,,,,0
Stellaria media,Chickenmeat,,phytochemical,Cancer,Dr. Duke,,,Cancer|Debility|Demulcent|Diuretic|Eczema|Erysipelas|Expectorant|Eye|Fever|Fracture|Inflammation|Mucus|Piles|Poison|Refrigerant|Skin|Sore|Spasm|Swelling|Urogenital,,general_toxicity,,,,0
Stephania japonica,Hasuno Hakozura,,phytochemical,Cancer,Dr. Duke,,,Astringent|Cancer|Fever|Itch|Tumor|Urogenital,,,,,,0
Stillingia sylvatica,Queen'S Delight,,phytochemical,Cancer,Dr. Duke,,,Alterative|Cancer|Cathartic|Depurative|Diuretic|Dysmenorrhea|Emetic|Expectorant|Hepatitis|Laxative|Liver|Massage|Poison|Puerperium|Repellant(Flea)|Scrofula|Sialogogue|Skin|Syphilis|Tonic,,general_toxicity,,,,0
Strychnos nux-vomica,,,phytochemical,Cancer,Dr. Duke,,,Abdomen|Abortifacient|Ague|Amblyopia|Aphrodisiac|Asthma|Avicide|CNS stimulant|Cancer|Canicide|Chorea|Colic|Cynanche|Emetic|Epilepsy|Fatality|Fever|Hair-Oil|Insecticide|Laxative|Myocarditis|Nerves|Ophthalmia|Poison|Poison(Arrow)|Scalp|Sore|Sore(Throat)|Stimulant|Swelling|Tonic|Tumor|Vasoconstrictor|Wound,,general_toxicity;pregnancy_caution,,,,0
Styrax benzoides,Benzoin,,phytochemical,Cancer,Dr. Duke,,,Cancer,anti_inflammatory,,BENZOIN,Anesthetic;Antiseptic;FLavor;Pesticide,AIDS/HIV;Allergy;Anthrax;Arthritis;Athletes Foot;BO (Body Odor);Backache;Breached Birth;Bruises;Bunion;Burns;Bursitis;Candidiasis;Canker Sores;Caries;Carpal Tunnel Syndrome (CTS);Cold/Flu;Cough;Cramp;Cystitis;Dandruff;Decubitis;Dermatitis/Dermatoses;Diverticulitis;Dysentery;Dysmenorrhea;Dyspepsia/Indigestion;Edema;Fever;Fibromyalgia;Fungus/Mycosis;Giardia;Gingivitis;Gout;Halitosis;Hangover;Hayfever;Headache;Hemorrhoids;Herpes;IBD;Incontinence;Infection;Inflammation;Insect Bites / Stings;Insomnia;Intestinal Parasites;Itch;Kidney Stones;Leishmaniasis;Lipoma;Lyme Disease (Chronic);Lyme Disease (Initial);MRSA;Malaria;Mastitis;Migraine;Motion Sickness;Multiple Sclerosis;Nausea;Neuropathy;Otitis/Earache;Pain;Pneumonia;Poison Ivy;Poison Oak;Poison Sumac;Premenstrual Syndrome/PMS;Raynauds Disease;Rheumatism;Sciatica;Sepsis;Sinusitis;Sore;Sore Throat / Laryngitis / Pharyngitis;Stomatosis;Sunburn;Toothache;Tuberculosis;UTI;Ulcer;Vaginitis;Varicose Veins;Viral Infections (Chronic);Warts;Wound;Yeast Infection,19
Styrax officinale,Storax,,phytochemical,Cancer,Dr. Duke,,,Cancer|Tumor(Parotid),,,,,,0
Sutherlandia frutescens,Cancerbush,,phytochemical,Cancer,Dr. Duke,,,Ache(Back)|Cancer|Cough|Dropsy|Eye|Febrifuge|Flu|Heart|Intestine|Liver|Neuralgia|Piles|Rheumatism|Stomach|Tonic|Uterus,,,,,,0
Symphytum officinale,Comfrey,,phytochemical,Cancer,Dr. Duke,,,Analgesic|Antidiarrheic|Astringent|Cancer|Cicatrizant|Circulation|Demulcent|Diarrhea|Diuretic|Expectorant|Hemoptysis|Hemostat|Inflammation|Lung|Pectoral|Sedative|Sore|Stimulant|Sudorific|Swelling,,,,,,0
Symplocarpus foetidus,Skunkcabbage,,phytochemical,Cancer,Dr. Duke,,,Ache(Head)|Ache(Tooth)|Asthma|Cancer|Chest|Cough|Emetic|Emmenagogue|Epilepsy|Expectorant|Hemorrhage|Hysteria|Inhalant|Itch|Medicine|Narcotic|Poison|Poultice|Rheumatism|Ringworm|Sedative|Sialogogue|Skin|Sore|Spasm|Splinter|Stimulant|Styptic|Sudorific|Swelling|Tattoo|Vermifuge|Wound,,general_toxicity;pregnancy_caution,,,,0
Tabebuia avellanadae,Ipe Roxo,,phytochemical,Cancer,Dr. Duke,,,Cancer|Leukemia,,,,,,0
Tabebuia caraiba,,,phytochemical,Cancer,Dr. Duke,,,Cancer,,,,,,0
Tabernaemontana cylindrocarpa,,,phytochemical,Cancer,Dr. Duke,,,Cancer,,,,,,0
Tabernaemontana hirta,,,phytochemical,Cancer,Dr. Duke,,,Cancer,,,,,,0
Tamus communis,"Bryony,Black",,phytochemical,Cancer,Dr. Duke,,,Bruise|Cancer|Diuretic|Ecchymosis|Emetic|Fatality|Gout|Inflammation|Laxative|Poison|Purgative|Rubefacient|Vulnerary,,general_toxicity,,,,0
Taraktogenos kurzii,Chaulmoogra,,phytochemical,Cancer,Dr. Duke,,,Cancer|Leprosy,,,,,,0
Taraxacum laevigatum,Dandelion,,phytochemical,Cancer,Dr. Duke,,,Bitter-Principle|Cancer|Stomachic,,,,,,0
Taraxacum mongolicum,,,phytochemical,Cancer,Dr. Duke,,,Abscess|Ache(Stomach)|Appendicitis|Boil|Cancer|Cancer(Esophagus)|Congestion|Dermatitis|Detoxicant|Fever|Hepatitis|Inflammation|Lactogogue|Mastitis|Stomach|Swelling|Tumor(Nose)|Wound,,general_toxicity,,,,0
Taraxacum officinale,Dandelion,,phytochemical,Cancer,Dr. Duke,,,Abscess|Alterative|Aperient|Apertif|Bactericide|Bilious|Bite(Snake)|Bitter-Principle|Bruise|Cancer|Cancer(Breast)|Cancer(Esophagus)|Caries|Catarrh|Cholagogue|Coffee|Depurative|Diuretic|Dyspepsia|Galactogogue|Heart|Heartburn|Hepatitis|Inappetence|Intoxicant|Jaundice|Kidney|Laxative|Liver|Sclerosis(Spleen)|Skin|Spleen|Stomachic|Swelling|Tea|Tonic|Tumor|Tumor(Breast)|Wart,,general_toxicity,,,,0
Tecoma sp,,,phytochemical,Cancer,Dr. Duke,,,Astringent|Cancer|Diabetes|Fever|Hemostat|Vermifuge,,,,,,0
Terminalia bellerica,Belleric Myrobalan,,phytochemical,Cancer,Dr. Duke,,,Astringent|Bactericide|Cancer|Collyrium|Demulcent|Diarrhea|Diuretic|Dropsy|Dyspepsia|Fever|Hair-Oil|Leprosy|Narcotic|Ophthalmia|Piles|Purgative|Rheumatism|Soap|Tumor(Abdomen)|Vermifuge,,,,,,0
Tetragonia expansa,,,phytochemical,Cancer,Dr. Duke,,,Cancer|Cancer(Stomach),,,,,,0
Tetragonia tetragonioides,,,phytochemical,Cancer,Dr. Duke,,,Cancer|Intestine|Larvicide|Lung|Scurvy,,,,,,0
Teucrium chamaedrys,Germander,,phytochemical,Cancer,Dr. Duke,,,Alterative|Antiseptic|Aperient|Astringent|Bactericide|Cancer|Depurative|Diuretic|Excitant|Fever|Fibroma|Gout|Rheumatism|Scrofula|Splenitis|Stimulant|Stomachic|Sudorific|Tonic|Vermifuge,,,,,,0
Teucrium lucidum,Germander,,phytochemical,Cancer,Dr. Duke,,,Cancer,,,,,,0
Teucrium scordium,"Garlic,Wood",,phytochemical,Cancer,Dr. Duke,,,Actinomycosis|Alterative|Antiseptic|Astringent|Cancer|Cough|Diuretic|Fever|Gargle|Inflammation|Laxative|Lupus|Phthisis|Piles|Purgative|Stimulant|Sudorific|Tonic|Vermifuge|Vulnerary,,,,,,0
Thesium chinense,Kanabiki-So,,phytochemical,Cancer,Dr. Duke,,,Cancer|Tumor,,,,,,0
Thymus vulgaris,Thyme,,phytochemical,Cancer,Dr. Duke,,,Anodyne|Antiseptic|Antitussive|Apertif|Bronchitis|Cancer|Carminative|Colic|Cough|Demulcent|Depurative|Diaphoretic|Digestive|Diuretic|Expectorant|Fungicide|Gargle|Labor|Laryngitis|Liniment|Lung|Mouthwash|Nervine|Pectoral|Pertussis|Repellant(Insect)|Rubefacient|Sedative|Spasm|Spice|Stimulant|Tumor|Tumor(Digestive)|Vermifuge,,,,,,0
Tinospora rumphii,,,phytochemical,Cancer,Dr. Duke,,,Cancer|Cordial|Diarrhea|Dyspepsia|Panacea|Sore|Stomach,,,,,,0
Tournefortia mexicana,,,phytochemical,Cancer,Dr. Duke,,,Cancer,,,,,,0
Trapa bispinosa,,,phytochemical,Cancer,Dr. Duke,,,Anasarca|Astringent|Bronchitis|Cancer|Cough|Dropsy|Fever|Flux|Hair-Dye|Rinderpest|Sunstroke,,,,,,0
Tribulus terrestris,Gokshura,,phytochemical,Cancer,Dr. Duke,,,Abortifacient|Ache(Head)|Alterative|Anemia|Aperient|Apertif|Aphrodisiac|Astringent|Bladder|Bright's Disease|Calculus|Cancer|Carminative|Chest|Circulation|Congestion|Cough|Digestive|Diuretic|Dysuria|Eye|Gonorrhea|Hepatitis|Inflammation|Lactogogue|Leprosy|Liver|Lung|Neurasthenia|Parturition|Potherb|Psoriasis|Refrigerant|Rheumatism|Scabies|Skin|Sore(Throat)|Spermatorrhea|Stomachic|Stomatitis|Tonic|Tumor(Nose)|Urogenital|Vermifuge|Vertigo,,pregnancy_caution,,,,0
Trichachne insularis,Herbe A Ble,,phytochemical,Cancer,Dr. Duke,,,Cancer|Detergent|Diuretic|Ruise|Vulnerary|Wound,,,,,,0
Trichocereus cuzcoensis,Giganton,,phytochemical,Cancer,Dr. Duke,,,Cancer,,,,,,0
Trichosanthes kirilowii,,,phytochemical,Cancer,Dr. Duke,,,Abscess|Alexiteric|Antitussive|Anxiety|Astringent|Boil|Bronchitis|Cancer|Cancer(Breast)|Chest|Congestion|Constipation|Diabetes|Dysuria|Emollient|Expectorant|Fever|Hyperglycemia|Icterus|Inflammation|Jaundice|Lactogogue|Laryngitis|Mastitis|Mumps|Sialogogue|Skin|Suppurative|Swelling|Thirst|Tonic,,,,,,0
Trifolium arvense,"Clover,Field",,phytochemical,Cancer,Dr. Duke,,,Astringent|Cancer|Gout|Rheumatism|Tumor(Groin),,,,,,0
Trifolium pratense,"Clover,Red",,phytochemical,Cancer,Dr. Duke,,,Alterative|Asthma|Bronchitis|Burn|Cancer|Cancer(Bowel)|Catarrh|Corn|Cough|Depurative|Diuretic|Dyspepsia|Expectorant|Eye|Pertussis|Scrofula|Sedative|Skin|Sore|Spasm|Tonic|Tumor|Whitlow,,,,,,0
Trifolium repens,"Clover,White",,phytochemical,Cancer,Dr. Duke,,,Adenopathy|Astringent|Cancer|Cyanogenetic|Depurative|Estrogenic|Expectorant|Gout|Poison|Preventitive(Mumps)|Preventitive(Parotitis)|Rheumatism|Scrofula|Sore|Spasm|Swelling|Tonic|Whitlow,,general_toxicity,,,,0
Trigonella foenum-graecum,Alholva,,phytochemical,Cancer,Dr. Duke,,,Abdomen|Anodyne|Aphrodisiac|Arthritis|Astringent|Baldness|Beri-Beri|Bladder|Boil|Cancer|Carminative|Chancre|Coffee|Cosmetic|Cystitis|Demulcent|Deobstruent|Diabetes|Diarrhea|Diuretic|Dysentery|Dyspepsia|Edema|Ejaculation|Emmenagogue|Emollient|Frigidity?|Gastritis|Gonorrhea|Hairblack|Hernia|Hydrocoele|Impotency|Kidney|Lactagogue|Lactogogue|Piles|Renitis|Repellant(Insect)|Smallpox|Sore|Spice|Stimulant|Syphilis|Tonic|Tumor|Tumor(Abdomen)|Uterus|Wound,,pregnancy_caution,,,,0
Triplaris sp,Kanai,,phytochemical,Cancer,Dr. Duke,,,Cancer|Medicine|Sore,,,,,,0
Triticum aestivum,Wheat,,phytochemical,Cancer,Dr. Duke,,,Antivinous|Bilious|Burn|Cancer|Demulcent|Diarrhea|Discutient|Diuretic|Dysentery|Ecchymosis|Emollient|Epistaxis|Fertility|Fever|Flux|Gravel|Hematuria|Hemoptysis|Hemorrhage|Incontinence|Insomnia|Intoxicant|Leprosy|Leucorrhea|Menorrhagia|Neurasthenia|Night-Sweat|Perspiration|Poultice|Restorative|Scald|Sedative|Shampoo|Skin|Smallpox|Sunstroke|Swelling|Tuberculosis|Tumor|Vulnerary|Wart|Whitlow|Wound,,general_toxicity,,,,0
Tropaeolum majus,,,phytochemical,Cancer,Dr. Duke,,,Antibiotic|Bactericide|Cancer|Cystitis|Depurative|Diuretic|Emmenagogue|Expectorant|Eye|Fever|Fungicide|Inflammation|Itch|Kidney|Laxative|Lung|Ringworm|Scurvy|Sore|Spice|Stimulant|Urogenital,,pregnancy_caution,,,,0
Tropaeolum sp,Chichira,,phytochemical,Cancer,Dr. Duke,,,Cancer,,,,,,0
Tussacia sp,,,phytochemical,Cancer,Dr. Duke,,,Cancer,,,,,,0
Tylophora ovata,,,phytochemical,Cancer,Dr. Duke,,,Abdomen|Ache(Stomach)|Anodyne|Bite(Snake)|Cancer|Carminative|Cough|Decoagulant|Poison|Rheumatism|Trauma,,general_toxicity,,,,0
Typhonium trilobatum,,,phytochemical,Cancer,Dr. Duke,,,Boil|Cancer|Piles|Stimulant|Stomach|Tumor,,,,,,0
Ulmus americana,"Elm,White",,phytochemical,Cancer,Dr. Duke,,,Abrasion|Cancer|Diarrhea|Diuretic|Dysentery|Emollient|Inflammation|Kidney|Poultice|Tonic|Tumor,,,,,,0
Urginea maritima,"Onion,Sea",,phytochemical,Cancer,Dr. Duke,,,Bronchitis|Cancer|Cardiac|Cardiotonic|Catarrh|Cathartic|Diuretic|Dropsy|Ecbolic|Edema|Emetic|Emmenagogue|Expectorant|Gout|Insecticide|Pneumonia|Poison|Preventitive|Raticide|Repellant(Insect)|Restorative|Rheumatism|Rubefacient|Stimulant|Suppurative|Tumor|Vermifuge|Vesicant|Wart|Wound,,general_toxicity;pregnancy_caution,,,,0
Urtica alba,Utrica Mortua,,phytochemical,Cancer,Dr. Duke,,,Cancer,,,,,,0
Urtica purpureum,Urtica Mortua,,phytochemical,Cancer,Dr. Duke,,,Cancer,,,,,,0
Urtica urens,Ortiga Commun,,phytochemical,Cancer,Dr. Duke,,,Cancer|Diuretic|Lactogogue|Tumor,,,,,,0
Vaccinium oxycoccus,Cranberry,,phytochemical,Cancer,Dr. Duke,,,Cancer|Refrigerant|Tea,,,,,,0
Vanilla sp,"Vanilla,Bastard",,phytochemical,Cancer,Dr. Duke,,,Cancer|Polyp(Nose),,,,,,0
Veratrum viride,"Hellebore,American",,phytochemical,Cancer,Dr. Duke,,,Abortifacient|Ache(Back)|Ache(Head)|Ache(Tooth)|Analgesic|Anodyne|Arteriosedative|Asthma|CNS depressant|CNS sedative|Cancer|Cardiosedative|Chest|Cold|Convulsion|Dandruff|Decongestant|Diaphoretic|Diuretic|Dyspepsia|Emetic|Evil eye|Fatality|Fever|Fumitory|Gout|Heart|Herpes|Hypertension|Inflammation|Insecticide|Intoxicant|Laxative|Magic|Mania|Medicine|Neuralgia|Ordeal|Pediculicide|Poison|Poultice|Rheumatism|Sedative|Shingles|Snuff|Sore(Throat)|Sudorific|Swelling|Tonsillitis|Tranquilizer|Tumor(Breast)|Wound,,general_toxicity;pregnancy_caution,,,,0
Verbesina encelioides,Anil Del Muerto,,phytochemical,Cancer,Dr. Duke,,,Cancer|Wart,,,,,,0
Veronica officinalis,Fluellin,,phytochemical,Cancer,Dr. Duke,,,Alterative|Apertif|Astringent|Bladder|Bronchitis|Calmative|Cancer|Catarrh|Cough|Depurative|Digestive|Diuretic|Eczema|Emmenagogue|Expectorant|Homeopathy|Scrofula|Scurvy|Skin|Stomachic|Sudorific|Tea|Tonic|Vulnerary,,pregnancy_caution,,,,0
Veronica serpyllifolia,Paul'S Betony,,phytochemical,Cancer,Dr. Duke,,,Cancer,,,,,,0
Veronica sp,Veronique Male,,phytochemical,Cancer,Dr. Duke,,,Cancer,,,,,,0
Viburnum dentatum,Arrowwood,,phytochemical,Cancer,Dr. Duke,,,Cancer,,,,,,0
Viburnum opulus,,,phytochemical,Cancer,Dr. Duke,,,Cancer|Diuretic|Dysmenorrhea|Emetic|Hysteria|Infection|Nervine|Parturition|Purgative|Scurvy|Sedative|Spasm|Uteritis|Uterus,,,,,,0
Viburnum trilobum,Cranberry,,phytochemical,Cancer,Dr. Duke,,,Cancer,,,,,,0
Vinca sp,Periwinkle,,phytochemical,Cancer,Dr. Duke,,,Cancer,,,,,,0
Vincetoxicum asclepiadea,,,phytochemical,Cancer,Dr. Duke,,,Cancer,,,,,,0
Viola lactea,"Boneswort,Great",,phytochemical,Cancer,Dr. Duke,,,Cancer,,,,,,0
Viola lutea,"Boneswort,Great",,phytochemical,Cancer,Dr. Duke,,,Cancer,,,,,,0
Viola odorata,Banaf Shah,,phytochemical,Cancer,Dr. Duke,,,Antiseptic|Antitussive|Aperient|Bactericide|Bilious|Cancer|Catarrh|Cathartic|Cough|Depurative|Diaphoretic|Diuretic|Eczema|Emetic|Emollient|Expectorant|Eye|Fever|Fungicide|Laxative|Liqueur|Lung|Nervine|Pectoral|Perfume|Poison|Purgative|Sedative|Sudorific|Tea|Tumor,,general_toxicity,,,,0
Viola patrini,Ti Ting,,phytochemical,Cancer,Dr. Duke,,,Cancer|Neoplasm,,,,,,0
Viola patrinii,,,phytochemical,Cancer,Dr. Duke,,,Abscess|Bilious|Cancer|Cold|Cough|Emollient|Purgative|Scrofula|Sore|Suppurative|Syphilis,,,,,,0
Viola sp,Pansy,,phytochemical,Cancer,Dr. Duke,,,Amenorrhea|Anodyne|Cancer|Chill|Cold|Contraceptive|Emollient|Expectorant|Fever|Flu|Lung|Parotitis|Pleurisy|Poultice|Sedative,,,,,,0
Viola sylvestris,Chin Ts'Ai,,phytochemical,Cancer,Dr. Duke,,,Antidote|Bite(Horse)|Bite(Snake)|Cancer|Cholera|Sore|Tubercle,,,,,,0
Viola tricolor,Pansy,,phytochemical,Cancer,Dr. Duke,,,Alterative|Aphrodisiac|Bronchitis|Cancer|Cardiotonic|Cough|Demulcent|Depurative|Diuretic|Dysentery|Emetic|Eruption|Expectorant|Laxative|Poison|Purgative|Rhachitis|Scrofula|Skin|Sudorific|Syphilis|Tumor,,general_toxicity,,,,0
Vitex trifolia,,,phytochemical,Cancer,Dr. Duke,,,Ache(Back)|Ache(Head)|Alterative|Amenorrhea|Analgesic|Anhydrotic|Anodyne|Bactericide|Brain|Breathlessness|Cancer|Cancer(Breast)|Catarrh|Chest|Cough|Demulcent|Diaphoretic|Diuretic|Emmenagogue|Enterosis|Eye|Feet|Fever|Hair-Tonic|Inflammation|Insecticide|Insectifuge|Intestine|Nervine|Puerperium|Repellant(Insect)|Rheumatism|Sedative|Sprain|Sunstroke|Swelling|Tonic|Tuberculosis|Tumor|Tumor(Glands),,pregnancy_caution,,,,0
Vitis corniculata,Tzu Ko,,phytochemical,Cancer,Dr. Duke,,,Cancer|Labor|Swelling|Thirst|Wound,,,,,,0
Vitis labrusca,Ing Yu,,phytochemical,Cancer,Dr. Duke,,,Bruise|Cancer|Eye|Sprain,,,,,,0
Vitis sp,Grape,,phytochemical,Cancer,Dr. Duke,,,Cancer|Cancer(Throat)|Cancer(Uterus)|Tumor|Tumor(Abdomen)|Wound,,,,,,0
Vitis vinifera,Grape,,phytochemical,Cancer,Dr. Duke,,,Apertif|Astringent|Cachexia|Cancer|Demulcent|Diarrhea|Diuretic|Expectorant|Hemostat|Hoarseness|Intellect|Intoxicant|Laxative|Liqueur|Ophthalmia|Preventitive(Hunger)|Refrigerant|Restorative|Seasickness|Skin|Sore(Throat)|Stomachic|Throat|Tonic|Tuberculosis|Wart,,general_toxicity,,,,0
Wikstroemia chamaedaphne,,,phytochemical,Cancer,Dr. Duke,,,Cancer,,,,,,0
Wikstroemia indica,,,phytochemical,Cancer,Dr. Duke,,,Cancer|Diuretic|Hepatomegaly|Lymphadenitis|Piscicide|Poison|Purgative|Schistosomiasis|Splenomegaly|Vesicant,,general_toxicity,,,,0
Woodfordia floribunda,,,phytochemical,Cancer,Dr. Duke,,,Astringent|Cancer|Dysentery|Hemostat|Stimulant|Tumor(Abdomen),,,,,,0
Woodfordia fruticosa,,,phytochemical,Cancer,Dr. Duke,,,Ache(Ear)|Atrophy|Bactericide|Bite(Dog)|Bladder|Cachexia|Cancer|Carbuncle|Catarrh|Chancre|Cholera|Colic|Cough|Dropsy|Dysentery|Emetic|Eye|Fever|Fracture|Fungicide|Hemorrhage|Infertility|Menorrhagia|Myalgia|Night-Blindness|Parturition|Pregnancy|Puerperium|Rabies|Refrigerant|Smallpox|Sore|Sore(Veterinary)|Splenitis|Syphilis|Viricide|Wound,,,,,,0
Xanthium catharticum,,,phytochemical,Cancer,Dr. Duke,,,Cancer,,,,,,0
Xanthium chinense,,,phytochemical,Cancer,Dr. Duke,,,Cancer,,,,,,0
Xanthium indicum,,,phytochemical,Cancer,Dr. Duke,,,Cancer|Tumor(Abdomen),,,,,,0
Xanthium strumarium,Gatico,,phytochemical,Cancer,Dr. Duke,,,Abrasion|Abscess|Ache(Head)|Adenopathy|Alterative|Anodyne|Arthritis|Asthma|Astringent|Bactericide|Bladder|Boil|CNS depressant|Cancer|Cold|Demulcent|Depurative|Diaphoretic|Diuretic|Eczema|Emollient|Erysipelas|Febrifuge|Fungicide|Goiter|Hemicrania|Hemostat|Herpes|Hyperglycemia|Infection|Inflammation|Kidney|Laxative|Leprosy|Leucorrhea|Lip|Malaria|Parturition|Poison|Preventitive|Pruritis|Rabies|Refrigerant|Rheumatism|Rhinitis|Rubella|Scrofula|Sedative|Shingles|Sialogogue|Sinusitis|Skin|Smallpox|Sore|Struma|Styptic|Sudorific|Swelling|Syphilis|Tea|Tonic|Tubercle|Tumor|Tumor(Nose)|Urogenital|Wound,,general_toxicity,,,,0
Xylopia quintasii,Negro Pepper,,phytochemical,Cancer,Dr. Duke,,,Cancer,,,,,,0
Zanthoxylum clava-herculis,Prickly Ash,,phytochemical,Cancer,Dr. Duke,,,Ache(Tooth)|Alterative|Cancer|Carminative|Chest|Colic|Diaphoretic|Fever|Gonorrhea|Inflammation|Itch|Panacea|Poultice|Rheumatism|Sore|Spasm|Stimulant|Sudorific|Throat|Tonic,,,,,,0
Zingiber officinale,Ginger,,phytochemical,Cancer,Dr. Duke,,,Abortive|Ache(Back)|Ache(Head)|Ache(Stomach)|Ache(Tooth)|Ague|Alopecia|Amenorrhea|Anodyne|Antidote(Brassica)|Antidote(Mushroom)|Antidote(Scorpion)|Antihistamine|Antioxidant|Antiseptic|Anus|Apertif|Aphrodisiac|Asthma|Astringent|Balsamic|Bite(Dog)|Bite(Snake)|Bronchitis|Cancer|Cancer(Breast)|Cancer(Stomach)|Carminative|Cataplasm|Chill|Cholera|Cold(Head)|Colic|Congestion|Cosmetic|Cough|Depression|Diarrhea|Digestive|Diuretic|Dysentery|Dyspepsia|Ecbolic|Ecchymosis|Expectorant|Fatigue|Fever|Fistula|Flatulence|Flu|Gas|Gingivosis|Gout|Gynecology|Helminthiasis|Hemorrhage|Hemostat|Hepatosis|Indigestion|Infection|Intestine|Laryngitis|Laxative|Liqueur|Lochia|Malaria|Marasmus|Narcosis|Nausea|Opacity|Panacea|Paralysis|Parturition|Pediculicide|Perfume|Phthisis|Poison|Proteolytic|Puerperium|Rabies|Rheumatism|Rhinosis|Roundworms|Rubefacient|Sialogogue|Sore|Spice|Spleen|Sternutatory|Stimulant|Stomach|Stomachic|Sudorific|Swelling|Syphilis|Tetanus|Tonic|Tumor(Abdomen)|Tumor(Hand)|Ulcer|Urogenital|Vermifuge|Wen,antioxidant,general_toxicity,,,,0
Zingiber sp,,,phytochemical,Cancer,Dr. Duke,,,Cancer,,,,,,0
Ziziphus jujuba,Jujube,,phytochemical,Cancer,Dr. Duke,,,Ache(Head)|Ache(Stomach)|Anodyne|Antidote|Antidote(Scorpion)|Anxiety|Astringent|Bronchitis|Cancer|Cancer(Breast)|Cancer(Digestive)|Cholera|Colic|Cough|Debility|Demulcent|Depurative|Diarrhea|Dysentery|Dyspepsia|Edema|Emollient|Expectorant|Fever|Foot|Gravel|Hand|Insomnia|Laxative|Nausea|Night-Sweat|Pectoral|Pregnancy|Refrigerant|Rinderpest|Scabies|Sedative|Sialogogue|Sore|Splenitis|Stomachic|Throat|Tonic|Tuberculosis|Tumor(Abdomen)|Vertigo|Wound,,,,,,0
Rhinacanthus nasutus,Ya Mann Kai,,phytochemical,Cancer(Abdomen),Dr. Duke,,,Cancer(Abdomen)|Cancer(Throat)|Cancer(Uterus)|Dermatosis|Dhobi Itch|Prickly heat|Ringworm|Scurf,,,,,,0
Oxalis stricta,"Sorrel,Sheep",,phytochemical,Cancer(Armpit),Dr. Duke,,,Cancer(Armpit)|Thirst,,,,,,0
Equisetum arvense,,,phytochemical,Cancer(Bones),Dr. Duke,,,Albuminuria|Anodyne|Antiseptic|Astringent|Bladder|Calculus|Cancer|Cancer(Bones)|Carminative|Diabetes|Diarrhea|Diuretic|Dropsy|Dyspepsia|Gout|Gravel|Hematuria|Hemopoietic|Hemoptysis|Hemostat|Kidney|Lung|Piles|Poison|Sore|Tuberculosis|Tumor|Wound|Xlbuminuria,,general_toxicity,,,,0
Quercus robur,Chene,,phytochemical,Cancer(Brain),Dr. Duke,,,Astringent|Cancer|Cancer(Brain)|Cancer(Lip)|Cancer(Stomach)|Coffee|Depurative|Emmenagogue|Fever|Hemostat|Scrofula|Styptic|Tonic|Tumor|Wart,,pregnancy_caution,,,,0
Acnistus aggregatus,,,phytochemical,Cancer(Breast),Dr. Duke,,,Cancer(Breast),,,,,,0
Angelica anomala,Pai Chih,,phytochemical,Cancer(Breast),Dr. Duke,,,Abscess|Ache(Head)|Analgesic|Bite(Snake)|Cancer(Breast)|Carminative|Catarrh|Cold|Coryza|Cosmetic|Dysmenorrhea|Fever|Furunculosis|Gynecopathy|Heat|Inflammation|Itch|Leucorrhea|Metroxenia|Pimple|Polypus|Rash|Rhinitis|Sinusitis|Skin|Suppurative|Tumor|Urogenital|Wound,,,,,,0
Aquilegia vulgaris,Columbine,,phytochemical,Cancer(Breast),Dr. Duke,,,Astringent|Cancer(Breast)|Cancer(Stomach)|Cyanogenetic|Diaphoretic|Diuretic|Dysmenorrhea|Emmenagogue|Fatality|Hysteria|Narcotic|Poison|Resolvent|Scurvy|Somnolency|Sudorific,,general_toxicity;pregnancy_caution,COLUMBINE,Emetic,,2
Atractylis ovata,,,phytochemical,Cancer(Breast),Dr. Duke,,,Abdomen|Cancer(Breast)|Cancer(Cervix)|Cancer(Stomach)|Carminative|Chest|Chill|Congestion|Diarrhea|Diuretic|Dyspepsia|Edema|Enteritis|Fever|Gastritis|Leukemia|Nausea|Rheumatism|Spleen|Sweating|Tonic,,,,,,0
Belamcanda chinensis,She Kan,,phytochemical,Cancer(Breast),Dr. Duke,,,Abscess|Alexiteric|Amenorrhea|Antiphlogistic|Antitussive|Asthma|Bite(Dog)|Bite(Snake)|Breast|Cancer(Breast)|Carminative|Chest|Constipation|Cough|Deobstruent|Diuretic|Dropsy|Dyspepsia|Expectorant|Fever|Halitosis|Hepatosis|Inflammation|Liver|Lumbago|Malaria|Parturition|Pharyngitis|Poison|Purgative|Sore(Throat)|Stimulant|Stomachic|Throat|Tonic|Tonsillitis|Tumor(Fauces)|Tumor(Larynx),,general_toxicity,,,,0
Bletia hyacintha,Pai Chi,,phytochemical,Cancer(Breast),Dr. Duke,,,Cancer(Breast)|Malignancy|Swelling|Tumor,,,,,,0
Boswellia serrata,Chamaepitys,,phytochemical,Cancer(Breast),Dr. Duke,,,Bite(Snake)|Cancer|Cancer(Breast)|Cancer(Uterus)|Condyloma|Medicine|Nerves|Rheumatism|Rinderpest|Sclerosis(Breast)|Tumor(Uterus),,,,,,0
Botrychium lunaria,Moonwort,,phytochemical,Cancer(Breast),Dr. Duke,,,Cancer(Breast)|Diarrhea|Dysentery|Rupture|Vulnerary|Wound,,,,,,0
Bupleurum falcatum,,,phytochemical,Cancer(Breast),Dr. Duke,,,Abdomen|Amenorrhea|Antidote|Cancer(Breast)|Cancer(Cervix)|Diaphoretic|Diarrhea|Febrifuge|Fever|Hemostat|Inflammation|Leukemia|Malaria|Myalgia|Puerperium|Sedative|Spasm|Thorax|Vermifuge,,,,,,0
Carduus sp,Chardon,,phytochemical,Cancer(Breast),Dr. Duke,,,Cancer(Breast),,,,,,0
Cirsium eriophorus,Sipene Di Pourcia,,phytochemical,Cancer(Breast),Dr. Duke,,,Cancer(Breast),,,,,,0
Cirsium hilgendorfi,Azami,,phytochemical,Cancer(Breast),Dr. Duke,,,Cancer(Breast),,,,,,0
Cornus florida,Dogwood,,phytochemical,Cancer(Breast),Dr. Duke,,,Antiperiodic|Astringent|Cancer(Breast)|Cathartic|Cholera|Dentifrice|Dysentery|Fever|Jaundice|Liver|Malaria|Myalgia|Stomatitis|Tonic|Vermifuge,,,,,,0
Datura stramonium,Jimson_Eed,,phytochemical,Cancer(Breast),Dr. Duke,,,Ache(Ear)|Ache(Tooth)|Anesthetic|Anodyne|Antispasmodic|Asthma|Boil|Bruise|Burn|Cancer(Breast)|Carcinoma|Chorea|Cold|Congestion|Cough|Cyanogenetic|Dandruff|Dementia|Demulcent|Dye|Edema|Epilepsy|Eruption|Expectorant|Fatality|Felon|Fuel|Fumitory|Fungicide|Gum|Hallucinogen|Homicide|Hypnotic|Inflammation|Intoxicant|Madness|Masticatory|Medicine|Mydriatic|Narcotic|Nerves|Nervine|Neuralgia|Parkinsonianism|Parkinsonism|Parturition|Phthisis|Piles|Pneumonia|Poison|Poultice|Prolapse|Psychedelic|Pyorrhea|Rectum|Rheumatism|Sciatica|Sedative|Skin|Sore|Spasm|Tumor|Tumor(Feet)|Vermifuge|Womb|Wound,,general_toxicity,,,,0
Dipsacus asper,Hsii Tuan,,phytochemical,Cancer(Breast),Dr. Duke,,,Analgesic|Anodyne|Cancer(Breast)|Debility|Dysmenorrhea|Hemorrhage|Hemostat|Incontinence|Lumbago|Menorrhagia|Notalgia|Parturition|Puerperium|Rheumatism|Tonic|Trauma|Tumor,,,,,,0
Echinacea angustifolia,Coneflower,,phytochemical,Cancer(Breast),Dr. Duke,,,Alterative|Antiseptic|Aperient|Apertif|Aphrodisiac|Cancer(Breast)|Cough|Depurative|Digestive|Fever|Sialogogue|Sore(Throat)|Sudorific,,,,,,0
Echinacea pallida,Coneflower,,phytochemical,Cancer(Breast),Dr. Duke,,,Alterative|Cancer(Breast)|Diaphoretic,,,,,,0
Euphoria longana,,,phytochemical,Cancer(Breast),Dr. Duke,,,Cancer(Breast)|Nutrient|Tonic,,,,,,0
Forsythia suspensa,Lien Ch'Iao,,phytochemical,Cancer(Breast),Dr. Duke,,,Ache(Head)|Adenopathy|Alexiteric|Antidote|Antiphlogistic|Boil|Cancer|Cancer(Breast)|Chickenpox|Circulation|Cold|Deafness|Diuretic|Emmenagogue|Erysipelas|Fever|Flu|Furuncle|Furunculosis|Heart|Hodgkin's Disease|Inflammation|Jaundice|Laxative|Lung|Lymphadenitis|Measles|Paralysis|Phlegmon|Piles|Poison|Polio|Poultice|Scabies|Scrofula|Skin|Sore|Sore(Throat)|Swelling|Tumor|Tumor(Limb)|Variola|Vermifuge,,general_toxicity;pregnancy_caution,,,,0
Fritillaria verticillata,,,phytochemical,Cancer(Breast),Dr. Duke,,,Antiopium|Antitussive|Asthma|Bronchitis|Cancer(Breast)|Dysentery|Expectorant|Fever|Hemorrhage|Lactogogue|Poison|Trachitis|Tumor(Thyroid),,general_toxicity,,,,0
Gardenia augusta,,,phytochemical,Cancer(Breast),Dr. Duke,,,Ache(Head)|Cancer(Breast)|Delirium|Fever|Jaundice|Mastitis|Pulmonosis|Renosis,,,,,,0
Gnaphalium arenarium,,,phytochemical,Cancer(Breast),Dr. Duke,,,Cancer(Breast),,,,,,0
Guaiacum sanctum,Guaiacum,,phytochemical,Cancer(Breast),Dr. Duke,,,Alterative|Apertif|Aphrodisiac|Back|Breast|Cancer(Breast)|Depurative|Diaphoretic|Diuretic|Gout|Laxative|Rheumatism|Scrofula|Skin|Spleen|Sprain|Stimulant|Stomach|Syphilis|Tuberculosis|Venereal,,,,,,0
Gynura cernua,Efo Gbure,,phytochemical,Cancer(Breast),Dr. Duke,,,Cancer(Breast)|Medicine,,,,,,0
Hypericum erectum,,,phytochemical,Cancer(Breast),Dr. Duke,,,Astringent|Cancer(Breast)|Hemostatic,,,,,,0
Hypochoeris radicata,Dandelion,,phytochemical,Cancer(Breast),Dr. Duke,,,Cancer(Breast),,,,,,0
Juglans regia,,,phytochemical,Cancer(Breast),Dr. Duke,,,Ache(Back)|Alterative|Anodyne|Anthelminthic|Anthrax|Antiscrophulosum|Aphthae|Astringent|Bactericide|Caligo|Cancer(Breast)|Cancer(Cervix)|Chancre|Cholagogue|Colic|Conjunctivitis|Cough|Dentifrice|Depurative|Detergent|Digestive|Diuretic|Dysentery|Eczema|Ejaculation|Favus|Hairblack|Heartburn|Hemostat|Impotency|Inflammation|Insecticide|Intellect|Intestine|Intoxication|Kidney|Laxative|Leg|Leucorrhea|Lithontriptic|Lung|Rejuvenation|Rheumatism|Scrofula|Semen|Skin|Sore|Stimulant|Syphilis|Toe|Tonic|Vermicide|Vermifuge,,general_toxicity,,,,0
Lamium album,Hsu Tuan,,phytochemical,Cancer(Breast),Dr. Duke,,,Astringent|Cancer(Breast)|Catarrh|Chlorosis|Cholagogue|Debility|Depurative|Diuretic|Dropsy|Epistaxis|Fluoralbus|Hematochezia|Hemostat|Hypnotic|Kidney|Leucorrhea|Pectoral|Piles|Resolvent|Sedative|Tonic|Tumor|Uterotonic|Uterus|Vulnerary,,pregnancy_caution,,,,0
Lonicera japonica,Jen Tung Chiu,,phytochemical,Cancer(Breast),Dr. Duke,,,Ache(Head)|Antidote|Arthritis|Astringent|Bactericide|Boil|Cancer|Cancer(Breast)|Cancer(Esophagus)|Diarrhea|Diuretic|Dysentery|Enteritis|Febrifuge|Fever|Flu|Fungicide|Infection|Inflammation|Longevity|Lymphadenitis|Refrigerant|Rheumatism|Scabies|Skin|Sore|Stomachic|Swelling|Tea|Tumor|Vitality,,,,,,0
Myrrhis odorata,Myrrh,,phytochemical,Cancer(Breast),Dr. Duke,,,Abdomen|Abscess|Amenorrhea|Anodyne|Cancer(Breast)|Carbuncle|Carminative|Chest|Depurative|Diuretic|Dysentery|Dysmenorrhea|Emmenagogue|Expectorant|Lactogogue(Veterinary)|Liqueur|Rheumatism|Sore|Tonic|Vulnerary,,pregnancy_caution,,,,0
Oryza sativa,Rice,,phytochemical,Cancer(Breast),Dr. Duke,,,Abdomen|Antidote(Arsenic)|Anydrotic|Astringent|Beri-Beri|Bowel|Breath|Burn|Cancer(Breast)|Cataplasm|Chest|Cosmetic|Demulcent|Dentifrice|Diarrhea|Diuretic|Dysentery|Dyspepsia|Epistaxis|Excipient|Eye|Fever|Filariasis|Flux|Hematemesis|Hidrosis|Inflammation|Intestine|Intoxicant|Jaundice|Larvicide|Nausea|Paralysis|Piles|Preventitive(Hiccup)|Psoriasis|Refrigerant|Skin|Sore|Stomachic|Sweat|Swelling|Thirst|Tonic|Tumor|Vermifuge|Wart,,general_toxicity,,,,0
Paeonia albiflora,,,phytochemical,Cancer(Breast),Dr. Duke,,,Alterative|Anemia|Anodyne|Antidiuretic|Antiseptic|Antispasmodic|Astringent|Blood|Cancer(Breast)|Cancer(Cervix)|Cancer(Stomach)|Convulsion|Demulcent|Emmenagogue|Expectorant|Fever|Gastritis|Gynecopathy|Hypertension|Inflammation|Intestine|Laxative|Liver|Medicine|Polyuria|Spasm|Stomach|Tonic|Tumor(Lung)|Tumor(Thyroid)|Vasodilator|Vertigo,,pregnancy_caution,,,,0
Panax ginseng,,,phytochemical,Cancer(Breast),Dr. Duke,,,Anemia|Anodyne|Apertif|Aphrodisiac|Asthma|Cachexia|Cancer(Breast)|Cancer(Stomach)|Cardiotonic|Cough|Death|Debility|Diabetes|Divination|Dyspepsia|Emetic|Evil eye|Expectorant|Fear|Fever|Forgetfulness|Heart|Hemorrhage|Hyperglycemia|Impotency|Intestine|Longevity|Magic|Malaria|Medicine|Menorrhagia|Nausea|Neurasthenia|Palpitation|Polyuria|Rectocele|Respiratory|Restorative|Shortwindedness|Sialogogue|Sore|Spermatorrhea|Spleen|Stimulant|Stomachic|Sweating|Swelling|Thirst|Tonic|Tranquilizer|Weakness,,,,,,0
Panicum miliaceum,Millet,,phytochemical,Cancer(Breast),Dr. Duke,,,Abscess|Antidote(Cinnabar)|Antidote(Momordica)|Boil|Cancer(Breast)|Cough|Demulcent|Diuretic|Fever|Flux|Hematuria|Intoxicant|Labor|Pectoral|Pyrosis|Refrigerant|Sore|Venereal,,general_toxicity,,,,0
Phragmites communis,,,phytochemical,Cancer(Breast),Dr. Duke,,,Abscess|Alexiteric|Arthritis|Cancer(Breast)|Diuretic|Dysuria|Fever|Hematuria|Jaundice|Leukemia|Lung|Music|Nausea|Root|Sialogogue|Stomachic|Thatch|Thirst,,,,,,0
Pinellia tuberifera,,,phytochemical,Cancer(Breast),Dr. Duke,,,Alopecia|Astringent|Cancer(Breast)|Ecbolic|Emetic|Emission|Fever|Leucorrhea|Leukemia|Malaria|Pectoral|Poison,,general_toxicity,,,,0
Pouzolzia zeylanica,,,phytochemical,Cancer(Breast),Dr. Duke,,,Ache(Stomach)|Ache(Tooth)|Boil|Breast|Cancer(Breast)|Cicatrizant|Detoxicant|Dysentery|Enteritis|Gangrene|Lactagogue|Lactogogue|Refrigerant|Sore|Suppurative|Thirst|Urogenital|Vermifuge|Vulnerary,,general_toxicity,,,,0
Rhus coriaria,,,phytochemical,Cancer(Breast),Dr. Duke,,,Astringent|Cancer(Breast)|Cancer(Uterus)|Catarrh|Diarrhea|Dysentery|Gargle|Hemostat|Poison|Sore|Tumor|Tumor(Eyelid)|Tumor(Fauces)|Tumor(Gum)|Tumor(Neck),,general_toxicity,,,,0
Erianthus officinarum,Sugarcane,,phytochemical,Cancer(Breast),Dr. Duke,,,Antidote|Antidote(Capsicum)|Antiseptic|Antivinous|Arthritis|Bactericide|Bedsore|Boil|Cancer|Cancer(Breast)|Cancer(Stomach)|Cancer(Throat)|Cardiotonic|Cold|Cough|Demulcent|Diarrhea|Diuretic|Dysentery|Eye|Fever|Fracture|Hiccup|Inflammation|Intoxicant|Laryngitis|Laxative|Opacity|Pectoral|Penis|Pertussis|Piscicide|Refrigerant|Skin|Sore|Sore(Throat)|Spleen|Stomachic|Tumor|Tumor(Abdomen)|Wound,,general_toxicity,,,,0
Scopolia japonica,Lang Tang,,phytochemical,Cancer(Breast),Dr. Duke,,,Ache(Stomach)|Ache(Tooth)|Anodyne|Antispasmodic|Cancer(Breast)|Cough|Depression|Diarrhea|Diuretic|Dropsy|Dysentery|Epilepsy|Hallucinogen|Malaria|Mania|Mydriatic|Parasiticide|Pectoral|Poison|Prolapse|Rectum|Sedative|Skin|Spasm|Tonic,,general_toxicity,,,,0
Scutellaria macrantha,Huang Ch'In,,phytochemical,Cancer(Breast),Dr. Duke,,,Amenorrhea|Anodyne|Astringent|Bladder|Boil|Cancer(Breast)|Carbuncle|Colic|Debility|Diarrhea|Fever|Flux|Jaundice|Purgative|Respiratory|Sedative|Sore|Stimulant|Tonic|Uterus,,,,,,0
Sedum reflexum,Erba Grassa,,phytochemical,Cancer(Breast),Dr. Duke,,,Cancer(Breast),,,,,,0
Sium latifolium,"Parsnip,Water",,phytochemical,Cancer(Breast),Dr. Duke,,,Cancer(Breast),,,,,,0
Vaccinium vitis-idaea,Preiselbeere,,phytochemical,Cancer(Breast),Dr. Duke,,,Antiseptic|Antiseptic(Urethra)|Apertif|Astringent|Cancer(Breast)|Debility|Depurative|Diabetes|Disinfectant|Diuretic|Nervine|Rheumatism|Styptic|Urethra|Urogenital,,,,,,0
Angelica sinensis,Dan Gui,,phytochemical,Cancer(Cervix),Dr. Duke,,,Amenorrhea|Anemia|Cancer(Cervix)|Cancer(Esophagus)|Constipation|Dysmenorrhea|Menoxenia|Thrombosis(Venous)|Tranquilizer|Tumor(Lung)|Tumor(Nose)|Uterotonic|Viricide,,pregnancy_caution,,,,0
Aster trinervius,Ban Lan Gen,,phytochemical,Cancer(Cervix),Dr. Duke,,,Alexiteric|Antidote|Bite(Snake)|Boil|Cancer(Cervix)|Cough|Epistaxis|Erysipelas|Hematemesis|Hemorrhage|Hemostat|Hepatitis|Inflammation|Lung|Malaria|Trauma,,,,,,0
Cinnamomum loureirii,,,phytochemical,Cancer(Cervix),Dr. Duke,,,Antiseptic|Aromatic|Astringent|Cancer|Cancer(Cervix)|Carminative|Cordial|Spice|Stimulant|Stomachic,,,,,,0
Codonopsis pilosula,Dang Shen,,phytochemical,Cancer(Cervix),Dr. Duke,,,Amnesia|Anemia|Anorexia|Apertif|Asthma|Cancer(Cervix)|Debility|Energy|Fatigue|Fever|Hyperacidity|Insomnia|Shortwindedness|Sialogogue|Spleen|Stomach|Thirst|Tonic,,,,,,0
Codonopsis tangshen,,,phytochemical,Cancer(Cervix),Dr. Duke,,,Anemia|Aphrodisiac|Cancer(Cervix)|Diabetes|Enteritis|Gastritis|Hematogenic|Hyperacidity|Hypertension|Nephritis|Tonic,,,,,,0
Cyperus rotundus,,,phytochemical,Cancer(Cervix),Dr. Duke,,,Abdomen|Ache(Head)|Ache(Stomach)|Alterative|Amenorrhea|Analgesic|Anodyne|Aphrodisiac|Astringent|Bactericide|Bite(Scorpion)|Bladder|Bowel|Cancer(Cervix)|Carminative|Chest|Circulation|Cold|Congestion|Demulcent|Depression|Diaphoretic|Diarrhea|Diuretic|Dysmenorrhea|Dyspepsia|Edema|Emmenagogue|Emollient|Energy|Felon|Fever|Fungistatic|Gastralgia|Gravel|Hair-Tonic|Hemicrania|Hypertension|Impotency|Inflammation|Lactogogue|Leucorrhea|Medicine|Menoxenia|Metritis|Metroxenia|Perfume|Side|Sore|Stimulant|Stomach|Stomachic|Stone|Tonic|Tranquilizer|Trauma|Tumor(Abdomen)|Ulcer|Vasodilator|Vermifuge|Virility|Whitlow|Wound,,pregnancy_caution,,,,0
Dioscorea bulbifera,,,phytochemical,Cancer(Cervix),Dr. Duke,,,Alexiteric|Antidote|Antiphlogistic|Cancer(Cervix)|Cancer(Digestive)|Cancer(Stomach)|Dysentery|Fever|Goiter|Hemostatic|Hernia|Inflammation|Piles|Poison|Sore|Syphilis|Tumor,,general_toxicity,,,,0
Guaiacum officinale,Guaiacum,,phytochemical,Cancer(Cervix),Dr. Duke,,,Ache(Tooth)|Alterative|Anodyne|Aperient|Asthma|Cancer(Cervix)|Carminative|Catarrh|Deobstruent|Depurative|Diabetes|Diuretic|Dropsy|Gout|Laxative|Pharyngitis|Poison|Purgative|Rheumatism|Scrofula|Skin|Stimulant|Sudorific|Swelling|Tonic|Tonsillitis|Venereal,,general_toxicity,,,,0
Hedyotis diffusa,Bai Hua She She Cao,,phytochemical,Cancer(Cervix),Dr. Duke,,,Ache(Tooth)|Bilious|Blood|Cancer|Cancer(Cervix)|Cancer(Esophagus)|Cancer(Stomach)|Debility|Depression|Depurative|Fever|Gastritis|Gonorrhea|Hepatoma|Hepatomegaly|Internulcer|Lymphadenitis|Malaria|Nerves|Puerperium|Splenomegaly|Tumor(Lung)|Tumor(Nose),,,,,,0
Imperata cylindrica,Bai Mao Gen,,phytochemical,Cancer(Cervix),Dr. Duke,,,Analeptic|Antivinous|Asthma|Astringent|Bite(Bug)|Cancer|Cancer(Cervix)|Cancer(Esophagus)|Cancer(Stomach)|Chest|Cold|Cough|Debility|Depurative|Diarrhea|Diuretic|Dropsy|Dysentery|Epistaxis|Fever|Gonorrhea|Hematemesis|Hematuria|Hemoptysis|Hemorrhage|Hemostat|Hemostatic|Hepatoma|Intoxicant|Jaundice|Lung|Myalgia|Nausea|Nephritis|Nightsweats|Obstipation|Piles|Refrigerant|Restorative|Rheumatism|Root|Sedative|Thirst|Tonic|Tumor(Nose)|Vaginismus|Viristat|Vulnerary|Wound,,general_toxicity,,,,0
Ligusticum acutilobum,,,phytochemical,Cancer(Cervix),Dr. Duke,,,Cancer(Cervix)|Tumor|Tumor(Thyroid)|Vertigo,,,,,,0
Menispermum dauricum,Shan Dou Gen,,phytochemical,Cancer(Cervix),Dr. Duke,,,Cancer(Cervix),,,,,,0
Paeonia lactiflora,Bai Shao,,phytochemical,Cancer(Cervix),Dr. Duke,,,Ache(Head)|Bactericide|Cancer(Cervix)|Convulsion|Diarrhea|Dysmenorrhea|Fungicide|Hepatitis|Menoxenia|Tumor(Lung)|Vertigo,,,,,,0
Phellodendron amurense,,,phytochemical,Cancer(Cervix),Dr. Duke,,,Alterative|Antiphlogistic|Antiseptic|Aphrodisiac|Bitter-Principle|Cancer(Cervix)|Chancre|Conjunctivitis|Cystitis|Debility|Diarrhea|Diuretic|Dysentery|Dysmenorrhea|Dysuria|Eczema|Enteritis|Epistaxis|Expectorant|Favus|Flux|Frigidity|Hematuria|Hepatitis|Hunger|Hypertension|Impotency|Itch|Jaundice|Leucorrhea|Longevity|Lumbago|Night-Sweat|Panacea|Piles|Rheumatism|Skin|Stomachic|Stomatitis|Thirst|Tonic|Typhoid|Urethritis|Vaginitis|Vasoconstrictor|Vermifuge,,,,,,0
Polystichum falcatum,,,phytochemical,Cancer(Cervix),Dr. Duke,,,Cancer(Cervix),,,,,,0
Salvia miltiorrhiza,Dan Sen,,phytochemical,Cancer(Cervix),Dr. Duke,,,Alterative|Amenorrhea|Arthritis|Astringent|Bactericide|Blood|Bruise|Cancer(Cervix)|Cicatrizant|Circulation|Dermatophytosis|Dysmenorrhea|Furunculosis|Gastralgia|Heart|Hemorrhage|Hepatitis|Hivess|Hypertension|Inflammation|Insomnia|Leukemia|Mastitis|Medicine|Megalospleny|Menoxenia|Metrorrhagia|Metroxenia|Miscarriage|Neurasthenia|Palpitation|Puerperium|Sedative|Spasm|Tonic|Uteritis|Vulnerary,,,,,,0
Scutellaria baicalensis,,,phytochemical,Cancer(Cervix),Dr. Duke,,,Antiabortifacient|Antihistamine|Antiphlogistic|Bactericide|Boil|Cancer|Cancer(Cervix)|Cancer(Glands)|Cancer(Lymphatic)|Cancer(Nose)|Cancer(Pharynx)|Cancer(Stomach)|Cancer(Thyroid)|Cardiotonic|Choleretic|Conjunctivitis|Constipation|Cough|Diarrhea|Diuretic|Dysentery|Eczema|Epistaxis|Expectorant|Febrifuge|Fetus|Fever|Flu|Gonorrhea|Hypertension|Hypoglycemia|Jaundice|Leukemia|Mastitis|Medicine|Nausea|Restlessness|Sedative|Sore|Stomachic|Tera|Trachoma|Viricide,,pregnancy_caution,,,,0
Sophora subprostrata,Shan Dou Gen,,phytochemical,Cancer(Cervix),Dr. Duke,,,Bilious|Cancer(Cervix)|Cough|Dermatitis|Gum|Inflammation|Internulcer|Jaundice|Laryngitis|Sore(Throat)|Tumor,,,,,,0
Adina pilulifera,Shui Yang Mei,,phytochemical,Cancer(Digestive),Dr. Duke,,,Cancer(Digestive),,,,,,0
Adina rubella,Shui Yang Mei,,phytochemical,Cancer(Digestive),Dr. Duke,,,Cancer(Digestive)|Carminative|Circulation|Diarrhea|Dysentery|Enteritis|Hemostat|Marasmus|Sore|Trauma|Vermifuge,,,,,,0
Duchesnea indica,She Mei,,phytochemical,Cancer(Digestive),Dr. Duke,,,Abscess|Bite(Bug)|Bite(Snake)|Boil|Cancer(Digestive)|Decoagulant|Eczema|Laryngitis|Poison|Refrigerant|Ringworm|Stomatitis|Swelling|Tonsillitis,,general_toxicity,,,,0
Impatiens balsamina,Ji Xing Zi,,phytochemical,Cancer(Digestive),Dr. Duke,,,Antidote|Astringent|Bactericide|Cancer(Digestive)|Cancer(Esophagus)|Caries|Cathartic|Circulation|Cyanogenetic|Diuretic|Dysmenorrhea|Dysphagia|Emetic|Eye|Fish-Bones|Fungicide|Inflammation|Labor|Laxative|Lumbago|Neuralgia|Polyp(Uterus)|Resolvent|Sore|Stasis|Vulnerary|Wound,,,,,,0
Alnus rubra,,,phytochemical,Cancer(Epithelium),Dr. Duke,,,Ache|Alterative|Asthma|Astringent|Burn|Cancer(Epithelium)|Dyspepsia|Eczema|Emetic|Fumitory|Hemoptysis|Indigestion|Poultice|Scrofula|Sore|Stomach|Tattoo|Tonic|Tuberculosis|Wound,,,,,,0
Glycyrrhiza glabra,Gan Cao,,phytochemical,Cancer(Esophagus),Dr. Duke,,,Addison's-Disease|Alexiteric|Alterative|Anodyne|Antidote|Antispasmodic|Antitussive|Bactericide|Boil|Burn|Cancer|Cancer(Esophagus)|Cancer(Uterus)|Candida|Catarrh|Cough|Demulcent|Deodorant|Depurative|Diuretic|Dyspnea|Emollient|Expectorant|Fever|Fungicide|Internulcer|Laxative|Masticatory|Pectoral|Pill|Rejuvenation|Scald|Sore|Thirst|Tonic|Tumor|Tumor(Abdomen)|Urogenital|Wound,,,,,,0
Pinellia ternata,Ban Xia,,phytochemical,Cancer(Esophagus),Dr. Duke,,,Abscess|Antiemetic|Antitussive|Arthralgia|Bite(Snake)|Bronchitis|Cancer|Cancer(Esophagus)|Cancer(Stomach)|Chest|Cough|Dyspepsia|Expectorant|Fever|Gastritis|Nausea|Pharyngalgia|Poison|Pregnancy|Rheumatism|Sedative|Singultus|Spasm|Tumor,,general_toxicity,,,,0
Thalictrum hernandezii,Araxi,,phytochemical,Cancer(Eye),Dr. Duke,,,Cancer(Eye)|Diuretic|Escrescence|Purgative|Rheumatism,,,,,,0
Arum maculatum,Radix Arimaculatum,,phytochemical,Cancer(Face),Dr. Duke,,,Bite(Snake)|Cancer(Face)|Cancer(Lip)|Carcinoma|Diaphoretic|Dyspepsia|Expectorant|Incisive|Palsy|Paralysis|Poison|Polyp(Nose)|Rheumatism|Stomachic|Stroke|Sudorific|Tonic|Ulcer|Vesicant,,general_toxicity,,,,0
Cornus alternifolia,Dogwood,,phytochemical,Cancer(Face),Dr. Duke,,,Cancer(Face),,,,,,0
Coptis teeta,,,phytochemical,Cancer(Gastric),Dr. Duke,,,Adenopathy|Alterative|Antidote|Antidote(Croton)|Apertif|Aphthae|Cancer(Gastric)|Cancer(Lymph)|Cancer(Nose)|Cancer(Pharynx)|Cancer(Thyroid)|Collyrium|Debility|Diabetes|Digestive|Dysentery|Dyspepsia|Eye|Fever|Inflammation|Leukemia|Malaria|Newborn|Panacea|Stimulant|Stomachic|Syphilis|Tonic,,,,,,0
Liriope spicata,,,phytochemical,Cancer(Gastric),Dr. Duke,,,Antitussive|Cancer(Gastric)|Cancer(Lymph)|Cancer(Nose)|Cancer(Pharynx)|Cancer(Thyroid)|Cancer(Uterus)|Emollient|Leukemia,,,,,,0
Iris foetidissima,Gladon,,phytochemical,Cancer(Gum),Dr. Duke,,,Anodyne|Apertif|Cancer(Gum)|Cathartic|Diuretic|Emmenagogue|Hysteria|Laxative|Poison|Purgative|Ringworm|Spasm,,general_toxicity;pregnancy_caution,,,,0
Salvia pratensis,Salvia Agrestis,,phytochemical,Cancer(Gum),Dr. Duke,,,Cancer(Gum)|Eye|Vulnerary,,,,,,0
Pistacia silvestris,Chios Turpentine,,phytochemical,Cancer(Gynecologic),Dr. Duke,,,Cancer(Gynecologic),,,,,,0
Ilex aquifolium,Holly,,phytochemical,Cancer(Intestine),Dr. Duke,,,Cancer(Intestine)|Cancer(Liver)|Cancer(Stomach)|Diuretic|Dropsy|Emetic|Emollient|Fever|Gout|Jaundice|Malaria|Poison|Purgative|Sudorific|Swelling|Tonic|Tumor(Thyroid)|Wart,,general_toxicity,,,,0
Quercus ilex,Encino,,phytochemical,Cancer(Intestine),Dr. Duke,,,Astringent|Cancer(Intestine)|Diuretic|Fever|Stimulant|Tumor,,,,,,0
Papaver rhoeas,Amapola,,phytochemical,Cancer(Kidney),Dr. Duke,,,Angina|Anodyne|Antitussive|Aperient|Cancer(Kidney)|Catarrh|Cold|Cough|Digestive|Eruption|Expectorant|Fever|Hoarseness|Jaundice|Narcotic|Pectoral|Poison(Veterinary)|Sedative|Soporific|Sudorific|Tumor(Abdomen)|Tumor(Heart)|Wart,,general_toxicity,,,,0
Rosa canina,Escaramujo,,phytochemical,Cancer(Kidney),Dr. Duke,,,Astringent|Calculus|Cancer(Kidney)|Coffee|Diarrhea|Diuretic|Nephritis|Refrigerant|Scurvy|Sore(Throat)|Spasm|Tea|Tumor(Genital),,,,,,0
Fragaria grandiflora,Strawberry,,phytochemical,Cancer(Larynx),Dr. Duke,,,Cancer(Larynx),,,,,,0
Furcraea hexapetala,,,phytochemical,Cancer(Lip),Dr. Duke,,,Astringent|Cancer(Lip)|Cataplasm|Diuretic|Dysentery|Hypochondria|Piscicide|Soap|Wound(Veterinary),,,,,,0
Acaena splendens,Cepa Caballo,,phytochemical,Cancer(Liver),Dr. Duke,,,Cancer(Liver),,,,,,0
Artemisia absinthium,Ajenjo,,phytochemical,Cancer(Liver),Dr. Duke,,,Abortifacient|Anthelminthic|Antifertility|Antiseptic|Apertif|Balsamic|Cancer(Liver)|Deobstruent|Depurative|Digestive|Diuretic|Emmenagogue|Febrifuge|Fever|Leukemia|Liqueur|Narcotic|Sclerosis|Stimulant|Stomachic|Sudorific|Tonic|Tumor(Breast)|Vermifuge|Wen,,pregnancy_caution,,,,0
Equisetum bogotense,Yerba Del Platero,,phytochemical,Cancer(Liver),Dr. Duke,,,Alopecia|Astringent|Cancer(Liver)|Collyrium|Depurative|Diabetes|Diuretic|Dysentery|Gonorrhea|Hemorrhage|Hemostat|Kidney|Liver|Ovary|Pyorrhea|Styptic|Ulcer|Uterus|Wound,,,,,,0
Euphorbia virgultosa,,,phytochemical,Cancer(Liver),Dr. Duke,,,Cancer(Liver),,,,,,0
Lippia chilensis,Salvia Blanca,,phytochemical,Cancer(Liver),Dr. Duke,,,Cancer(Liver),,,,,,0
Beta vulgaris,Beet,,phytochemical,Cancer(Lung),Dr. Duke,,,Ache(Ear)|Asthma|Cancer|Cancer(Lung)|Diuretic|Emollient|Hepatitis|Laxative|Pectoral|Pertussis|Refrigerant|Sedative|Splenitis|Tonic|Tumor,,,,,,0
Fevillea cordifolia,,,phytochemical,Cancer(Lung),Dr. Duke,,,Antidote|Antidote(Hippomane)|Bite(Snake)|Cancer(Lung)|Dermatosis|Dropsy|Erysipelas|Hepatitis|Jaundice|Leprosy|Medicine|Purgative|Rheumatism|Soap,,,,,,0
Lilium candidum,"Lily,Madonna",,phytochemical,Cancer(Lung),Dr. Duke,,,Astringent|Callus|Cancer(Lung)|Cancer(Uterus)|Corn|Demulcent|Diuretic|Dropsy|Emollient|Epilepsy|Expectorant|Inflammation|Nausea|Skin|Sore|Spasm|Stimulant|Sudorific|Tumor,,,,,,0
Crocus maesiacus,Crocus,,phytochemical,Cancer(Mouth),Dr. Duke,,,Cancer(Mouth),,,,,,0
Levisticum officinale,Lubstickel,,phytochemical,Cancer(Mouth),Dr. Duke,,,Abortifacient|Antiseptic|Cancer|Cancer(Mouth)|Carminative|Cordial|Diaphoretic|Diuretic|Emmenagogue|Expectorant|Fever|Nervine|Stimulant|Stomachic|Sudorific|Tonic,,pregnancy_caution,,,,0
Lycopersicon esculentum,Tomate,,phytochemical,Cancer(Mouth),Dr. Duke,,,Antiseptic|Aperient|Cancer|Cancer(Mouth)|Corn|Cough|Depurative|Digestive|Flu|Palpitation|Pectoral|Poison|Repellant(Insect)|Tumor|Tumor(Liver)|Vitiligo|Wart|Yellow Fever,,general_toxicity,,,,0
Rosa centifolia,Rose,,phytochemical,Cancer(Mouth),Dr. Duke,,,Aperient|Astringent|Cancer(Mouth)|Fever|Nervine|Perfume|Vulnerary,,,,,,0
Amomum melegueta,Poivre Maniguette,,phytochemical,Cancer(Nose),Dr. Duke,,,Ache(Stomach)|Antispasmodic|Cancer(Nose)|Carminative|Cold|Colic|Dyspepsia|Fever|Pectoral|Tumor(Abdomen),,,,,,0
Aristolochia baetica,Clematitis,,phytochemical,Cancer(Nose),Dr. Duke,,,Cancer(Nose)|Emmenagogue,,pregnancy_caution,,,,0
Aristolochia longa,Aristologia,,phytochemical,Cancer(Nose),Dr. Duke,,,Bite(Snake)|Cacoethes|Cancer(Nose)|Poison|Polyp(Nose)|Sclerosis(Liver)|Sclerosis(Spleen)|Sclerosis(Stomach)|Sclerosis(Uterus)|Stomachic|Tonic|Tumor(Liver)|Tumor(Uterus),,general_toxicity,,,,0
Capsicum frutescens,Piment De Cayenne,,phytochemical,Cancer(Nose),Dr. Duke,,,Ache(Ear)|Ache(Head)|Ague|Antibiotic|Antidote|Antidote(Poison)|Asthma|Baldness|Bite(Snake)|Boil|Breathlessness|Bronchitis|Cancer(Nose)|Carcinoma|Carminative|Chest|Chest-Cold|Chill|Cholera|Cold|Collyrium|Conjunctivitis|Cough|Dandruff|Digestive|Dropsy|Dyspepsia|Dysuria|Evil eye|Fumitory|Gargle|Gonorrhea|Intoxication|Jaundice|Malaria|Phthisis|Psychedelic|Repellant(Shark)|Rubefacient|Scald|Skin|Sore|Sore(Throat)|Spice|Stimulant|Stomachic|Throat|Tonic|Tuberculosis|Tumor|Typhus|Vertigo|Vesicant,,general_toxicity,,,,0
Colocasia esculenta,Ocumo,,phytochemical,Cancer(Nose),Dr. Duke,,,Abortifacient|Ache(Ear)|Alopecia|Anodyne|Antidote|Astringent|Athlete's-Foot|Bite(Bug)|Boil|Cancer(Nose)|Carminative|Cyanogenetic|Dyspepsia|Intoxicant|Laxative|Morphea|Mycosis(Veterinary)|Parturition|Pediculicide|Piles|Poison|Polyp|Poultice|Rubefacient|Scleroderma|Sore|Stimulant|Sting(Wasp)|Styptic|Thrush|Tubercle|Tumor|Vermifuge|Wart,,general_toxicity;pregnancy_caution,,,,0
Dryobalanops aromatica,Dryobalanops,,phytochemical,Cancer(Nose),Dr. Duke,,,Ache(Head)|Ache(Tooth)|Antiphlogistic|Arthritis|Asthma|Balsamic|Bubo|Cancer(Esophagus)|Cancer(Nose)|Cancer(Stomach)|Carbuncle|Chancre|Conjunctivitis|Cough|Diaphoretic|Eczema|Escharotic|Gastralgia|Heat rash|Mucositis|Opacity|Ophthalmia|Poison|Polyp(Nose)|Polypus|Rhinitis|Rhinosis|Ringworm|Sclerosis|Sedative|Sore|Spasm|Sprue|Stimulant|Stomatitis|Suicide|Vermifuge,,general_toxicity,,,,0
Musa paradisiaca,Banana,,phytochemical,Cancer(Nose),Dr. Duke,,,Abscess|Ache(Head)|Alopecia(Female)|Anasarca|Anodyne|Antacid|Antidote|Antidote(Centipede)|Antidote(Spider)|Aphrodisiac|Arrow|Astringent|Back|Bactericide|Bacteriostat|Bile|Bite(Dog)|Bite(Lizard)|Bite(Snake)|Blood|Burn|Cancer|Cancer(Nose)|Cardialgia|Carminative|Cataplasm|Celiac|Cicatrizant|Circulation|Coffee|Colitis|Diabetes|Diarrhea|Dysentery|Dysmenorrhea|Dyspepsia|Emollient|Epilepsy|Eruption|Fever|Flu|Fracture|Fungicide|Gangrene|Gout|Grayhair|Hematuria|Hemiplegia|Hemoptysis|Hemorrhage|Hemostat|Hypertension|Intoxicant|Jaundice|Laxative|Mange|Marasmus|Marrow|Massage|Migraine|Nausea|Nephritis|Otalgia|Poison(Arrow)|Psoriasis|Puerperium|Rectum|Refrigerant|Restorative|Ringworm|Salt|Scorpion|Scurvy|Septicemia|Shingles|Smallpox|Snuff|Sore|Sore(Throat)|Sprue|Strain|Styptic|Syphilis|Tuberculosis|Tumor|Uremia|Urticaria|Venereal|Vermifuge|Vermifuge(Veterinary)|Vertigo|Wart|Wound,,general_toxicity,,,,0
Nigella sativa,,,phytochemical,Cancer(Nose),Dr. Duke,,,Ache(Stomach)|Asthma|Bactericide|Bilious|Bronchitis|Cancer(Nose)|Carminative|Cough|Digestive|Diuretic|Emmenagogue|Eruption|Excitant|Fever|Jaundice|Lactagogue|Lactogogue|Puerperium|Purgative|Resolvent|Sclerosis(Anus)|Skin|Spice|Stimulant|Stomachic|Sudorific|Tonic|Tumor(Abdomen)|Vermifuge,,pregnancy_caution,,,,0
Piper retrofractum,"Longpepper,Java",,phytochemical,Cancer(Nose),Dr. Duke,,,Ache(Tooth)|Aphrodisiac|Cancer(Nose)|Carminative|Colic|Cramps|Diaphoretic|Digestive|Dyspepsia|Flatulence|Gastralgia|Hepatosis|Inertia|Osteosis|Parturition|Piles|Puerperium|Spice|Stimulant|Stomach|Tonic|Weakness,,,,,,0
Prunus cerasus,Kerrsebere,,phytochemical,Cancer(Nose),Dr. Duke,,,Astringent|Calculus|Cancer(Nose)|Cough|Cyanogenetic|Diarrhea|Diuretic|Fever|Liqueur|Nervine|Pectoral|Renitis|Sedative|Tea|Tonic|Tumor,,,,,,0
Xanthosoma sagittifolium,Ocumo,,phytochemical,Cancer(Nose),Dr. Duke,,,Analeptic|Burn|Cancer(Nose)|Cicatrizant|Medicine|Polyp(Nose)|Sore|Tumor,,,,,,0
Dipsacus fullonum,Teasel,,phytochemical,Cancer(Penis),Dr. Duke,,,Cancer(Penis)|Diuretic|Sudorific,,,,,,0
Sorbus aucuparia,,,phytochemical,Cancer(Rectum),Dr. Duke,,,Aperient|Astringent|Cancer(Rectum)|Coffee|Cough|Cyanogenetic|Depurative|Diuretic|Dyspepsia|Emmenagogue|Gall-Bladder|Intoxicant|Liqueur|Pectoral|Piles|Pneumonia(Veterinary)|Strangury|Tea,,general_toxicity;pregnancy_caution,,,,0
Althaea sp,,,phytochemical,Cancer(Skin),Dr. Duke,,,Cancer(Skin),,,,,,0
Callicarpa americana,"Mulberry,Dwarf",,phytochemical,Cancer(Skin),Dr. Duke,,,Cancer(Skin),,,,,,0
Erythroxylum catauba,Chuchuhuasha,,phytochemical,Cancer(Skin),Dr. Duke,,,Cancer(Skin),,,,,,0
Jacaranda caerulea,Cancerbush,,phytochemical,Cancer(Skin),Dr. Duke,,,Cancer(Skin),,,,,,0
Lycopodium clavatum,Lycopode,,phytochemical,Cancer(Skin),Dr. Duke,,,Ache(Head)|Apertif|Aphrodisiac|Cancer(Skin)|Carminative|Catarrh|Chest|Diarrhea|Diuretic|Dyspepsia|Emmenagogue|Fever|Fumitory|Homeopathy|Laxative|Nerves|Pill-Coating|Pressor|Preventitive(Chafe)|Rheumatism|Skin|Spasm|Urogenital|Uterotonic,,pregnancy_caution,,,,0
Menyanthes trifoliata,Menyanthe,,phytochemical,Cancer(Skin),Dr. Duke,,,Apertif|Bitter-Principle|Cancer|Cancer(Skin)|Cathartic|Cholagogue|Deobstruent|Depurative|Diaphoretic|Diuretic|Dropsy|Dyspepsia|Emetic|Eruption|Fever|Flu|Gout|Hemoptysis|Hypnotic|Intoxicant|Jaundice|Laxative|Narcotic|Nervine|Rheumatism|Scurvy|Sedative|Skin|Stomach|Stomachic|Tea|Tonic|Vermifuge,,general_toxicity,,,,0
Pomaderris elliptica,Kumarahou,,phytochemical,Cancer(Skin),Dr. Duke,,,Asthma|Bronchitis|Cancer(Skin)|Chest|Depurative|Diabetes|Heartburn|Kidney|Skin|Sore|Tuberculosis,,,,,,0
Rumex hymenosepalus,Canegeira,,phytochemical,Cancer(Skin),Dr. Duke,,,Alcoholism|Arthritis|Cancer(Skin)|Carcinogenic|Cold|Diarrhea|Poultice|Sore(Throat)|Tuberculosis,,genotoxic,,,,0
Sisymbrium sp,"Mustrad,Wild",,phytochemical,Cancer(Skin),Dr. Duke,,,Cancer(Skin),,,,,,0
Podophyllum emodi,,,phytochemical,Cancer(Skin),Dr. Duke,,,Aperient|Bilious|Cancer(Skin)|Hydragogue|Poison|Purgative|Vermifuge,,general_toxicity,,,,0
Acacia farnesiana,Cuji,,phytochemical,Cancer(Stomach),Dr. Duke,,,Ache(Head)|Alterative|Aphrodisiac|Arthritis|Astringent|Bite(Snake)|Cancer(Stomach)|Carbuncle|Cholera|Conjunctivitis|Convulsion|Delirium|Demulcent|Dysentery|Dyspepsia|Emetic|Epilepsy|Fever|Inflammation|Insanity|Insecticide|Mucous|Nausea|Ophthalmia|Parturition|Perfume|Rabies|Repellant|Rheumatism|Rinderpest|Skin|Sore|Spasm|Sterility|Stimulant|Stomachic|Tuberculosis|Tumor|Wound,,,,,,0
Acacia macracantha,Cuji,,phytochemical,Cancer(Stomach),Dr. Duke,,,Cancer(Stomach)|Leprosy,,,,,,0
Aloe barbadensis,Zabida,,phytochemical,Cancer(Stomach),Dr. Duke,,,Abortifacient|Amenorrhea|Antiseptic|Asthma|Boil|Bruise|Burn|Burn(Radiation)|Cancer(Stomach)|Cathartic|Cholagogue|Cold|Cough|Decoagulant|Demulcent|Depurative|Digestive|Dyspepsia|Ecbolic|Emmenagogue|Emollient|Erysipelas|Fever|Hemorrhage|Hepatitis|Hysteria|Inflammation|Insecticide|Internulcer|Intestine|Jaundice|Lash|Laxative|Leukemia|Piles|Purgative|Rectitis|Sore|Stimulant|Stomach|Stomachic|Sunburn|Swelling|Tonic|Tumor|Ulcer|Venereal|Vermifuge|Weaning|Wound,,pregnancy_caution,,,,0
Aloe vera,Zabila,,phytochemical,Cancer(Stomach),Dr. Duke,,,Ache(Head)|Alopecia|Aperient|Asthma|Burn|Cancer(Stomach)|Chest|Congestion|Convulsion|Cough|Eczema|Excrescence|Fever|Gonorrhea|Laxative|Pregnancy|Purgative|Skin|Stomachic|Swelling|Tuberculosis|Vermifuge,,,,,,0
Amomum xanthioides,,,phytochemical,Cancer(Stomach),Dr. Duke,,,Cancer(Stomach)|Cancer(Uterus)|Nausea|Sore(Throat)|Stomachic|Stomatitis|Tonic,,,,,,0
Aralia elata,Tara-No-Ki,,phytochemical,Cancer(Stomach),Dr. Duke,,,Cancer(Stomach)|Diabetes|Food|Nephrosis,,,,,,0
Arisaema amurense,Tian Nan Xing,,phytochemical,Cancer(Stomach),Dr. Duke,,,Cancer(Stomach),,,,,,0
Arisaema heteroiphyllum,Tian Nan Xing,,phytochemical,Cancer(Stomach),Dr. Duke,,,Cancer(Stomach),,,,,,0
Asarum sagittarioides,Shan Ci Gu,,phytochemical,Cancer(Stomach),Dr. Duke,,,Cancer(Stomach)|Tumor(Lung),,,,,,0
Berberis vulgaris,Epine Vinette,,phytochemical,Cancer(Stomach),Dr. Duke,,,Ache(Stomach)|Alterative|Antiseptic|Cancer(Stomach)|Cholagogue|Diuretic|Dysentery|Dyspepsia|Expectorant|Fever|Hemorrhage|Jaundice|Laxative|Medicine|Purgative|Tonic|Uterotonic,,pregnancy_caution,,,,0
Brasenia schreberi,Shui K'Uei,,phytochemical,Cancer(Stomach),Dr. Duke,,,Cancer|Cancer(Stomach),,,,,,0
Brassica hirta,Mustard,,phytochemical,Cancer(Stomach),Dr. Duke,,,Cancer(Stomach)|Tumor(Abdomen),,,,,,0
Bursera simaruba,Indio Desnudo,,phytochemical,Cancer(Stomach),Dr. Duke,,,Ache(Back)|Ache(Stomach)|Antiseptic|Aphrodisiac|Bite(Snake)|Calculus|Cancer(Stomach)|Cystitis|Debility|Depilatory|Diaphoretic|Diarrhea|Diuretic|Dropsy|Dysentery|Enterorrhagia|Expectorant|Fever|Gangrene|Hernia|Hunger|Impotency|Intestine|Kneecap|Lactogogue(Veterinary)|Nephritis|Obesity|Purgative|Rash|Renitis|Repellant(Insect)|Rheumatism|Sore|Stomach|Strain|Swelling|Tumor|Venereal|Vulnerary|Wound|Yellow Fever,,,,,,0
Coptis chinensis,Huang Lian,,phytochemical,Cancer(Stomach),Dr. Duke,,,Alexiteric|Analgesic|Bactericide|Cancer(Stomach)|Canker|Conjunctivitis|Diarrhea|Dyspepsia|Emaciation|Epistaxis|Fever|Hematemesis|Nausea|Restlessness|Scabies|Sore|Spasm,,,,,,0
Cremastra variabilis,Shan Ci Gu,,phytochemical,Cancer(Stomach),Dr. Duke,,,Cancer(Stomach)|Tumor(Lung),,,,,,0
Cucumis melo,,,phytochemical,Cancer(Stomach),Dr. Duke,,,Anasarca|Antivinous|Bruise|Cancer|Cancer(Stomach)|Cold|Coryza|Cough|Diabetes|Digestive|Diuretic|Dyspepsia|Dysuria|Eczema|Emetic|Emmenagogue|Extravasation|Gonorrhea|Jaundice|Menorrhagia|Micturition|Oliguria|Polypus|Preventitive(Sunstroke)|Refrigerant|Stomatitis|Taenifuge|Tumor|Vermifuge,,pregnancy_caution,,,,0
Curcuma pallida,,,phytochemical,Cancer(Stomach),Dr. Duke,,,Cancer(Stomach),,,,,,0
Euphorbia cyparissias,,,phytochemical,Cancer(Stomach),Dr. Duke,,,Cancer(Stomach)|Diarrhea|Emetic|Poison|Purgative|Wart,,general_toxicity,,,,0
Grindelia camporum,Grindelia,,phytochemical,Cancer(Stomach),Dr. Duke,,,Antispasmodic|Asthma|Asthma (Hay)|Asthma (Ivy)|Bronchial-Asthma|Bronchitis|Burn|Cancer(Stomach)|Diuretic|Expectorant|Hypotension|Pertussis|Sedative|Spasm|Tonic,,,,,,0
Grindelia squarrosa,Grindelia,,phytochemical,Cancer(Stomach),Dr. Duke,,,Ache(Stomach)|Antidote(Rhus)|Antitussive|Arthritis|Asthma|Bronchitis|Cancer(Stomach)|Cold|Cough|Expectorant|Fever|Gonorrhea|Hepatitis|Kidney|Liver|Lung|Pertussis|Pneumonia|Rash|Rheumatism|Smallpox|Sore(Veterinary)|Spasm|Stimulant|Syphilis|Tuberculosis|Urogenital,,,,,,0
Hibiscus abelmoschus,Kostuli,,phytochemical,Cancer(Stomach),Dr. Duke,,,Ache(Head)|Cancer(Stomach)|Cosmetic|Cystitis|Diuretic|Dysuria|Fever|Gonorrhea|Rheumatism|Varicosity,,,,,,0
Houttuynia cordata,Zyuyaku,,phytochemical,Cancer(Stomach),Dr. Duke,,,Abscess|Alexiteric|Anodyne|Antidote|Antiseptic|Anus|Aperient|Astringent|Bactericide|Bite(Snake)|Bones|Cancer(Stomach)|Chest|Cough|Diuretic|Dysentery|Dyspepsia|Emmenagogue|Enteritis|Eye|Female|Fertility(Veterinary)|Fever|Gastritis|Gonorrhea|Internulcer|Laryngitis|Lung|Malaria|Measles|Pertussis|Pharyngitis|Piles|Poison|Prolapse|Refrigerant|Resolvent|Skin|Sore|Suppurative|Swelling|Tumor(Lung)|Urethritis|Urogenital|Vesicant,,general_toxicity;pregnancy_caution,,,,0
Hypericum perforatum,St John'Swort,,phytochemical,Cancer(Stomach),Dr. Duke,,,Abortifacient|Alopecia|Anodyne|Antibiotic|Antiseptic|Astringent|Bactericide|Cancer(Stomach)|Catarrh|Cholagogue|Depression|Diarrhea|Digestive|Diuretic|Emmenagogue|Expectorant|Gastrointestinal|Kidney|Lumbago|Lung|Nervine|Phototoxic|Poison|Resolvent|Rheumatism|Sore|Stimulant|Sunburn|Swelling|Tumor|Urogenital|Uterotonic|Vermicide|Vermifuge|Vulnerary|Wound,,general_toxicity;pregnancy_caution,,,,0
Lycopodium sp,Groundpine,,phytochemical,Cancer(Stomach),Dr. Duke,,,Cancer(Stomach)|Diuretic|Dysuria|Fever|Hematuria|Lithontriptic|Sedative,,,,,,0
Mallotus japonicus,Akame-Gasiwa,,phytochemical,Cancer(Stomach),Dr. Duke,,,Cancer(Stomach)|Gastric-Ulcer|Hyperacidity|Stomachic,,,,,,0
Malva sylvestris,,,phytochemical,Cancer(Stomach),Dr. Duke,,,Abscess|Ache(Tooth)|Antiseptic|Cancer(Stomach)|Catarrh|Cold|Cough|Demulcent|Dyspepsia|Emollient|Expectorant|Inflammation|Intestine|Laxative|Lubricative|Lung|Nerves|Pectoral|Pertussis|Refrigerant|Tea|Tumor|Tumor(Neck)|Urogenital,,,,,,0
Mentha arvensis,,,phytochemical,Cancer(Stomach),Dr. Duke,,,Ache|Ache(Ear)|Ache(Head)|Ache(Tooth)|Anesthetic|Antiseptic|Bactericide|Balsamic|Beri-Beri|Bite(Bug)|Bite(Snake)|Cancer(Stomach)|Carminative|Cold|Cold sore|Conjunctivitis|Cough|Dermatitis|Diaphoretic|Diarrhea|Dyspepsia|Edema|Epistaxis|Febrifuge|Fever|Flu|Flux|Fungicide|Itch|Measles|Menthol|Nausea|Nose|Ophthalmia|Pharyngitis|Pruritis|Refrigerant|Repellant(Insect)|Rheumatism|Sore|Sore(Throat)|Spasm|Stimulant|Stomachic|Swelling|Tea|Throat|Tumor|Tumor(Nose),,,,,,0
Ocimum basilicum,Albahaca,,phytochemical,Cancer(Stomach),Dr. Duke,,,Ache(Ear)|Ache(Head)|Ache(Tooth)|Alcoholism|Alexiteric|Anasarca|Anodyne|Antidote(Alcohol)|Antiphlogistic|Aphrodisiac|Ardor|Asthma|Bite(Bug)|Bite(Dog)|Bite(Snake)|Cancer(Stomach)|Carminative|Cephalgia|Cholera|Circulation|Colic|Collapse|Convulsion|Cordial|Cosmetic|Cough|Croup|Cyanogenetic|Deafness|Delirium|Demulcent|Depression|Diaphoretic|Diarrhea|Digestive|Diuretic|Dropsy|Dysentery|Emmenagogue|Epilepsy|Expectorant|Eye|Fever|Fungicide|Gonorrhea|Gout|Gravel|Halitosis|Hemiplegia|Hiccup|Infection|Inflammation|Insecticide|Insectifuge|Kidney|Labor|Lactogogue|Liqueur|Medicine|Myosis|Narcotic|Nausea|Opacity|Parturition|Pectoral|Perfume|Piles|Polypus|Refrigerant|Repellant(Insect)|Ringworm|Rodent-Ulcer|Sinus|Sore|Sore(Throat)|Spasm|Spice|Stimulant|Stomach|Stomachic|Sudorific|Throat|Tumor|Tumor(Diaphragm)|Vermifuge|Wart,,pregnancy_caution,,,,0
Piper angustifolium,Matico,,phytochemical,Cancer(Stomach),Dr. Duke,,,Antiseptic|Astringent|Balsamic|Bronchitis|Cancer|Cancer(Stomach)|Decubitus|Diuretic|Fibroma(Uterus)|Hemostat|Pleurisy|Pneumonia|Respiratory|Stimulant|Stomach|Styptic|Trichomoniasis|Ulcer|Urogenital|Uterus|Vaginitis|Venereal|Wound,,,,,,0
Piptadenia flava,Cuji,,phytochemical,Cancer(Stomach),Dr. Duke,,,Cancer(Stomach),,,,,,0
Pleione bulbocodioides,Shan Ci Gu,,phytochemical,Cancer(Stomach),Dr. Duke,,,Cancer(Stomach)|Tumor(Lung),,,,,,0
Quercus pedunculata,Encina,,phytochemical,Cancer(Stomach),Dr. Duke,,,Cancer(Stomach)|Wart,,,,,,0
Rheum palmatum,Da Huang,,phytochemical,Cancer(Stomach),Dr. Duke,,,Aperient|Astringent|Cancer(Stomach)|Stomachic|Tonic|Tumor(Spleen),,,,,,0
Rheum tanguticum,Da Huang,,phytochemical,Cancer(Stomach),Dr. Duke,,,Amenorrhea|Aperient|Cancer(Stomach)|Constipation|Diarrhea|Fever|Hemorrhage|Hepatitis|Intestine|Jaundice|Laxative|Stomach|Stomachic,,,,,,0
Samanea saman,Cuji,,phytochemical,Cancer(Stomach),Dr. Duke,,,Cancer(Stomach)|Cold|Intestine|Poison,,general_toxicity,,,,0
Sambucus australis,Sauco,,phytochemical,Cancer(Stomach),Dr. Duke,,,Cancer(Stomach)|Diuretic|Dyspepsia|Intoxicant|Poison|Sudorific,,general_toxicity,,,,0
Teucrium scordonia,Gamander,,phytochemical,Cancer(Stomach),Dr. Duke,,,Cancer(Stomach)|Tumor,,,,,,0
Tilia europaea,Tilo,,phytochemical,Cancer(Stomach),Dr. Duke,,,Cancer(Stomach)|Hysteria|Indigestion,,,,,,0
Tulipa edulis,Shan Ci Gu,,phytochemical,Cancer(Stomach),Dr. Duke,,,Abscess|Alterative|Bite(Bug)|Blood|Breast|Bubo|Cancer(Breast)|Cancer(Stomach)|Carbuncle|Nutrient|Poison|Rabies|Scrofula|Struma|Tonic|Tumor|Tumor(Lung)|Urogenital|Wound,,general_toxicity,,,,0
Acaena sp,Buzzies,,phytochemical,Cancer(Throat),Dr. Duke,,,Cancer(Throat),,,,,,0
Aloe arborescens,,,phytochemical,Cancer(Throat),Dr. Duke,,,Cancer(Throat),,,,,,0
Ceterach officinarum,Spleenwort,,phytochemical,Cancer(Throat),Dr. Duke,,,Cancer(Throat)|Cough,,,,,,0
Limosella aquatica,Mudwort,,phytochemical,Cancer(Throat),Dr. Duke,,,Cancer(Throat)|Divination,,,,,,0
Aquilaria agallocha,Chen Xiang,,phytochemical,Cancer(Thyroid),Dr. Duke,,,Abdomen|Anodyne|Aphrodisiac|Asthma|Cancer|Cancer(Thyroid)|Carminative|Chest|Colic|Congestion|Diarrhea|Diuretic|Evil eye|Gastralgia|Hiccup|Kidney|Nausea|Repellant(Insect)|Skin|Stimulant|Stomachic|Tonic|Tumor(Abdomen)|Tumor(Lung),,,,,,0
Fritillaria cirrhosa,Bei Mu,,phytochemical,Cancer(Thyroid),Dr. Duke,,,Asthma|Bronchitis|Cancer(Thyroid)|Tuberculosis|Tumor(Lung),,,,,,0
Fritillaria delavayi,Bei Mu,,phytochemical,Cancer(Thyroid),Dr. Duke,,,Cancer(Thyroid)|Tumor(Lung),,,,,,0
Liriope graminifolia,Mai Dong,,phytochemical,Cancer(Thyroid),Dr. Duke,,,Aphrodisiac|Cancer(Thyroid)|Cough|Dysentery|Fever|Lung|Tonic|Tumor(Lung),,,,,,0
Paeonia suffruticosa,Dang Pi,,phytochemical,Cancer(Thyroid),Dr. Duke,,,Amenorrhea|Anodyne|Antispasmodic|Appendicitis|Bactericide|Cancer(Breast)|Cancer(Thyroid)|Decoagulant|Fatigue|Fever|Hematemesis|Hemostatic|Hypertension|Tumor,,,,,,0
Cimicifuga racemosa,Cimicifuga,,phytochemical,Cancer(Tongue),Dr. Duke,,,Alterative|Bite(Snake)|Bronchitis|Cancer(Tongue)|Chorea|Dysmenorrhea|Emmenagogue|Female|Itch|Kidney|Malaise|Malaria|Medicine|Nerves|Parturition|Rheumatism|Sedative|Sore(Throat)|Stomachic|Sudorific|Tonic|Tumor|Uterus|Yellow Fever,,pregnancy_caution,,,,0
Collinsonia sp,Collinsonia,,phytochemical,Cancer(Tongue),Dr. Duke,,,Cancer(Tongue),,,,,,0
Hydrangea arborescens,Hydrangea,,phytochemical,Cancer(Tongue),Dr. Duke,,,Alterative|Bactericide|Cancer(Tongue)|Diaphoretic|Diuretic|Kidney|Laxative|Medicine|Narcotic|Nephritis|Nightmare|Purgative|Sialogogue|Stomachic|Stone|Tonic,,,,,,0
Lens culinaris,Lentil,,phytochemical,Cancer(Toothh),Dr. Duke,,,Cancer(Toothh)|Scurvy|Tumor(Abdomen)|Ulcer,,,,,,0
Aconitum fischeri,,,phytochemical,Cancer(Uterus),Dr. Duke,,,Cancer(Uterus),,,,,,0
Allium fistulosum,,,phytochemical,Cancer(Uterus),Dr. Duke,,,Ache(Head)|Cancer(Uterus)|Diaphoretic|Fever,,,,,,0
Allium montanum,,,phytochemical,Cancer(Uterus),Dr. Duke,,,Cancer(Uterus),,,,,,0
Allium volhynicum,,,phytochemical,Cancer(Uterus),Dr. Duke,,,Cancer(Uterus),,,,,,0
Arctotis sp,,,phytochemical,Cancer(Uterus),Dr. Duke,,,Cancer(Uterus),,,,,,0
Astragalus hoantchy,,,phytochemical,Cancer(Uterus),Dr. Duke,,,Cachexia|Cancer(Uterus)|Debility|Diuretic|Fever|Leukemia|Malaria|Pectoral|Tonic,,,,,,0
Atractylis sp,,,phytochemical,Cancer(Uterus),Dr. Duke,,,Cancer(Uterus),,,,,,0
Brosimum alicastrum,Caucho Macho,,phytochemical,Cancer(Uterus),Dr. Duke,,,Asthma|Bronchitis|Cancer(Uterus)|Chest|Coffee|Galactogogue|Lactagogue|Sedative,,,,,,0
Cinnamomum sp,,,phytochemical,Cancer(Uterus),Dr. Duke,,,Anodyne|Boil|Cancer(Uterus)|Evil eye|Rubefacient,,,,,,0
Cryptostemma sp,,,phytochemical,Cancer(Uterus),Dr. Duke,,,Cancer(Uterus),,,,,,0
Dimocarpus longan,,,phytochemical,Cancer(Uterus),Dr. Duke,,,Antidote|Cancer(Uterus)|Intellect|Perspiration|Spleen|Vermifuge,,,,,,0
Dimorphotheca sp,,,phytochemical,Cancer(Uterus),Dr. Duke,,,Cancer(Uterus),,,,,,0
Filipendula hexapetala,,,phytochemical,Cancer(Uterus),Dr. Duke,,,Bladder stone|Blennorrhea|Cancer(Uterus)|Dropsy|Epilepsy|Gout|Kidney stones|Parasite|Respiratory,,,,,,0
Lappa tomentosa,Bardane A Tetes Cotonneuses,,phytochemical,Cancer(Uterus),Dr. Duke,,,Cancer(Uterus),,,,,,0
Lophanthus rugosus,,,phytochemical,Cancer(Uterus),Dr. Duke,,,Cancer(Uterus)|Carminative|Cholera|Deodorant|Halitosis|Hangover|Mouthwash|Nausea|Pregnancy|Stomachic,,,,,,0
Mimosa sensitiva,Adormidera,,phytochemical,Cancer(Uterus),Dr. Duke,,,Cancer(Uterus),,,,,,0
Orobanche ammophylla,,,phytochemical,Cancer(Uterus),Dr. Duke,,,Cancer(Uterus),,,,,,0
Pachycereus pringlei,,,phytochemical,Cancer(Uterus),Dr. Duke,,,Ache|Bruise|Cancer(Uterus)|Rheumatism|Wound,,,,,,0
Peganum harmala,"Rue,Wild",,phytochemical,Cancer(Uterus),Dr. Duke,,,Abortifacient|Alterative|Anodyne|Aphrodisiac|Asthma|CNS depressant|CNS stimulant|Calculus|Cancer(Uterus)|Colic|Diuretic|Dysmenorrhea|Emetic|Emmenagogue|Eye|Eyesight|Fever|Fumigant|Hiccup|Hysteria|Intoxicant|Jaundice|Lactogogue|Laryngitis|Malaria|Narcotic|Nerves|Neuralgia|Parkinsonianism|Parkinsonism|Pediculicide|Poison|Repellant(Insect)|Rheumatism|Soporific|Stimulant|Stupefacient|Sudorific|Urogenital|Vermifuge,,general_toxicity;pregnancy_caution,,,,0
Plantago psyllium,Psyllium,,phytochemical,Cancer(Uterus),Dr. Duke,,,Antidiarrheic|Antitussive|Cancer(Uterus)|Demulcent|Emollient|Expectorant|Inflammation|Laxative|Purgative|Rheumatism,,,,,,0
Polygonum maritimum,Knotgrass,,phytochemical,Cancer(Uterus),Dr. Duke,,,Burn|Cancer(Uterus)|Wound,,,,,,0
Sapium sp,Caucho Criollo Hembra,,phytochemical,Cancer(Uterus),Dr. Duke,,,Cancer(Uterus)|Poison(Arrow),,general_toxicity,,,,0
Schrankia sp,Adormidero,,phytochemical,Cancer(Uterus),Dr. Duke,,,Cancer(Uterus),,,,,,0
Spondias mombin,Jobo Macho,,phytochemical,Cancer(Uterus),Dr. Duke,,,Anodyne|Antiseptic|Asthma|Astringent|Cancer(Uterus)|Cold|Congestion|Cough|Diarrhea|Diuretic|Erysipelas|Exhaustion|Expectorant|Eye|Fever|Gargle|Gonorrhea|Inflammation|Internal|Laxative|Leprosy|Liqueur|Malignancy|Nephritis|Ophthalmia|Poison|Purgative|Soap|Sore|Sore(Throat)|Spasm|Swelling|Taenifuge|Thrush|Tumor|Urethritis|Vermifuge|Vulnerary|Water|Wound,,general_toxicity,,,,0
Ziziphus vulgaris,,,phytochemical,Cancer(Uterus),Dr. Duke,,,Abdomen|Ague|Amnesia|Anodyne|Antidote(Aconite)|Apprehension|Cancer(Uterus)|Demulcent|Depurative|Diaphoretic|Eruption|Eye|Fever|Hair-Tonic|Hematinic|Inflammation|Insomnia|Laxative|Marasmus|Nausea|Nervine|Poultice|Pregnancy|Sedative|Tonic|Typhoid|Vertigo|Viscera|Wound,,,,,,0
Anemarrhena asphodeloides,,,phytochemical,Cancer,Dr. Duke,,,Antiphlogistic|Antipyretic|Cancer|Cough|Diuretic|Dysuria|Ejaculation|Eruption|Expectorant|Febrifuge|Fever|Hyperglycemia|Laxative|Lenitive|Lumbago|Refrigerant|Sedative|Sweating|Thirst|Tinnitus|Vertigo,,,,,,0
Bidens bipinnata,,,phytochemical,Cancer,Dr. Duke,,,Bite(Snake)|Cancer|Debility|Hemorrhage|Jaundice|Rheumatism,,,,,,0
Camptotheca acuminata,,,phytochemical,Cancer,Dr. Duke,,,Cancer,,,,,,0
Clematis chinensis,,,phytochemical,Cancer,Dr. Duke,,,Ache(Back)|Ache(Stomach)|Analgesic|Anodyne|Arthritis|Cancer|Carminative|Diuretic|Fever|Lumbago|Neoplasm|Rheumatism|Tetanus,,,,,,0
Hypericum japonicum,,,phytochemical,Cancer,Dr. Duke,,,Ache(Tooth)|Alterative|Asthma|Astringent|Bite(Snake)|Cancer|Cold|Contusion|Dysentery|Hernia|Jaundice|Leech|Odontectomy|Styptic|Vulnerary|Vulneric,,,,,,0
Maytenus ovatus,,,phytochemical,Cancer,Dr. Duke,,,Cancer,,,,,,0
Podophyllum peltatum,Mayapple,,phytochemical,Cancer,Dr. Duke,,,Aperient|Bile|Bilious|Bowel|Cancer|Emetic|Fever|Hydragogue|Jaundice|Laxative|Liver|Medicine|Poison|Purgative|Syphilis|Tonic|Tumor|Vermifuge|Wart,,general_toxicity,,,,0
Polygonum cuspidatum,,,phytochemical,Cancer,Dr. Duke,,,Abscess|Alexiteric|Aperient|Appendicitis|Arthritis|Bite(Snake)|Boil|Bruise|Burn|Cancer|Diuretic|Dysmenorrhea|Ecchymosis|Fever|Gonadotrophic|Gonorrhea|Gout|Hepatitis|Jaundice|Medicine|Metroxenia|Poison|Preventitive(Epidemic)|Puerperium|Purgative|Refrigerant|Regeneration|Rheumatism|Swelling|Trauma,,general_toxicity,,,,0
Stereospermum suaveolens,,,phytochemical,Cancer,Dr. Duke,,,Asthma|Brain|Bronchitis|Cancer|Chest|Diuretic|Dysentery|Fever|Hematuria|Hiccup|Hyperglycemia|Inflammation|Malaria|Phthisis|Polyp(Nose)|Puerperium|Rinderpest|Tonic|Tumor(Abdomen)|Viricide,,,,,,0
Taxodium distichum,,,phytochemical,Cancer,Dr. Duke,,,Cancer|Carminative|Diuretic|Tumor|Vulnerary|Wound,,,,,,0
Tetrastigma serrulatum,,,phytochemical,Cancer,Dr. Duke,,,Cancer,,,,,,0
Urginea indica,,,phytochemical,Cancer,Dr. Duke,,,Amebiasis|Asthma|Bronchitis|Bruise|Cancer|Cardiotonic|Cathartic|Corn|Cough|Cyanogenetic|Diuretic|Emetic|Expectorant|Hyperglycemia|Leukemia|Rheumatism|Tumor,,,,,,0
Vernonia amygdalina,,,phytochemical,Cancer,Dr. Duke,,,Antidote|Apertif|Cancer|Chewstick|Cough|Dentifrice|Diarrhea|Digestive|Diuretic|Enteritis|Fever|Gastritis|Gonorrhea|Infection|Itch|Laxative|Metrorrhagia|Pneumonia|Purgative|Ringworm|Scurvy|Skin|Stomachic|Tonic|Venereal|Yaws,,,,,,0
Vernonia cinerea,,,phytochemical,Cancer,Dr. Duke,,,Ache(Head)|Ache(Stomach)|Alexipharmic|Amebiasis|Antidote|Cancer|Cholera|Colic|Cough|Diaphoretic|Diarrhea|Dysentery|Dyspepsia(Veterinary)|Dysuria|Eczema|Fever|Guineaworms|Herpes|Impotency|Incontinence|Labor|Lactogogue|Leucoderma|Malaria|Night-Blindness|Pediculicide|Psoriasis|Ringworm|Skin|Splenitis|Swelling(Veterinary)|Throat(Veterinary)|Tumor|Vermifuge,,,,,,0
Zanthoxylum gilletii,,,phytochemical,Cancer,Dr. Duke,,,Ache(Back)|Ache(Tooth)|Cancer|Lumbago|Narcotic|Palpitation|Rheumatism|Smallpox|Syphilis|Throat|Urogenital,,,,,,0
Asclepias curassavica,,,phytochemical,Cancer,Dr. Duke,,,Ache(Head)|Adulterant|Anthelminthic|Astringent|Cancer|Caries|Depurative|Diaphoretic|Dysentery|Emetic|Fever|Gonorrhea|Hemostat|Hemostatic|Leprosy|Leucorrhea|Pectoral|Piles|Poison|Poison(Veterinary)|Purgative|Rabies|Sore|Sternutatory|Styptic|Sudorific|Tuberculosis|Tumor(Abdomen)|Venereal|Vermifuge|Vulnerary|Wart,,general_toxicity,,,,0
Alpinia antillarum,,,phytochemical,Carcinoma,Dr. Duke,,,Carcinoma,,,,,,0
Bocconia cordata,Po Lo Hui,,phytochemical,Carcinoma,Dr. Duke,,,Carcinoma|Polyp|Wart,,,,,,0
Celosia scabra,,,phytochemical,Carcinoma,Dr. Duke,,,Carcinoma,,,,,,0
Fumaria bulbosa,Kapnos,,phytochemical,Carcinoma,Dr. Duke,,,Carcinoma,,,,,,0
Fumaria parviflora,,,phytochemical,Carcinoma,Dr. Duke,,,Anodyne|Boil|Carcinoma|Depurative|Diuretic|Fever|Laxative|Spasm|Swelling|Tonic|Wound,,,,,,0
Magnolia hypoleuca,,,phytochemical,Carcinoma,Dr. Duke,,,Carcinoma|Deobstruent|Eye|Halitosis|Laxative|Polyuria|Sore|Tonic,,,,,,0
Nerium oleander,Adelfa,,phytochemical,Carcinoma,Dr. Duke,,,Aposteme|Atheroma|Carcinoma|Cardiac|Cardiotonic|Corn|Cyanogenetic|Diuretic|Emetic|Epithelioma|Eruption|Fatality|Homicide|Insecticide|Parasiticide|Poison|Psoriasis|Purgative|Raticide|Repellant(Insect)|Rodenticide|Scabies|Skin|Sore|Sternutatory|Stimulant|Tonic|Tumor|Wart|Weakness,,general_toxicity,,,,0
Papaver argemone,Argemone,,phytochemical,Carcinoma,Dr. Duke,,,Carcinoma|Sudorific,,,,,,0
Pedilanthus tithymaloides,Itamo Real,,phytochemical,Carcinoma,Dr. Duke,,,Bite(Centipede)|Carcinoma|Caustic|Corn|Emetic|Emmenagogue|Hernia|Leucoderma|Medicine|Poison|Syphilis|Tumor|Umbilicus|Venereal|Wart,,general_toxicity;pregnancy_caution,,,,0
Pinus koraiensis,Haisung,,phytochemical,Carcinoma,Dr. Duke,,,Carcinoma|Longevity|Nutrient|Tonic,,,,,,0
Quassia amara,Quassia,,phytochemical,Carcinoma,Dr. Duke,,,Astringent|Bite(Snake)|Cancer|Carcinoma|Diarrhea|Digestive|Diuretic|Dysentery|Dyspepsia|Fever|Hyperglycemia|Insecticide|Laxative|Liver|Malaria|Medicine|Stimulant|Stomachic|Tonic|Vermicide|Vermifuge,,,,,,0
Ranunculus pubescens,,,phytochemical,Carcinoma,Dr. Duke,,,Carcinoma,,,,,,0
Rhynchospermum jasminoides,Lo Shih,,phytochemical,Carcinoma,Dr. Duke,,,Bite(Snake)|Carcinoma|Gonorrhea|Restorative|Sciatica|Senility|Tonic|Wound,,,,,,0
Solandra hirsuta,,,phytochemical,Carcinoma,Dr. Duke,,,Carcinoma,,,,,,0
Tetraclinis articulata,Sandaracha,,phytochemical,Carcinoma,Dr. Duke,,,Carcinoma|Dentistry|Diarrhea|Gout|Masticatory|Piles|Rheumatism,,,,,,0
Thuja orientalis,Po Tzu,,phytochemical,Carcinoma,Dr. Duke,,,Ache(Head)|Apprehension|Astringent|Burn|Carcinoma|Coagulant|Cold|Constipation|Convulsion|Diuretic|Dysmenorrhea|Ejaculation|Emmenagogue|Enterostenosis|Epistaxis|Fattening|Fever|Hair-Tonic|Hematemesis|Hematofeces|Hematuria|Hemorrhage|Hemostat|Hemostatic|Hidrosis|Insomnia|Laxative|Lenitive|Liver|Menorrhagia|Metrorrhagia|Nausea|Nervine|Neurasthenia|Palpitation|Parasiticide|Perspiration|Piles|Refrigerant|Resolvent|Rheumatism|Scald|Sedative|Skin|Tonic|Tumor,,pregnancy_caution,,,,0
Trichosanthes multiloba,,,phytochemical,Carcinoma,Dr. Duke,,,Abscess|Alactia|Amenorrhea|Anxiety|Astringent|Carcinoma|Chest|Congestion|Constipation|Diabetes|Expectorant|Fever|Flux|Inflammation|Jaundice|Mastitis|Oliguria|Pectoral|Placenta|Polyuria|Sore|Syphilis|Thirst|Tumor|Wound,,,,,,0
Vigna radiata,Hung Ton,,phytochemical,Carcinoma,Dr. Duke,,,Abscess|Antidote|Antivinous|Beri-Beri|Bladder|Boil|Carcinoma|Carminative|Cholera|Diuretic|Dysentery|Fever|Labor|Lactogogue|Placenta|Polyneuritis|Poultice|Preventitive(Abortifacient)|Puerperium|Restorative|Smallpox|Swelling|Tumor|Urogenital|Vertigo,,pregnancy_caution,,,,0
Laserpitium sp,Lasar,,phytochemical,Carcinoma(Gum),Dr. Duke,,,Carcinoma(Gum),,,,,,0
Symplocos theaefolia,,,phytochemical,Carcinoma,Dr. Duke,,,Carcinoma|Hyperglycemia|Leukemia|Malignancy,,,,,,0
Brucea javanica,Ya Dan Zi,,phytochemical,Cancer(Esophagus),Dr. Duke,,,Amebiasis|Anodyne|Anticoagulant|Bite(Centipede)|Boil|Cancer(Esophagus)|Cathartic|Cholagogueue|Colic|Condyloma|Corn|Cough|Diarrhea|Dysentery|Emetic|Fever|Insecticide|Labor|Malaria|Mange|Nematicide|Piles|Poison|Pulicide|Rheumatism|Ringworm|Scurf|Sore|Splenomegaly|Tumor(Lung)|Vermifuge|Wart|Wen,,bleeding_risk;general_toxicity,,,,0
Clematis hexapetala,Huang Yao Tzi,,phytochemical,Neoplasm,Dr. Duke,,,Neoplasm,,,,,,0
Viola mandshurica,,,phytochemical,Neoplasm,Dr. Duke,,,Neoplasm|Tumor,,,,,,0
Abelmoschus esculentus,Quingombo,,phytochemical,Tumor,Dr. Duke,,,Abortifacient|Abscess|Ache(Tooth)|Antidote|Aphrodisiac|Boil|Burn|Catarrh|Coffee|Colic|Cordial|Demulcent|Diarrhea|Diuretic|Dyspepsia|Dysuria|Emollient|Gonorrhea|Gum|Inflammation|Intestine|Labor|Lactogogue|Leprosy|Parturition|Pectoral|Pregnancy|Scald|Sore|Spasm|Stimulant|Sudorific|Syphilis|Tumor|Whitlow|Wound,,pregnancy_caution,,,,0
Abutilon americanum,,,phytochemical,Tumor,Dr. Duke,,,Tumor,,,,,,0
Acacia villosa,,,phytochemical,Tumor,Dr. Duke,,,Cancer|Expectorant|Gargle|Sore(Throat)|Tea|Throat|Tumor,,,,,,0
Acanthus sp,Acanthus,,phytochemical,Tumor,Dr. Duke,,,Burn|Cyst|Emollient|Pustule|Sclerosis(Liver)|Sclerosis(Spleen)|Tumor|Vaginitis|Wart,,,,,,0
Achillea ageratum,Ageraton,,phytochemical,Tumor,Dr. Duke,,,Tumor|Wound,,,,,,0
Achillea fragrantissima,,,phytochemical,Tumor,Dr. Duke,,,Tumor,,,,,,0
Achyranthes bidentata,Soei in soei in taloen,,phytochemical,Tumor,Dr. Duke,,,Ache(Head)|Ache(Tooth)|Ague|Amenorrhea|Anodyne|Antiperspirant|Anxiety|Aphthae|Coagulant|Diuretic|Emmenagogue|Epistaxis|Fever|Hemolytic|Hypertension|Impotency|Labor|Lumbago|Malaria|Medicine|Pain|Puerperium|Rheumatism|Skin|Thirst|Tonic|Tumor|Urogenital|Vermifuge,,pregnancy_caution,,,,0
Achyranthes porphyristachya,,,phytochemical,Tumor,Dr. Duke,,,Tumor,,,,,,0
Aconitum lycoctonum,,,phytochemical,Tumor,Dr. Duke,,,Analgesic|Anodyne|Cancer|Diuretic|Fever|Narcotic|Poison|Sedative|Sudorific|Tumor,,general_toxicity,,,,0
Actaea spicata,Sheng Ma,,phytochemical,Tumor,Dr. Duke,,,Angina Pectoris|Antidote|Asthma|Cardiotonic|Dropsy|Hysteria|Nerves|Nervine|Pertussis|Phthisis|Poison|Preventitive(Death)|Preventitive(Malaria)|Preventitive(Miasm)|Preventitive(Poison)|Rheumatism|Sedative|Senility|Spasm|Tumor|Tumor(Thigh)|Vitus,,general_toxicity,,,,0
Adenanthera pavonina,,,phytochemical,Tumor,Dr. Duke,,,Boil|Gout|Rheumatism|Soap|Suppurative|Tonic|Tumor,,,,,,0
Adansonia digitata,Baobob,,phytochemical,Tumor,Dr. Duke,,,Ache(Tooth)|Astringent|Diaphoretic|Dysentery|Fever|Fumigant|Malaria|Refrigerant|Rennet|Repellant(Insect)|Shampoo|Soap|Thirst|Tumor|Witchcraft,,,,,,0
Adenophora polymorpha,,,phytochemical,Tumor,Dr. Duke,,,Antidote(Arrow poison)|Antidote(Poison)|Bite(Bug)|Bite(Snake)|Cancer(Uterus)|Demulcent|Expectorant|Leukemia|Medicine|Refrigerant|Sore|Tumor,,general_toxicity,,,,0
Adiantum lunulatum,,,phytochemical,Tumor,Dr. Duke,,,Bite(Dog)|Cachexia|Colic|Diarrhea|Myalgia|Rabies|Swelling|Tumor,,,,,,0
Aegilops ovata,Aegilops,,phytochemical,Tumor,Dr. Duke,,,Alopecia|Eye|Tumor,,,,,,0
Aegopodium podograria,,,phytochemical,Tumor,Dr. Duke,,,Tumor,,,,,,0
Aeolanthus lamborayi,,,phytochemical,Tumor,Dr. Duke,,,Tumor,,,,,,0
Aeschynomene fascicularis,Cabalpich,,phytochemical,Tumor,Dr. Duke,,,Tumor,,,,,,0
Aethusa conyzoides,Kelihomandra,,phytochemical,Tumor,Dr. Duke,,,Tumor,,,,,,0
Aframomum granum-paradisi,Grains Of Paradise,,phytochemical,Tumor,Dr. Duke,,,Tumor,,,,,,0
Aframomum melegueta,Grains Of Paradise,,phytochemical,Tumor,Dr. Duke,,,Ache(Tooth)|Anodyne|Aphrodisiac|Astringent|Carminative|Dysentery|Enteritis|Excitant|Fever|Gastritis|Liqueur|Malaria|Medicine|Piscicide|Preventitive(Migraine)|Preventitive(Rheumatism)|Sedative|Stimulant|Stomachic|Styptic|Tapeworm|Tonic|Tumor,,,,,,0
Agave cocui,Cocui,,phytochemical,Tumor,Dr. Duke,,,Intoxicant|Tumor,,general_toxicity,,,,0
Agave sobolifera,Cocui,,phytochemical,Tumor,Dr. Duke,,,Tumor,,,,,,0
Agave sp,Duba Xha,,phytochemical,Tumor,Dr. Duke,,,Ache(Tooth)|Anodyne|Aposteme|Astringent|Condyloma|Depurative|Dysentery|Gonorrhea|Purgative|Side|Sore(Veterinary)|Tumor|Wound,,,,,,0
Ageratum conyzoides,Rompesaraguelo,,phytochemical,Tumor,Dr. Duke,,,Abdomen|Abortifacient|Ague|Boil|Burn|Colic|Collyrium|Contraceptive|Cough|Craw-Craw|Cystitis|Decoagulant|Depurative|Diabetes|Dysentery|Dyspepsia|Emetic|Expectorant|Eye|Fever|Flu|Hemostat|Infection|Lithontriptic|Pneumonia|Poison|Poultice|Puerperium|Purgative|Resolvent|Rheumatism|Sleeping sickness|Sore|Stimulant|Sudorific|Syphilis|Tumor|Uterus|Venereal|Vulnerary|Wound,,general_toxicity;pregnancy_caution,,,,0
Aglaonema marantifolium,,,phytochemical,Tumor,Dr. Duke,,,Tumor,,,,,,0
Ajuga decumbens,Isha Nakasa,,phytochemical,Tumor,Dr. Duke,,,Abscess|Analgesic|Bite(Snake)|Boil|Bronchitis|Burn|Epistaxis|Fever|Hypertension|Inflammation|Pneumonia|Sore(Throat)|Tonsillitis|Trauma|Tumor|Wound,,,,,,0
Aleurites moluccana,,,phytochemical,Tumor,Dr. Duke,,,Ache(Head)|Ache(Stomach)|Aperient|Aphrodisiac|Asthma|Debility|Diarrhea|Dysentery|Fever|Gonorrhea|Hair-Oil|Laxative|Medicine|Poison|Purgative|Sciatica|Sore|Sprue|Stimulant|Sudorific|Swelling|Tumor|Unconsciousness|Womb|Wound,,general_toxicity,,,,0
Alisma plantago-aquatica,Damasonium,,phytochemical,Tumor,Dr. Duke,,,Astringent|Bactericide|Cancer(Stomach)|Diuretic|Dysuria|Edema|Ejaculation|Hypercholesterolemia|Hyperglycemia|Hypertension|Lactifuge|Leukemia|Lumbago|Nephritis|Poison|Rabies|Scurvy|Tumor|Venereal|Vertigo,,general_toxicity,,,,0
Allium bakeri,Hsieh Pai,,phytochemical,Tumor,Dr. Duke,,,Tumor,,,,,,0
Allium vineale,Cepalla Bavosa,,phytochemical,Tumor,Dr. Duke,,,Tumor,,,,,,0
Alnus glutinosa,Alder,,phytochemical,Tumor,Dr. Duke,,,Alterative|Astringent|Detersive|Diuretic|Fever|Foot|Sudorific|Tonic|Tumor|Vermifuge,,,,,,0
Alocasia macrorrhiza,,,phytochemical,Tumor,Dr. Duke,,,Ache(Ear)|Ache(Tooth)|Anodyne|Antidote(Laportea)|Antidote(Urticaria)|Aphrodisiac|Arthritis|Astringent|Bite(Scorpion)|Burn|Cough|Cyanogenetic|Diarrhea|Miasma|Nettle|Poison|Rheumatism|Rubefacient|Sore|Stimulant|Sunburn|Tumor,,general_toxicity,,,,0
Aloe ferox,Aloes Do Cabo,,phytochemical,Tumor,Dr. Duke,,,Aperient|Medicine|Tumor,,,,,,0
Aloe sp,Sabr,,phytochemical,Tumor,Dr. Duke,,,Boil|Bruise|Carbuncle|Cold|Corn|Depurative|Dropsy|Gonorrhea|Laxative|Parturition|Sclerosis|Sunburn|Swelling|Tumor|Wart(Uterus)|Wound,,,,,,0
Aloe succotrina,Aloes,,phytochemical,Tumor,Dr. Duke,,,Tumor,,,,,,0
Althaea cannabina,Cannabis Sylvestris,,phytochemical,Tumor,Dr. Duke,,,Tumor,,,,,,0
Althaea rosea,Malva Real,,phytochemical,Tumor,Dr. Duke,,,Astringent|Bite(Bug)|Cardiotonic|Chest|Demulcent|Diuretic|Dysentery|Dysmenorrhea|Emollient|Eruption|Expectorant|Fever|Labor|Leucorrhea|Malaria|Sore|Stomachic|Tonic|Tumor,,,,,,0
Amaranthus spinosus,Bajem Doeri,,phytochemical,Tumor,Dr. Duke,,,Bite(Snake)|Boil|Bronchitis|Colic|Diuretic|Dyspnea|Eczema|Emmenagogue|Emollient|Enema|Eruption|Expectorant|Fever|Gonorrhea|Inflammation|Lactogogue|Menorrhagia|Nausea|Piles|Snuff|Sudorific|Tumor|Tumor(Uterus),,pregnancy_caution,,,,0
Ambrosia maritima,,,phytochemical,Tumor,Dr. Duke,,,Astringent|Hemostat|Stimulant|Stomachic|Tumor,,,,,,0
Amorphophallus montanus,,,phytochemical,Tumor,Dr. Duke,,,Tumor,,,,,,0
Ampelopsis indica,,,phytochemical,Tumor,Dr. Duke,,,Tumor,,,,,,0
Juliania adstringens,Chalalactli,,phytochemical,Tumor,Dr. Duke,,,Astringent|Cancer|Esophagus|Gum|Malaria|Sore|Stomach|Tumor|Typhoid|Typhus|Wound,,,,,,0
Anacardium occidentale,Cashew,,phytochemical,Tumor,Dr. Duke,,,Ache(Stomach)|Ache(Tooth)|Asthma|Astringent|Burn|Callosity|Callus|Caries|Catarrh|Caustic|Cold|Congestion|Constipation|Corn|Cough|Debility|Dermatosis|Diabetes|Diarrhea|Diuretic|Dysentery|Dyspepsia|Fever|Freckle|Gargle|Hypertension|Inflammation|Intoxicant|Leprosy|Liqueur|Nausea|Piscicide|Poison|Purgative|Repellant(Insect)|Scurvy|Skin|Sore(Throat)|Stomatitis|Swelling|Syphilis|Tattoo|Termitifuge|Throat|Thrush|Tumor|Ulcer|Vesicant|Wart,,general_toxicity,,,,0
Anacyclus valentinus,,,phytochemical,Tumor,Dr. Duke,,,Tumor,,,,,,0
Anaphalis margaritacea,Cudweed,,phytochemical,Tumor,Dr. Duke,,,Poultice|Sore|Swelling|Tumor,,,,,,0
Anethum graveolens,Baston Do Diale,,phytochemical,Tumor,Dr. Duke,,,Ache(Stomach)|Balsamic|Bruise|Carminative|Cough|Detersive|Digestive|Diuretic|Dropsy|Jaundice|Lactogogue|Laxative|Medicine|Narcotic|Psychedelic|Resolvent|Sclerosis|Scurvy|Sedative|Sore|Stimulant|Stomachic|Tumor|Tumor(Abdomen),,,,,,0
Angelica sp,Tu Kuan Ts'Ao,,phytochemical,Tumor,Dr. Duke,,,Tumor,,,,,,0
Anisotes trisulcus,,,phytochemical,Tumor,Dr. Duke,,,Tumor,,,,,,0
Annona reticulata,,,phytochemical,Tumor,Dr. Duke,,,Ache(Tooth)|Astringent|Boil|Convulsion|Diarrhea|Diuretic|Dysentery|Epilepsy|Fever|Hepatomegaly|Inflammation|Insecticide|Pectoral|Pediculicide|Poison|Spasm|Tonic|Tumor|Vermifuge,,general_toxicity,,,,0
Annona silvestris,Araticum Do Mato,,phytochemical,Tumor,Dr. Duke,,,Tumor,,,,,,0
Annona spinescens,,,phytochemical,Tumor,Dr. Duke,,,Tumor,,,,,,0
Annona squamosa,Custard Apple,,phytochemical,Tumor,Dr. Duke,,,Abortifacient|Astringent|Boil|Bruise|Cataplasm|Cold|Diarrhea|Diuretic|Dyspepsia|Fainting|Insecticide|Itch|Pectoral|Pediculicide|Purgative|Repellant(Insect)|Rheumatism|Soporific|Spasm|Stomachic|Suppurative|Tonic|Tumor|Vermifuge,,pregnancy_caution,,,,0
Antennaria plantaginifolia,,,phytochemical,Tumor,Dr. Duke,,,Bite(Snake)|Tumor,,,,,,0
Anthoxanthum odoratum,Gramade Olor,,phytochemical,Tumor,Dr. Duke,,,Emollient|Tumor,,,,,,0
Anthriscus cerecolium,Chervil,,phytochemical,Tumor,Dr. Duke,,,Tumor,,,,,,0
Antirrhinum majus,Dragon,,phytochemical,Tumor,Dr. Duke,,,Astringent|Detergent|Diuretic|Liver|Scurvy|Tumor,,,,,,0
Apium graveolens,Apio,,phytochemical,Tumor,Dr. Duke,,,Alterative|Anasarca|Anodyne|Antigalactogogue|Antiseptic|Apertif|Aphrodisiac|Arthritis|Baldness|Bruise|Calmative|Carminative|Colic|Deobstruent|Depurative|Digestive|Diuretic|Dropsy|Dysmenorrhea|Dyspepsia|Emmenagogue|Flux|Gout|Hoarseness|Melancholy|Metrorrhagia|Nervine|Poultice|Refrigerant|Resolvent|Rheumatism|Scurvy|Sedative|Sore|Stimulant|Stomachic|Tonic|Tumor|Tumor(Breast)|Wen,,pregnancy_caution,,,,0
Arethusa bulbosa,,,phytochemical,Tumor,Dr. Duke,,,Tumor,,,,,,0
Arisaema pentaphyllum,Ban Ha,,phytochemical,Tumor,Dr. Duke,,,Tumor,,,,,,0
Arisaema thunbergii,Hu Chang,,phytochemical,Tumor,Dr. Duke,,,Abscess|Alterative|Analgesic|Anesthetic|Apoplexy|Bite(Bug)|Deobstruent|Discutient|Diuretic|Epilepsy|Expectorant|Hemiplegia|Poison|Spasm|Swelling|Tumor|Vulnerary,,general_toxicity,,,,0
Aristolochia mexicana,Aristoloquia,,phytochemical,Tumor,Dr. Duke,,,Bite(Snake)|Carminative|Neuralgia|Sialogogue|Spasm|Sternutatory|Stimulant|Sudorific|Tumor,,,,,,0
Aristolochia subclausa,Tlacopatli,,phytochemical,Tumor,Dr. Duke,,,Tumor,,,,,,0
Aristotelia chilensis,Maqui,,phytochemical,Tumor,Dr. Duke,,,Tumor,,,,,,0
Artemisia apiacea,Ch'Ing Hao,,phytochemical,Tumor,Dr. Duke,,,Abdomen|Alexiteric|Convulsion|Diarrhea|Dysentery|Dysuria|Epistaxis|Fever|Hidrosis|Jaundice|Leukemia|Malaria|Nausea|Night-Sweat|Piles|Polyp(Nose)|Polypus|Preventitive|Repellant(Insect)|Skin|Sting(Wasp)|Stomachic|Thirst|Tonic|Tuberculosis|Tumor|Vermifuge|Vertigo,,,,,,0
Artemisia maritima,Sea Wormswood,,phytochemical,Tumor,Dr. Duke,,,Ascaricide|Fatality|Stomachic|Tonic|Tumor|Vermifuge,,,,,,0
Arthropodium cirratum,Rengarenga,,phytochemical,Tumor,Dr. Duke,,,Tumor,,,,,,0
Artocarpus altilis,Arvore De Pao,,phytochemical,Tumor,Dr. Duke,,,Anodyne|Boil|Burn|Diabetes|Fracture|Gout|Hypertension|Laxative|Oliguria|Rheumatism|Sore|Tumor,,,,,,0
Artocarpus heterophyllus,Jaqueira,,phytochemical,Tumor,Dr. Duke,,,Ache(Tooth)|Astringent|Carbuncle|Caries|Demulcent|Laxative|Leprosy|Liqueur|Puerperium|Repellant(Insect)|Smallpox|Sore|Sterility|Stomach|Tumor,,,,,,0
Artocarpus pubescens,,,phytochemical,Tumor,Dr. Duke,,,Tumor,,,,,,0
Asarum europaeum,Asaroun,,phytochemical,Tumor,Dr. Duke,,,Diaphoretic|Diuretic|Emetic|Emmenagogue|Fever|Poison|Purgative|Sternutatory|Stimulant|Sudorific|Tumor,,general_toxicity;pregnancy_caution,,,,0
Asclepias lanuginosa,Cenantli,,phytochemical,Tumor,Dr. Duke,,,Tumor,,,,,,0
Asclepias verticillata,Tepeacoxoyatl,,phytochemical,Tumor,Dr. Duke,,,Condyloma|Poison|Tumor,,general_toxicity,,,,0
Asperula odorata,Woodruff,,phytochemical,Tumor,Dr. Duke,,,Depurative|Diuretic|Sedative|Spasm|Stomachic|Tumor,,,,,,0
Asphodelus albus,Asphodel,,phytochemical,Tumor,Dr. Duke,,,Tumor,,,,,,0
Asphodelus fistulosus,Asphodel,,phytochemical,Tumor,Dr. Duke,,,Diuretic|Poison|Tumor,,general_toxicity,,,,0
Asphodelus microcarpus,Asphodel,,phytochemical,Tumor,Dr. Duke,,,Ache(Ear)|Astringent|Diuretic|Glue|Paralysis|Tumor,,,,,,0
Astragalus hamosus,Devil'S Claws,,phytochemical,Tumor,Dr. Duke,,,Astringent|Carminative|Emetic|Tumor,,,,,,0
Astragalus scaberrimus,Tzu Hua Ti Ling,,phytochemical,Tumor,Dr. Duke,,,Tumor,,,,,,0
Astronium urundeuva,Aroeira,,phytochemical,Tumor,Dr. Duke,,,Tumor,,,,,,0
Atriplex hortensis,Orach,,phytochemical,Tumor,Dr. Duke,,,Diuretic|Emollient|Lung|Tumor,,,,,,0
Avena sativa,Avena,,phytochemical,Tumor,Dr. Duke,,,Demulcent|Diuretic|Nervine|Poison|Spasm|Stimulant|Tonic|Tumor|Tumor(Abdomen)|Vulnerary,,general_toxicity,,,,0
Avicennia nitida,Mangle Prieto,,phytochemical,Tumor,Dr. Duke,,,Diarrhea|Piles|Tumor|Wound,,,,,,0
Avicennia officinalis,"Mangrove,White",,phytochemical,Tumor,Dr. Duke,,,Boil|Medicinel|Poultice|Soap|Tumor,,,,,,0
Azadirachta indica,,,phytochemical,Tumor,Dr. Duke,,,Ache(Tooth)|Alterative|Anthrax|Antiseptic|Astringent|Bite(Snake)|Boil|Burn|Carbuncle|Chancre|Cholera|Dentifrice|Deobstruent|Detersive|Diabetes|Diarrhea|Discutient|Eczema|Emollient|Febrifuge|Fever|Gingivitis|Insecticide|Intestine|Labor|Lactation|Laxative|Malaria|Measles|Nausea|Poison|Purgative|Pyorrhea|Rheumatism|Ringworm|Scald|Scrofula|Skin|Smallpox|Soap|Sore|Splenitis|Stimulant|Stomachic|Syphilis|Tonic|Tumor|Tumor(Abdomen)|Vermifuge,,general_toxicity,,,,0
Azorella sp,Yareta,,phytochemical,Tumor,Dr. Duke,,,Tumor,,,,,,0
Azorella yareta,Timiche,,phytochemical,Tumor,Dr. Duke,,,Absorbent|Astringent|Tumor,,,,,,0
Baccharis glutinosa,Axixtlcotl,,phytochemical,Tumor,Dr. Duke,,,Ache(Head)|Collyrium|Contraceptive|Eye|Hemostat|Obesity|Poultice|Puerperium|Sore|Tumor,,,,,,0
Commiphora africanum,Bcamgh El Moql,,phytochemical,Tumor,Dr. Duke,,,Tumor|Tumor(Joint)|Vermifuge,,,,,,0
Commiphora mukul,Guggulu,,phytochemical,Tumor,Dr. Duke,,,Alterative|Antiseptic|Apertif|Astringent|Bronchitis|Caries|Carminative|Catarrh|Diaphoretic|Diuretic|Emmenagogue|Expectorant|Gingivitis|Hayfever|Hysteria|Inflammation|Laryngitis|Lochia|Mania|Pharyngitis|Phthisis|Pyorrhea|Rheumatism|Sedative|Sore|Sore(Throat)|Stimulant|Stomachic|Tonsillitis|Tumor|Uterotonic|Uterus|Wound,,pregnancy_caution,,,,0
Commiphora myrra,Murr,,phytochemical,Tumor,Dr. Duke,,,Tumor,,,,,,0
Commiphora roxburghii,Camgh El Moql,,phytochemical,Tumor,Dr. Duke,,,Tumor,,,,,,0
Triticum sp,Myrrh,,phytochemical,Tumor,Dr. Duke,,,Cyanogenetic|Sclerosis|Tumor,,,,,,0
Bambusa arundinacea,Tabashir,,phytochemical,Tumor,Dr. Duke,,,Aphrodisiac|Cold(Veterinary)|Cough(Veterinary)|Cyanogenetic|Demulcent|Fever|Flatulence|Jaundice|Larvicide|Pectoral|Poison|Tumor|Water,,general_toxicity,,,,0
Baptisia tinctoria,Indigoweed,,phytochemical,Tumor,Dr. Duke,,,Antiseptic|Astringent|Bruise|Cathartic|Emetic|Emmenagogue|Fever|Laxative|Medicine|Poultice|Purgative|Sore|Sore(Throat)|Tonic|Tumor|Typhus|Wound,,pregnancy_caution,,,,0
Barleria bispinosa,,,phytochemical,Tumor,Dr. Duke,,,Tumor,,,,,,0
Basella rubra,,,phytochemical,Tumor,Dr. Duke,,,Aperient|Boil|Conjunctivitis|Cosmetic|Laxative|Parturition|Poultice|Sore|Tumor|Urticaria,,,,,,0
Bastardia viscosa,Chivatera,,phytochemical,Tumor,Dr. Duke,,,Fistula|Leprosy|Tumor,,,,,,0
Bauhinia tomentosa,St Thomas Tree,,phytochemical,Tumor,Dr. Duke,,,Boil|Tumor,,,,,,0
Bauhinia variegata,,,phytochemical,Tumor,Dr. Duke,,,Alterative|Astringent|Dermatosis|Obesity|Parturition|Scrofula|Skin|Sore|Tonic|Tumor|Tumor(Abdomen)|Ulcer,,,,,,0
Begonia acutifolia,,,phytochemical,Tumor,Dr. Duke,,,Tumor,,,,,,0
Biophytum sensitivum,,,phytochemical,Tumor,Dr. Duke,,,Ache(Stomach)|Anaphrodisiac (Female)|Anodyne|Bilious|Burn|Chest|Collapse|Contraceptive(Male)|Convulsion|Diabetes|Diuretic|Fever|Fumitory|Gonorrhea|Lithiasis|Spasm|Thirst|Tuberculosis|Tumor|Vulnerary|Wound,,,,,,0
Bocconia arborea,Llorasangre,,phytochemical,Tumor,Dr. Duke,,,Ache(Tooth)|Analgesic|Anesthetic|Collyrium|Dropsy|Eruption|Jaundice|Sore|Tumor|Ulcer|Vulnerary|Wart,,,,,,0
Borago officinalis,Borraja,,phytochemical,Tumor,Dr. Duke,,,Corn|Cyanogenetic|Depurative|Diaphoretic|Diuretic|Emollient|Febrifuge|Fever|Laxative|Nervine|Pectoral|Spasm|Sudorific|Tumor|Urogenital,,,,,,0
Brosimum utile,Cowtree,,phytochemical,Tumor,Dr. Duke,,,Asthma|Inflammation|Lactogogue|Masticatory|Tumor,,,,,,0
Bryonopsis laciniosa,,,phytochemical,Tumor,Dr. Duke,,,Ache(Head)|Adenopathy|Ague|Anodyne|Asthma|Bite(Snake)|Boil|Bronchitis|Carbuncle|Cholera|Colic|Convulsion|Cough|Delirium|Fertility|Fever|Laxative|Megalospleny|Paralysis|Phthisis|Post-Natal|Repellant(Insect)|Sore|Swelling|Syphilis|Tongue|Tonic|Tuberculosis|Tumor,,,,,,0
Buddleja americana,,,phytochemical,Tumor,Dr. Duke,,,Ache(Head)|Analgesic|Anodyne|Aposteme|Burn|Cirrhosis|Diuretic|Dropsy|Hepatitis|Hypnotic|Rheumatism|Sore|Tetanus|Tumor|Wound,,,,,,0
Bupleurum rotundifolium,,,phytochemical,Tumor,Dr. Duke,,,Laxative|Rupture|Tumor|Vulnerary,,,,,,0
Bursera cuminata,Gum Caranna,,phytochemical,Tumor,Dr. Duke,,,Tumor,,,,,,0
Bursera tecomaca,Yztacquauhxiotl,,phytochemical,Tumor,Dr. Duke,,,Tumor,,,,,,0
Bursera tomentosa,Tacamahaca,,phytochemical,Tumor,Dr. Duke,,,Cicatrizant|Medicine|Sore|Tumor,,,,,,0
Byrsocarpus coccineus,Awennade,,phytochemical,Tumor,Dr. Duke,,,Ache(Ear)|Antidote|Emetic|Gonorrhea|Hemostat|Impotency|Jaundice|Piles|Poison|Sedative|Skin|Sore|Stomatitis|Swelling|Tumor|Urogenital|Venereal|Wound,,general_toxicity,,,,0
Caesalpinia pulcherrima,Cacalaca,,phytochemical,Tumor,Dr. Duke,,,Abortifacient|Astringent|Bechic|Catarrh|Cathartic|Cold|Convulsion|Cough|Diarrhea|Emmenagogue|Epilepsy|Erysipelas|Fever|Gargle|Gastromegaly|Gum|Inflammation|Insecticide|Laxative|Liver|Medicine|Mouth|Ophthalmia|Pectoral|Piscicide|Poison|Purgative|Skin|Sore|Sudorific|Swelling|Throat|Tonic|Tooth|Tumor|Ulcer|Venereal|Vermifuge|Vulnerary,,general_toxicity;pregnancy_caution,,,,0
Cajanus cajan,Shan Tou Ken,,phytochemical,Tumor,Dr. Duke,,,Abdomen|Antidote|Antidote(Fish)|Antidote(Manihot)|Astringent|Bite(Bat)|Bronchitis|Ciguatera|Cold|Colic|Convulsion|Cough|Dermatosis|Detersive|Diarrhea|Diuretic|Dysentery|Earache|Enteritis|Expectorant|Flu|Gargle|Jaundice|Laxative|Leprosy|Pectoral|Sedative|Soporific|Sore|Sore(Throat)|Stroke|Swelling|Tumor|Tumor(Abdomen)|Urticaria|Vermifuge|Vertigo|Vulnerary|Witchcraft,,,,,,0
Calliandra anomala,,,phytochemical,Tumor,Dr. Duke,,,Astringent|Chest|Cholera|Condyloma|Cough|Diarrhea|Eye|Fever|Inappetence|Inflammation|Malaria|Nausea|Ophthalmia|Tumor|Ulcer,,,,,,0
Callicarpa longifolia,,,phytochemical,Tumor,Dr. Duke,,,Colic|Diarrhea|Fever|Gastromegaly|Parturition|Piscicide|Poultice|Sprue|Swelling|Syphilis|Tumor,,,,,,0
Calonyction aculeatum,Liseron,,phytochemical,Tumor,Dr. Duke,,,Purgative|Tumor,,,,,,0
Calycotome villosa,Kandoul,,phytochemical,Tumor,Dr. Duke,,,Tumor,,,,,,0
Canarium boivini,Ramy,,phytochemical,Tumor,Dr. Duke,,,Tumor,,,,,,0
Canarium madagascariense,Ramy,,phytochemical,Tumor,Dr. Duke,,,Tumor,,,,,,0
Canavalia obtusifolia,,,phytochemical,Tumor,Dr. Duke,,,Tumor,,,,,,0
Canna glauca,Muru,,phytochemical,Tumor,Dr. Duke,,,Tumor,,,,,,0
Canna indica,Meeru,,phytochemical,Tumor,Dr. Duke,,,Antidote|Demulcent|Diaphoretic|Diuretic|Dropsy|Fever|Inflammation|Sore(Throat)|Sudorific|Tumor,,,,,,0
Centaurea acaulis,Ardjikna,,phytochemical,Tumor,Dr. Duke,,,Tumor,,,,,,0
Capparis sp,,,phytochemical,Tumor,Dr. Duke,,,Tumor,,,,,,0
Capparis thonningii,Humbug,,phytochemical,Tumor,Dr. Duke,,,Tumor,,,,,,0
Capparis twediana,Meloncillo,,phytochemical,Tumor,Dr. Duke,,,Tumor,,,,,,0
Cardamine nasturtioides,Berros,,phytochemical,Tumor,Dr. Duke,,,Tumor,,,,,,0
Cardamine pratensis,Cressen,,phytochemical,Tumor,Dr. Duke,,,Depurative|Diaphoretic|Diuretic|Epilepsy|Nerves|Scurvy|Spasm|Stimulant|Tumor,,,,,,0
Cardiospermum halicacabum,Badha,,phytochemical,Tumor,Dr. Duke,,,Abscess|Ache(Ear)|Anodyne|Bladder|Boil|Buboes|Cataplasm|Conjunctivitis|Cyanogenetic|Diaphoretic|Diuretic|Emetic|Emmenagogue|Fever|Laxative|Lumbago|Nerves|Refrigerant|Rheumatism|Rubefacient|Stomachic|Sudorific|Tonic|Tumor,,pregnancy_caution,,,,0
Carthamus lanatus,Thuong Truat,,phytochemical,Tumor,Dr. Duke,,,Febrifuge|Sudorific|Tumor|Vermifuge,,,,,,0
Carthamus tinctorius,Azafran,,phytochemical,Tumor,Dr. Duke,,,Abortifacient|Alterative|Amenorrhea|Anodyne|Antidote|Apoplexy|Astringent|Bactericide|Blood|Boil|Bruise|Candida|Diaphoretic|Discutient|Diuretic|Dropsy|Dye|Dysmenorrhea|Emmenagogue|Eruption|Fever|Food-Dye|Fungicide|Gynecopathy|Heart|Hemorrhage|Inappetence|Jaundice|Laxative|Lenitive|Measles|Placenta|Puerperium|Purgative|Rennet|Rheumatism|Rubefacient|Scarlatina|Sedative|Skin|Sore|Stimulant|Sudorific|Trauma|Tumor|Uterotonic|Wound,,pregnancy_caution,,,,0
Carum roxburghianum,Ajmoda,,phytochemical,Tumor,Dr. Duke,,,Tumor,,,,,,0
Cassia absus,Chaksu,,phytochemical,Tumor,Dr. Duke,,,Astringent|Cataract|Cathartic|Cough|Ophthalmia|Parasiticide|Ringworm|Skin|Tumor,,,,,,0
Cassia obtusifolia,,,phytochemical,Tumor,Dr. Duke,,,Ache(Stomach)|Aperient|Constipation|Dermatosis|Leprosy|Nausea|Parturition|Purgative|Tonic|Tumor,,,,,,0
Cassia occidentalis,,,phytochemical,Tumor,Dr. Duke,,,Abortifacient|Abscess|Ache(Ear)|Ache(Head)|Ache(Stomach)|Ache(Tooth)|Acne|Anodyne|Antifertility|Antiseptic|Asthma|Bilious|Bronchitis|Burn|Carminative|Cataract|Chancre|Chill|Coffee|Cold|Colic|Collyrium|Dermatosis|Diaphoretic|Diarrhea|Diuretic|Dropsy|Dysentery|Dyspepsia|Eczema|Emmenagogue|Erysipelas|Eye|Febrifuge|Fever|Furuncle|Gonorrhea|Guineaworms|Heart|Heart attack|Hematuria|Herpes|Inflammation|Insecticide|Jaundice|Kidney|Leprosy|Liver|Malaria|Medicine|Nausea|Ophthalmia|Palpitation|Parasiticide|Poultice|Puerperium|Purgative|Rheumatism|Ringworm|Scabies|Skin|Sore|Sore(Throat)|Spasm|Stomach|Stomachic|Sudorific|Swelling|Syncope|Tetanus|Tonic|Tumor|Typhoid|Ulcer|Venereal|Vermifuge|Womb|Wound|Yellow Fever,,pregnancy_caution,,,,0
Cassia tagara,,,phytochemical,Tumor,Dr. Duke,,,Tumor,,,,,,0
Cassia tora,"Cassia,Foetid",,phytochemical,Tumor,Dr. Duke,,,Ache(Ear)|Ache(Head)|Bactericide|Bite(Bug)|Bite(Snake)|Cathartic|Cheloid|Coffee|Cold|Constipation|Cough|Epilepsy|Eruption|Eye|Fever|Furuncle|Hepatitis|Herpes|Intoxicant|Itch|Kidney|Laxative|Leprosy|Liver|Ointment-Base|Ophthalmia|Oxytoxic|Parasiticide|Photophobia|Piscicide|Plague|Psoriasis|Pterygium|Purgative|Ringworm|Scabies|Skin|Sore|Tumor|Typhoid|Ulcer|Vertigo|Viricide,,general_toxicity,,,,0
Catasetum sp,Sumare,,phytochemical,Tumor,Dr. Duke,,,Tumor,,,,,,0
Ceiba pentandra,Kapok,,phytochemical,Tumor,Dr. Duke,,,Ache(Head)|Alopecia|Antidiarrheic|Asthma|Astringent|Bladder|Bowel|Catarrh|Cough|Diuretic|Emetic|Emollient|Enterosis|Erysipelas|Feet|Female|Fever|Filler|Gravel|Hoarseness|Hydropsy|Leprosy|Neuralgia|Parturition|Salt|Shampoo|Soap|Spasm|Sprain|Swelling|Syphilis|Tumor|Urethritis|Wound,,,,,,0
Celosia argentea,Ts'Ing Hsiang Tsu,,phytochemical,Tumor,Dr. Duke,,,Ache(Head)|Antiphlogistic|Aphrodisiac|Astringent|Beri-Beri|Cancer|Conjunctivitis|Cough|Depurative|Diarrhea|Dysentery|Dysuria|Enterorrhagia|Epistaxis|Eruption|Eye|Fracture|Hemorrhage|Infection|Metrorrhagia|Ophthalmia|Otosis|Pellagra|Photophobia|Refrigerant|Retinitis|Scurvy|Sore|Stomatitis|Tonic|Tumor|Vermifuge|Vision|Vulnerary|Wound,,,,,,0
Cenchrus tribuloides,Zacapolin,,phytochemical,Tumor,Dr. Duke,,,Tumor,,,,,,0
Centaurea monantha,Lou Lu,,phytochemical,Tumor,Dr. Duke,,,Tumor,,,,,,0
Centaurea salonitana,Centaurion,,phytochemical,Tumor,Dr. Duke,,,Tumor,,,,,,0
Centrosema virginianum,,,phytochemical,Tumor,Dr. Duke,,,Anemia|Aphrodisiac|Leukemia|Tumor,,,,,,0
Cephalaria ambrosioides,Pyknokomon,,phytochemical,Tumor,Dr. Duke,,,Tumor,,,,,,0
Cestrum pseudoquina,Duraznillo,,phytochemical,Tumor,Dr. Duke,,,Tumor,,,,,,0
Chaenactis douglasii,Rattlesnake Tail,,phytochemical,Tumor,Dr. Duke,,,Tumor,,,,,,0
Chamaecyparis pisifera,Dwarf Cypress,,phytochemical,Tumor,Dr. Duke,,,Tumor,,,,,,0
Chenopodium ambrosioides,Paico,,phytochemical,Tumor,Dr. Duke,,,Ache(Stomach)|Amebiasis|Amenorrhea|Analgesic|Anemia|Ankylostomiasis|Anodyne|Anthelminthic|Antiseptic|Arthritis|Ascaricide|Asthma|Bite(Bug)|Carminative|Colic|Conjunctivitis|Diaphoretic|Diuretic|Dysentery|Dysmenorrhea|Dyspnea|Emmenagogue|Fatigue|Fear|Fungicide|Hookworms|Lactogogue|Medicine|Narcotic|Nerves|Nervine|Palpitation|Parasiticide|Poison|Puerperium|Rheumatism|Roundworms|Sore|Stimulant|Stomach|Stomachic|Tea|Tonic|Tumor|Vermifuge,,general_toxicity;pregnancy_caution,,,,0
Chenopodium rubrum,,,phytochemical,Tumor,Dr. Duke,,,Tumor,,,,,,0
Chiococca alba,Jasmin Batard,,phytochemical,Tumor,Dr. Duke,,,Astringent|Bechic|Bite(Snake)|Blennorrhagia|Diuretic|Dropsy|Emetic|Emollient|Expectorant|Medicine|Pectoral|Purgative|Rheumatism|Tonic|Tumor,,,,,,0
Chlorophora excelsa,Kamba,,phytochemical,Tumor,Dr. Duke,,,Itch|Swelling|Tumor,,,,,,0
Chrysanthemum indicum,Kan Chu Hua,,phytochemical,Tumor,Dr. Duke,,,Abscess|Alexiteric|Antiphlogistic|Aperient|Bactericide|Boil|Collyrium|Depurative|Digestive|Encephalomyelitis|Fever|Head|Hypertension|Infection|Insecticide|Migraine|Mump|Sedative|Skin|Stomachic|Swelling|Tonic|Tumor|Vermifuge|Wound,,,,,,0
Chrysanthemum morifolium,Kan Chu Hua,,phytochemical,Tumor,Dr. Duke,,,Abscess|Ache(Head)|Alexiteric|Anodyne|Boil|Carminative|Cold|Collyrium|Conjunctivitis|Fever|Flu|Refrigerant|Sedative|Tinnitus|Trachoma|Tumor|Vertigo,,,,,,0
Cicuta maculata,Hemlock,,phytochemical,Tumor,Dr. Duke,,,Contraceptive|Fatality|Suicide|Tumor,,,,,,0
Cinnamomum camphora,Camphora,,phytochemical,Tumor,Dr. Duke,,,Abdomen|Ache(Stomach)|Ache(Tooth)|Analeptic|Anodyne|Anthelminthic|Antiperspirant|Antiseptic|Antispasmodic|Arthritis|Beri-Beri|Calmative|Camphor|Camphor Ingredient|Cancer(Nose)|Carminative|Circulation|Convulsion|Dermatophytosis|Diarrhea|Energy|Favus|Fumigant|Hysteria|Inflammation|Insecticide|Itch|Myalgia|Myocarditis|Nerves|Neuralgia|Repellant(Insect)|Rheumatism|Rubefacient|Sedative|Spasm|Stimulant|Trauma|Tumor|Vermifuge|Vulnerary|Wound,,,,,,0
Circaea alpina,"Nightshade,Enchanter'S",,phytochemical,Tumor,Dr. Duke,,,Tumor,,,,,,0
Cirsium acarna,Badawerd,,phytochemical,Tumor,Dr. Duke,,,Tumor,,,,,,0
Cirsium ferox,Okanthos Leuke,,phytochemical,Tumor,Dr. Duke,,,Tumor,,,,,,0
Cissus setosa,Barubutsali,,phytochemical,Tumor,Dr. Duke,,,Guineaworms|Suppurative|Tumor,,,,,,0
Cissus sicyodes,Caro,,phytochemical,Tumor,Dr. Duke,,,Tumor,,,,,,0
Cissus sicyoides,,,phytochemical,Tumor,Dr. Duke,,,Ache(Head)|Anodyne|Arthritis|Boil|Bruise|Carbuncle|Cicatrizant|Cold|Colitis|Cough|Diarrhea|Diuretic|Fever|Flu|Gargle|Hoarseness|Inflammation|Rheumatism|Soap|Sore|Sore(Throat)|Sunburn|Tumor|Ulcer|Vesicant|Water|Wound,,,,,,0
Cissus vitiginea,Amomum,,phytochemical,Tumor,Dr. Duke,,,Tumor,,,,,,0
Citrus aurantiifolia,Lime,,phytochemical,Tumor,Dr. Duke,,,Ache(Head)|Ache(Stomach)|Antiseptic|Bilious|Carminative|Chewstick|Collyrium|Cough|Dysentery|Eye|Fever|Gargle|Gonorrhea|Hepatitis|Jaundice|Laxative|Liniment|Medicine|Mouthwash|Nausea|Ophthalmia|Pediculicide|Pneumonia|Refrigerant|Scurvy|Skin|Sore|Sore(Throat)|Steam-Bath|Stomachic|Stomatitis|Styptic|Sudorific|Thrush|Tonic|Trachoma|Tumor|Tumor(Abdomen)|Vermifuge|Wound|Yaws|Yellow Fever,,,,,,0
Clerodendrum buchanani,,,phytochemical,Tumor,Dr. Duke,,,Tumor,,,,,,0
Coccoloba caracasana,Uvero,,phytochemical,Tumor,Dr. Duke,,,Tumor,,,,,,0
Coccoloba latifolia,Uvero,,phytochemical,Tumor,Dr. Duke,,,Tumor,,,,,,0
Cocos nucifera,Coco,,phytochemical,Tumor,Dr. Duke,,,Abscess|Ache(Ear)|Ache(Stomach)|Ache(Tooth)|Alopecia|Amenorrhea|Anthelminthic|Antidote|Antidote(Stonefish)|Antiseptic|Aperient|Aphrodisiac|Asthma|Astringent|Blennorrhagia|Bronchitis|Bruise|Burn|Cachexia|Calculus|Cholera|Cold|Colitis|Constipation|Cough|Culifuge|Debility|Dentifrice|Depurative|Diuretic|Dropsy|Dysentery|Dysmenorrhea|Enterosis|Erysipelas|Fattening|Fever|Flu|Flux|Gargle|Gingivitis|Gonorrhea|Hairblack|Hematemesis|Hemoptysis|Hemorrhage|Hemostatic|Intestine|Intoxicant|Itch|Jaundice|Laxative|Liqueur|Massage|Medicine|Menorrhagia|Mouthwash|Nausea|Newborn|Osteosis|Pediculicide|Phthisis|Piles|Pregnancy|Purgative|Rash|Refrigerant|Repellant(Insect)|Rheumatism|Scabies|Scurvy|Shampoo|Skin|Smallpox|Soap|Sore|Sore(Throat)|Stomach|Stomachic|Stomatitis|Styptic|Suppurative|Swelling|Syphilis|Syphilis(2)|Syphilis(3)|Thirst|Tuberculosis|Tumor|Venereal|Vermifuge|Womb|Wound,,general_toxicity,,,,0
Coelopleurum lucidum,Bellyache Root,,phytochemical,Tumor,Dr. Duke,,,Tumor,,,,,,0
Colchicum parnassicum,"Saffron,Meadow",,phytochemical,Tumor,Dr. Duke,,,Tumor,,,,,,0
Coleus tuberosus,Kentang Djawa,,phytochemical,Tumor,Dr. Duke,,,Tumor,,,,,,0
Columnea longifolia,Woundwort,,phytochemical,Tumor,Dr. Duke,,,Tumor,,,,,,0
Commelina sp,Matlalitztic,,phytochemical,Tumor,Dr. Duke,,,Collyrium|Tumor,,,,,,0
Corchorus olitorius,Jewes Mallow,,phytochemical,Tumor,Dr. Duke,,,Demulcent|Deobstruent|Diuretic|Dysentery|Fever|Intestine|Medicine|Purgative|Tonic|Tumor,,,,,,0
Cordia collococca,Ateje,,phytochemical,Tumor,Dr. Duke,,,Dysentery|Tumor,,,,,,0
Cordia guianensis,,,phytochemical,Tumor,Dr. Duke,,,Tumor,,,,,,0
Cordia latifolia,Sebesten,,phytochemical,Tumor,Dr. Duke,,,Tumor,,,,,,0
Cornus rugosa,Dogwood,,phytochemical,Tumor,Dr. Duke,,,Tumor,,,,,,0
Cornus urbiniana,Chichicquahuitl,,phytochemical,Tumor,Dr. Duke,,,Tumor,,,,,,0
Corydalis intermedia,,,phytochemical,Tumor,Dr. Duke,,,Tumor,,,,,,0
Corylus americana,Hazelnut,,phytochemical,Tumor,Dr. Duke,,,Panacea|Stomatitis|Tumor,,,,,,0
Cotyledon malacophyllus,,,phytochemical,Tumor,Dr. Duke,,,Tumor,,,,,,0
Coutoubea spicata,,,phytochemical,Tumor,Dr. Duke,,,Tumor,,,,,,0
Crateva tapia,,,phytochemical,Tumor,Dr. Duke,,,Caustic|Diuretic|Dysentery|Fever|Rheumatism|Stomachic|Tonic|Tumor|Vesicant,,,,,,0
Crescentia cujete,Camasa,,phytochemical,Tumor,Dr. Duke,,,Abortifacient|Abortifacient(Veterinary)|Ache(Ear)|Ache(Head)|Anodyne|Antidote(Hippomane)|Aperient|Apertif|Aphrodisiac|Asthma|Astringent|Bite(Snake)|Bruise|Catarrh|Chest|Chest-Cold|Cold|Cough|Cut(Coral)|Cyanogenetic|Depurative|Diarrhea|Diuretic|Douche|Dysentery|Dysmenorrhea|Ecbolic|Emetic|Emmenagogue|Emollient|Erysipelas|Expectorant|Fever|Flu|Hair-Tonic|Hydragogue|Hypertension|Inflammation|Internulcer|Intestine|Laxative|Lice|Lung|Mange|Mange(Veterinary)|Neuralgia|Palpitation|Parturition|Pectoral|Pneumonia|Poison|Poultice|Preventitive(Hippomane)|Puerperium|Purgative|Refrigerant|Respiratory|Skin|Sore|Styptic|Testicle|Tranquilizer|Tumor|Vermifuge|Vulnerary|Wound|Wound(Veterinary),,general_toxicity;pregnancy_caution,,,,0
Crithmum maritimum,"Fennel,Sea",,phytochemical,Tumor,Dr. Duke,,,Apertif|Depurative|Digestive|Diuretic|Scurvy|Stimulant|Tumor,,,,,,0
Crocus vernus,Saffron,,phytochemical,Tumor,Dr. Duke,,,Tumor,,,,,,0
Croton campestris,,,phytochemical,Tumor,Dr. Duke,,,Tumor,,,,,,0
Croton cortesianus,Chilpatli,,phytochemical,Tumor,Dr. Duke,,,Caustic|Dermatosis|Skin|Tumor,,,,,,0
Croton tighlium,"Croton,Purging",,phytochemical,Tumor,Dr. Duke,,,Tumor,,,,,,0
Cucumis zeyheri,,,phytochemical,Tumor,Dr. Duke,,,Chest|Diarrhea|Enema|Poison|Tumor,,general_toxicity,,,,0
Cucurbita moschata,Giraumont,,phytochemical,Tumor,Dr. Duke,,,Abdomen|Fever|Laxative|Spasm|Taenifuge|Tumor|Vermifuge,,,,,,0
Cucurbita pepo,Kurbis,,phytochemical,Tumor,Dr. Duke,,,Anthelminthic|Boil|Carbuncle|Demulcent|Diuretic|Fever|Fruit|Funeral|Measles|Medicine|Nervine|Potherb|Pregnancy|Refrigerant|Smallpox|Sprain|Taenicide|Taenifuge|Tonic|Tumor|Vermifuge|Wart,,,,,,0
Cuminum cyminum,Cumin,,phytochemical,Tumor,Dr. Duke,,,Ache(Stomach)|Antispasmodic|Astringent|Carminative|Dermatosis|Diarrhea|Digestive|Dyspepsia|Emmenagogue|Enterosis|Hysteria|Lactogogue|Liqueur|Puerperium|Spasm|Stimulant|Stomachic|Sudorific|Tonic|Tumor|Tumor(Abdomen)|Whitlow,,pregnancy_caution,,,,0
Cupania racemosa,Camboata,,phytochemical,Tumor,Dr. Duke,,,Tumor,,,,,,0
Cupressus arizonica,,,phytochemical,Tumor,Dr. Duke,,,Burn|Carminative|Diuretic|Inflammation|Parturition|Ringworm|Skin|Tumor,,,,,,0
Cuscuta corymbosa,Cabello De Angel,,phytochemical,Tumor,Dr. Duke,,,Resolvent|Tumor|Vulnerary,,,,,,0
Cuscuta epithymum,Epithymum,,phytochemical,Tumor,Dr. Duke,,,Apertif|Bilious|Cholagogue|Cyanogenetic|Hepatic|Laxative|Scurvy|Tumor,,,,,,0
Cyclamen coum,,,phytochemical,Tumor,Dr. Duke,,,Tumor,,,,,,0
Cyclamen europaeum,Pwin D'Pourcia,,phytochemical,Tumor,Dr. Duke,,,Ache(Tooth)|Aphrodisiac|Bladder|Cathartic|Colic|Emetic|Emmenagogue|Laxative|Pain|Poison|Purgative|Stimulant|Tonic|Tumor,,general_toxicity;pregnancy_caution,,,,0
Cyclamen graecum,Kyklaminos,,phytochemical,Tumor,Dr. Duke,,,Tumor,,,,,,0
Cyclamen vernum,,,phytochemical,Tumor,Dr. Duke,,,Tumor,,,,,,0
Cydonia oblonga,Membrillo,,phytochemical,Tumor,Dr. Duke,,,Ache(Head)|Antidiarrheic|Antivinous|Astringent|Breast|Cardiac|Carminative|Cyanogenetic|Demulcent|Diarrhea|Digestive|Diuretic|Dysentery|Emollient|Expectorant|Pectoral|Refrigerant|Restorative|Scald|Sclerosis(Stomach)|Skin lotion|Sore|Stimulant|Thirst|Tonic|Tumor|Tumor(Liver),,,,,,0
Cylista scariosa,,,phytochemical,Tumor,Dr. Duke,,,Astringent|Dysentery|Leucorrhea|Tumor,,,,,,0
Cymbidium tenuifolium,,,phytochemical,Tumor,Dr. Duke,,,Tumor,,,,,,0
Cynodon dactylon,Couchgrass,,phytochemical,Tumor,Dr. Duke,,,Ache(Head)|Alterative|Anasarca|Anecbolic|Antiseptic|Aperient|Astringent|Bite(Snake)|Calculus|Cancer|Carbuncle|Convulsion|Cough|Cramp|Cyanogenetic|Demulcent|Depurative|Diarrhea|Diuretic|Dropsy|Dysentery|Emollient|Epilepsy|Hemorrhage|Hypertension|Hysteria|Insanity|Kidney|Laxative|Sore|Stone|Sudorific|Tumor|Urogenital|Vulnerary|Wart|Wound,,,,,,0
Cyperus longus,Cyperus,,phytochemical,Tumor,Dr. Duke,,,Diuretic|Rheumatism|Tumor,,,,,,0
Cyperus papyrus,,,phytochemical,Tumor,Dr. Duke,,,Cancer|Eye|Fistula|Tumor|Wound,,,,,,0
Cyrtopodium glutiniferum,Sambares,,phytochemical,Tumor,Dr. Duke,,,Tumor,,,,,,0
Cytisus laburnum,Goldregen,,phytochemical,Tumor,Dr. Duke,,,Asthma|Cholagogue|Emetic|Pertussis|Poison|Purgative|Tumor,,general_toxicity,,,,0
Cytisus scoparius,Broome,,phytochemical,Tumor,Dr. Duke,,,Abortifacient|Arrhythmia|Bruise|Cardiotonic|Cold|Cough|Diuretic|Dropsy|Emetic|Palpitation|Poison|Purgative|Sedative|Smallpox|Tachycardia|Tea|Tumor|Vasoconstrictor,,general_toxicity;pregnancy_caution,,,,0
Dactylis glomerata,Cock'Sfootgrass,,phytochemical,Tumor,Dr. Duke,,,Tumor,,,,,,0
Dahlia variabilis,Chichicpatli,,phytochemical,Tumor,Dr. Duke,,,Tumor,,,,,,0
Dalea lagopus,Coltotl,,phytochemical,Tumor,Dr. Duke,,,Tumor,,,,,,0
Dalea plumosa,Axixpatli,,phytochemical,Tumor,Dr. Duke,,,Tumor,,,,,,0
Dalea sp,Zahoyacpatli,,phytochemical,Tumor,Dr. Duke,,,Dyspepsia|Tumor,,,,,,0
Datura arborea,Floripondio,,phytochemical,Tumor,Dr. Duke,,,Asthma|Fatal|Fumitory|Intoxicant|Narcotic|Pain|Poison|Psychedelic|Suppurative|Tumor,,general_toxicity,,,,0
Datura candida,,,phytochemical,Tumor,Dr. Duke,,,Asthma|Chest|Fracture|Intoxicant|Narcotic|Piles|Poison|Tumor|Vermifuge,,general_toxicity,,,,0
Datura innoxia,Dhatoora,,phytochemical,Tumor,Dr. Duke,,,Ache(Ear)|Anesthetic|Asthma|Demulcent|Expectorant|Motion-Sickness|Ophthalmia|Parkinsonianism|Phthisis|Piles|Seasickness|Sedative|Sore|Spasm|Tumor,,,,,,0
Datura metel,Dhatoora,,phytochemical,Tumor,Dr. Duke,,,Ache(Ear)|Ache(Head)|Ache(Tooth)|Analgesic|Anasarca|Anesthetic|Anodyne|Arthritis|Asthma|Bite(Snake)|Boil|Bronchodilator|Cholera|Congestion|Convulsion|Cough|Cramp|Dandruff|Delirium|Demulcent|Dermatophytosis|Dermatosis|Dropsy|Earache|Epididymitis|Epilepsy|Erysipelas|Expectorant|Fumitory|Hemiplegia|Homicide|Hydrocoele|Hypnotic|Intoxicant|Intoxication|Madness|Myalgia|Myopathy|Narcotic|Numbness|Orchitis|Otitis|Parkinsonianism|Parotitis|Phthisis|Piles|Pimple|Poison|Prolapse|Rabies|Rectum|Rheumatism|Ringworm|Sedative|Smallpox|Sore|Sore(Throat)|Spasm|Splenomegaly|Swelling|Syphilis|Tumor|Venereal|Vermifuge|Wheeze,,general_toxicity,,,,0
Datura meteloides,Nongue,,phytochemical,Tumor,Dr. Duke,,,Anodyne|Antispasmodic|Asthma|Bruise|Burn|Fumitory|Intoxicant|Narcotic|Pimple|Poison|Shortwindedness|Sore|Stupor|Swelling|Tumor|Witchcraft|Wound,,general_toxicity,,,,0
Datura suaveolens,Floripon,,phytochemical,Tumor,Dr. Duke,,,Asthma|Chest|Narcotic|Piles|Poison|Tumor|Vermifuge,,general_toxicity,,,,0
Dendropanax arboreum,,,phytochemical,Tumor,Dr. Duke,,,Tumor,,,,,,0
Desmodium parviflorum,Cimatl Totopecense,,phytochemical,Tumor,Dr. Duke,,,Tumor,,,,,,0
Dialium guineense,,,phytochemical,Tumor,Dr. Duke,,,Abdomen|Ache(Tooth)|Astringent|Chest|Collyrium|Dentifrice|Diarrhea|Dysmenorrhea|Edema|Female|Fever|Labor|Mouthwash|Ophthalmia|Palpitation|Shortwindedness|Spasm|Stomatitis|Thirst|Throat|Tumor,,,,,,0
Dialium guineensis,"Tamarind,Velveterinary",,phytochemical,Tumor,Dr. Duke,,,Tumor,,,,,,0
Dicentra cucullaria,Dutchman'S Breeches,,phytochemical,Tumor,Dr. Duke,,,Alterative|Preanesthetic(Veterinary)|Tonic|Tumor,,,,,,0
Didymaea mexicana,Aocoxochitl,,phytochemical,Tumor,Dr. Duke,,,Tea|Tumor,,,,,,0
Dioscorea alata,Name,,phytochemical,Tumor,Dr. Duke,,,Fever|Gonorrhea|Laxative|Leprosy|Piles|Tumor|Vermifuge,,,,,,0
Dioscorea esculenta,Gembili,,phytochemical,Tumor,Dr. Duke,,,Swelling|Tumor,,,,,,0
Dioscorea quinqueloba,Kuo Shan Lung,,phytochemical,Tumor,Dr. Duke,,,Diarrhea|Spleen|Stomach|Tonic|Tumor|Virility,,,,,,0
Dioscorea sp,Huang Yao Tzu,,phytochemical,Tumor,Dr. Duke,,,Arthritis|Burn|Carbuncle|Cardiotonic|Poison|Rheumatism|Sore|Tumor,,general_toxicity,,,,0
Diospyros montana,"Mangosteen,Wild",,phytochemical,Tumor,Dr. Duke,,,Antidote(Spider)|Diarrhea|Dysuria|Fever|Gravel|Menorrhagia|Neuralgia|Pleurisy|Pneumonia|Puerperium|Tumor,,,,,,0
Diospyros tomentosa,,,phytochemical,Tumor,Dr. Duke,,,Anus|Atrophy|Bronchitis|Cachexia|Carbuncle|Cholera|Colic|Cough|Diarrhea|Dysentery|Dysuria|Fever|Fistula|Gravel|Gum|Hematochezia|Hemorrhage|Neuralgia|Pleurisy|Pneumonia|Prolapse|Rinderpest|Sore|Spasm|Stomach|Syphilis|Tubercle|Tuberculosis|Tumor,,,,,,0
Dirca palustris,"Mezerion,American",,phytochemical,Tumor,Dr. Duke,,,Cancer|Tumor,,,,,,0
Dorstenia contrayerba,,,phytochemical,Tumor,Dr. Duke,,,Ache(Tooth)|Analgesic|Aposteme|Bite(Snake)|Cold|Diaphoretic|Fever|Fracture|Fumitory|Skin|Stimulant|Tonic|Tumor,,,,,,0
Dregea volubilis,,,phytochemical,Tumor,Dr. Duke,,,Abscess|Bite(Dog)|Bite(Snake)|Boil|Cancer|Emetic|Expectorant|Lactogogue|Rabies|Sore(Veterinary)|Tumor,,,,,,0
Drimia neriniformis,,,phytochemical,Tumor,Dr. Duke,,,Tumor,,,,,,0
Drymaria cordata,Ahuachpatli,,phytochemical,Tumor,Dr. Duke,,,Apertif|Boil|Depurative|Emollient|Fever|Laxative|Medicine|Poultice|Stimulant|Tumor,,,,,,0
Dysophylla auricularia,,,phytochemical,Tumor,Dr. Duke,,,Rheumatism|Stomach|Tumor|Wound,,,,,,0
Dysoxylum loureiri,,,phytochemical,Tumor,Dr. Duke,,,Tumor,,,,,,0
Echinops dahuricus,Lou Lu,,phytochemical,Tumor,Dr. Duke,,,Abscess|Boil|Contusion|Hemostat|Mastitis|Medicine|Tumor,,,,,,0
Echium diffusum,Chindjar,,phytochemical,Tumor,Dr. Duke,,,Tumor,,,,,,0
Elaeis guineensis,Oilpalm,,phytochemical,Tumor,Dr. Duke,,,Ache(Head)|Anodyne|Antidote|Aphrodisiac|Hair-Oil|Poison|Soap|Spice|Tumor|Witchcraft,,general_toxicity,,,,0
Elaeodendron glaucum,,,phytochemical,Tumor,Dr. Duke,,,Ache(Head)|Bite(Snake)|Emetic|Fatality|Fumigant|Fumitory|Hysteria|Poison|Sternutatory|Swelling|Syncope|Tumor,,general_toxicity,,,,0
Emilia sonchifolia,,,phytochemical,Tumor,Dr. Duke,,,Abscess|Alexiteric|Bite(Snake)|Boil|Cold|Cough|Diarrhea|Diuretic|Dysentery|Ear|Earache|Enteritis|Eye|Fever|Flu|Laryngitis|Leukemia|Lymphoma|Night-Blindness|Ophthalmia|Otitis|Pharyngitis|Phthisis|Refrigerant|Sore|Sore(Throat)|Sudorific|Swelling|Trauma|Tumor|Tympanitis|Wound,,,,,,0
Epilobium angustifolium,,,phytochemical,Tumor,Dr. Duke,,,Antiphlogistic|Astringent|Tea|Tonic|Tumor|Wound,,,,,,0
Erigeron acris,,,phytochemical,Tumor,Dr. Duke,,,Tumor,,,,,,0
Erigeron annuus,Jagged Fleabane,,phytochemical,Tumor,Dr. Duke,,,Tumor,,,,,,0
Erigeron canadensis,Canada Fleabane,,phytochemical,Tumor,Dr. Duke,,,Astringent|Bronchitis|Catarrh|Cystitis|Diarrhea|Diuretic|Dropsy|Dysentery|Eczema|Gonorrhea|Hemorrhage|Hemostat|Kidney|Lung|Metrorrhagia|Parturition|Piles|Ringworm|Sauna|Sedative|Sore(Throat)|Tonic|Tumor|Urogenital|Uterus,,,,,,0
Erigeron pulchellus,Robert'S Plantain,,phytochemical,Tumor,Dr. Duke,,,Tumor,,,,,,0
Erisma calcaratum,Cachimbo De Jaboty,,phytochemical,Tumor,Dr. Duke,,,Soap|Tumor,,,,,,0
Eryngium carlinae,Chichicahoazton,,phytochemical,Tumor,Dr. Duke,,,Gastrointestinal|Tumor,,,,,,0
Eryngium creticum,Kirsannah,,phytochemical,Tumor,Dr. Duke,,,Anemia|Colic|Dropsy|Tumor,,,,,,0
Eryngium sp,Quars'Ana,,phytochemical,Tumor,Dr. Duke,,,Aphrodisiac|Bite(Snake)|Diuretic|Fever|Gout|Sore|Tumor,,,,,,0
Erythrina suberosa,Dholdak,,phytochemical,Tumor,Dr. Duke,,,Tumor,,,,,,0
Ethulia conyzoides,Kelihomandra,,phytochemical,Tumor,Dr. Duke,,,Abdomen|Antiecbolic|Colic|Fracture|Parasite|Sprain|Tumor|Vermifuge|Wound,,,,,,0
Eulophia nuda,,,phytochemical,Tumor,Dr. Duke,,,Blood|Bronchitis|Neck|Scrofula|Tumor|Vermifuge,,,,,,0
Eupatorium ayapana,Ayapana,,phytochemical,Tumor,Dr. Duke,,,Digestive|Stimulant|Tumor,,,,,,0
Eupatorium pycnocephalum,Curia,,phytochemical,Tumor,Dr. Duke,,,Erysipelas|Eye|Medicine|Sudorific|Tumor,,,,,,0
Euphorbia antiquorum,Snuhi,,phytochemical,Tumor,Dr. Duke,,,Alterative|Anasarca|Anodyne|Asthma|Bactericide|Breast|Bronchitis|Deafness|Dropsy|Dysentery|Dyspepsia|Emetic|Gout|Larvicide|Laxative|Maggot|Nervine|Phthisis|Piscicide|Poison|Purgative|Rheumatism|Rubefacient|Skin|Sore|Stomachic|Syphilis|Tumor|Venereal|Vesicant|Wart|Whitlow,,general_toxicity,,,,0
Euphorbia chamaescyce,Chamaisyke,,phytochemical,Tumor,Dr. Duke,,,Tumor,,,,,,0
Euphorbia hirta,Asthma Herb,,phytochemical,Tumor,Dr. Duke,,,Ache(Head)|Ache(Stomach)|Alexiteric|Anodyne|Asthma|Athlete's-Foot|Breast|Bronchitis|Bruise|Carminative|Catarrh|Colic|Conjunctivitis|Cornea|Cough|Cyanogenetic|Depurative|Dermatosis|Diuretic|Dysentery|Enteritis|Eruption|Excrescence|Eyelid|Fever|Flu|Fracture(Veterinary)|Fungus|Gargle|Gonorrhea|Heart|Hypertension|Itch|Lactagogue|Lactogogue|Measles|Nausea|Ophthalmia|Oxyuris|Poison|Post-Natal|Poultice|Purgative|Ringworm|Skin|Sore|Splinter|Tumor|Urogenital|Vermifuge|Vesicant|Wart|Wound,,general_toxicity,,,,0
Euphorbia neriifolia,Patuk,,phytochemical,Tumor,Dr. Duke,,,Ache(Ear)|Asthma|Cathartic|Cough|Deobstruent|Diuretic|Dropsy|Earache|Expectorant|Gonorrhea|Jaundice|Laxative|Lip|Liver|Ophthalmia|Paroxysm|Piles|Piscicide|Poison|Purgative|Rubefacient|Skin|Sore|Sore(Throat)|Spasm|Tumor|Tumor(Abdomen)|Vermifuge|Wart,,general_toxicity,,,,0
Euphorbia pilulifera,Asthma Herb,,phytochemical,Tumor,Dr. Duke,,,Asthma|Bronchitis|Demulcent|Diarrhea|Diuretic|Dyspnea|Excrescence|Expectorant|Eye|Hemostatic|Pectoral|Poison|Sedative|Soporific|Spasm|Stomatitis|Tattoo|Tumor|Vermifuge|Wart,,general_toxicity,,,,0
Euphorbia resinifera,Euphorbium,,phytochemical,Tumor,Dr. Duke,,,Abortifacient|Emetic|Medicine(Veterinary)|Poison|Purgative|Rubefacient|Tumor|Vesicant,,general_toxicity;pregnancy_caution,,,,0
Euphorbia serpens,,,phytochemical,Tumor,Dr. Duke,,,Corn|Diarrhea|Diuretic|Emmenagogue|Female|Skin|Tumor,,pregnancy_caution,,,,0
Fagonia arabica,,,phytochemical,Tumor,Dr. Duke,,,Tumor,,,,,,0
Fagonia bruguieri,,,phytochemical,Tumor,Dr. Duke,,,Tumor,,,,,,0
Fagonia cretica,Damahan,,phytochemical,Tumor,Dr. Duke,,,Abscess|Alterative|Antiseptic|Astringent|Dentifrice|Fever|Laxative|Scabies|Scrofula|Smallpox|Sore|Stimulant|Tonic|Tumor|Wound,,,,,,0
Ferula laserpitium,"Fennel,Spignel Leaved",,phytochemical,Tumor,Dr. Duke,,,Tumor,,,,,,0
Ferula rubricaulis,Barzad,,phytochemical,Tumor,Dr. Duke,,,Polyp|Tumor,,,,,,0
Ficus obliqua,,,phytochemical,Tumor,Dr. Duke,,,Arthritis|Boil|Breast|Convulsion|Tumor,,,,,,0
Ficus religiosa,Pipola,,phytochemical,Tumor,Dr. Duke,,,Alterative|Astringent|Atrophy|Bactericide|Bowel|Cachexia|Carbuncle|Cholera|Dysentery|Dysuria|Fever|Gonorrhea|Gravel|Laxative|Otitis|Pimple|Purgative|Refrigerant|Rheumatism|Rinderpest|Skin|Smallpox|Sore|Spermatorrhea|Stomatitis|Tumor|Urogenital,,,,,,0
Ficus sativa,,,phytochemical,Tumor,Dr. Duke,,,Tumor,,,,,,0
Furcraea gigantea,Cocuiza,,phytochemical,Tumor,Dr. Duke,,,Piscicide|Tumor,,,,,,0
Furcraea humboldtiana,Cocuiza,,phytochemical,Tumor,Dr. Duke,,,Depurative|Tumor,,,,,,0
Galium palustre,Cuajaleche De Los Pentanos,,phytochemical,Tumor,Dr. Duke,,,Tumor,,,,,,0
Galium rigidum,Amor Del Hortelano,,phytochemical,Tumor,Dr. Duke,,,Tumor,,,,,,0
Garcinia kola,,,phytochemical,Tumor,Dr. Duke,,,Ache(Head)|Aphrodisiac|Chest-Cold|Chewstick|Cold|Cold(Head)|Cough|Dentifrice|Dysentery|Gonorrhea|Hoarseness|Malignancy|Parasiticide|Purgative|Respiratory|Throat|Tumor|Vermifuge|Wound,,,,,,0
Garrya racemosa,Cuauchichic,,phytochemical,Tumor,Dr. Duke,,,Tumor,,,,,,0
Genipa americana,Genipayer,,phytochemical,Tumor,Dr. Duke,,,Anemia|Antiseptic|Aphrodisiac|Bactericide|Bite(Bug)|Blennorrhagia|Cholagogue|Cosmetic|Depurative|Diuretic|Germicide|Gonorrhea|Intoxicant|Jaundice|Laxative|Liqueur|Liver|Purgative|Repellant(Insect)|Scurvy|Stomachic|Tonic|Tumor,,general_toxicity,,,,0
Gentiana purpurea,Skarsoeta,,phytochemical,Tumor,Dr. Duke,,,Tumor,,,,,,0
Geranium carolinianum,Tlaltlauhcapatli,,phytochemical,Tumor,Dr. Duke,,,Antidiarrheic|Stomachic|Tumor,,,,,,0
Geranium hernandezii,,,phytochemical,Tumor,Dr. Duke,,,Aposteme|Cholera|Cough|Diarrhea|Diuretic|Eye|Inflammation|Purgative|Rash|Sore|Sterility|Stomatitis|Tumor|Wound,,,,,,0
Gleditsia chinensis,Tsao Chia,,phytochemical,Tumor,Dr. Duke,,,Abscess|Antidote(Drowning)|Antidote(Hanging)|Antidote(Metal)|Aphrodisiac|Carminative|Cough|Diuretic|Dysentery|Emetic|Expectorant|Fever|Gonorrhea|Heart|Labor|Lenitive|Pectoral|Prolapse|Purgative|Rectum|Salivation|Tonic|Tumor,,,,,,0
Gleditsia koraiensis,Tsao La,,phytochemical,Tumor,Dr. Duke,,,Tumor,,,,,,0
Gliricidia sepium,,,phytochemical,Tumor,Dr. Duke,,,Ache(Head)|Alopecia|Boil|Bruise|Burn|Cold|Cough|Debility|Eruption|Erysipelas|Expectorant|Fatigue|Fever|Gangrene|Insecticide|Itch|Poison|Poison(Veterinary)|Prickly-Heat|Raticide|Repellant(Insect)|Rodenticide|Sedative|Skin|Sore|Suppurative|Tumor|Ulcer|Urticaria,,general_toxicity,,,,0
Gnaphalium obtusifolium,Life Everlasting,,phytochemical,Tumor,Dr. Duke,,,Cold|Masticatory|Tea|Tumor,,,,,,0
Gossypium arboreum,Cotonnier,,phytochemical,Tumor,Dr. Duke,,,Abortifacient|Ache(Ear)|Ache(Head)|Bite(Snake)|Brain|Bruise|Convulsion|Demulcent|Dysentery|Emmenagogue|Emollient|Expectorant|Fibroma(Uterus)|Hemostat|Labor|Lactagogue|Laxative|Madness|Malaria|Nervine|Pharyngitis|Scorpion|Sore|Swelling|Tumor|Vasoconstrictor,,pregnancy_caution,,,,0
Gossypium herbaceum,Cotton Herbace,,phytochemical,Tumor,Dr. Duke,,,Abortifacient|Absorbent|Ache(Head)|Antiseptic|Aphrodisiac|Bite(Snake)|Brain|Demulcent|Dysentery|Emmenagogue|Emollient|Expectorant|Fever|Fibroma(Uterus)|Hemorrhage|Hemostat|Lactagogue|Lactogogue|Laxative|Leprosy|Liniment|Malaria|Nervine|Neuralgia|Oxytoxic|Parturition|Pharyngitis|Scabies|Scorpion|Skin|Soap|Sore|Surgical-Dressing|Tumor|Vasoconstrictor|Vulnerary,,general_toxicity;pregnancy_caution,,,,0
Grammatophyllum scriptum,,,phytochemical,Tumor,Dr. Duke,,,Aphrodisiac|Aphthae|Cancer?|Dysentery|Intestine|Philtre|Sore|Tumor|Vermifuge|Worms,,,,,,0
Gratiola officinalis,"Hyssop,Hedge",,phytochemical,Tumor,Dr. Duke,,,Diuretic|Emetic|Poison|Purgative|Splenomegaly|Tumor,,general_toxicity,,,,0
Guarea trichilioides,Trompillo,,phytochemical,Tumor,Dr. Duke,,,Emetic|Poison|Purgative|Tumor,,general_toxicity,,,,0
Guiera senegalensis,N'Guier,,phytochemical,Tumor,Dr. Duke,,,Tumor,,,,,,0
Gynura pseudo-china,,,phytochemical,Tumor,Dr. Duke,,,Breast|Emollient|Erysipelas|Gargle|Inflammation|Leprosy|Parturition|Pimple|Refrigerant|Resolvent|Sore(Throat)|Tumor|Tumor(Breast),,,,,,0
Gypsophila struthium,Soapweed,,phytochemical,Tumor,Dr. Duke,,,Depurative|Diuretic|Expectorant|Soap|Sternutatory|Sudorific|Tumor,,,,,,0
Helichrysum plantago,Tsatsambaitra,,phytochemical,Tumor,Dr. Duke,,,Tumor,,,,,,0
Helicteres isora,,,phytochemical,Tumor,Dr. Duke,,,Ache(Stomach)|Amebiasis|Antigalactogogue|Aphrodisiac|Appetizer|Astringent|Bilious|Carbuncle|Cholera|Colic|Colic Diarrhea|Demulcent|Diarrhea|Dysentery|Empyema|Expectorant|Intestine|Parturition|Sore|Stomach|Tonic|Tumor|Wound,,,,,,0
Heliotropium parviflorum,Tlachichino Apatlahoac,,phytochemical,Tumor,Dr. Duke,,,Astringent|Depurative|Scurvy|Tumor,,,,,,0
Hemerocallis flava,,,phytochemical,Tumor,Dr. Duke,,,Tumor|Tumor(Breast)|Ulcer,,,,,,0
Heracleum sp,Bastardilla,,phytochemical,Tumor,Dr. Duke,,,Tumor,,,,,,0
Hesperis matrionalis,Maternalise,,phytochemical,Tumor,Dr. Duke,,,Sclerosis|Tumor,,,,,,0
Hibiscus sp,Achilton,,phytochemical,Tumor,Dr. Duke,,,Sore|Tumor,,,,,,0
Hibiscus surattensis,,,phytochemical,Tumor,Dr. Duke,,,Cough|Dermatosis|Emollient|Gonorrhea|Laxative|Pectoral|Skin|Sore|Tumor|Urethritis|Venereal,,,,,,0
Hibiscus trilobus,,,phytochemical,Tumor,Dr. Duke,,,Tumor,,,,,,0
Hippophae rhamnoides,Oblebicha,,phytochemical,Tumor,Dr. Duke,,,Ache(Stomach)|Astringent|Diarrhea|Eruption|Lung|Scurvy|Skin|Tumor,,,,,,0
Holigarna longifolia,,,phytochemical,Tumor,Dr. Duke,,,Medicine|Tumor|Vesicant,,,,,,0
Hugonia mystax,,,phytochemical,Tumor,Dr. Duke,,,Antidote|Bite(Snake)|Fever|Inflammation|Swelling|Tumor|Vermicide|Vermifuge,,,,,,0
Hygrophila angustifolia,,,phytochemical,Tumor,Dr. Duke,,,Swelling|Tumor,,,,,,0
Hymenocallis amancaes,,,phytochemical,Tumor,Dr. Duke,,,Tumor,,,,,,0
Hymenocallis caribaea,,,phytochemical,Tumor,Dr. Duke,,,Tumor,,,,,,0
Hymenocallis patens,,,phytochemical,Tumor,Dr. Duke,,,Tumor,,,,,,0
Hypericum sp,,,phytochemical,Tumor,Dr. Duke,,,Tumor,,,,,,0
Hyssopus officinalis,Hyssop,,phytochemical,Tumor,Dr. Duke,,,Ache(Tooth)|Asthma|Bronchitis|Carminative|Catarrh|Cold|Cough|Diuretic|Dyspepsia|Emmenagogue|Expectorant|Gall|Hoarseness|Kidney|Lung|Nerves|Night-Sweat|Ophthalmia|Pectoral|Resolvent|Sclerosis(Liver)|Stimulant|Stomachic|Sudorific|Tonic|Tonsillitis|Tumor|Tumor(Abdomen)|Urogenital|Vermifuge,,pregnancy_caution,,,,0
Ilex opaca,Holly,,phytochemical,Tumor,Dr. Duke,,,Cold|Cough|Fever|Gout|Laxative|Pleurisy|Poison|Rheumatism|Tuberculosis|Tumor|Vermifuge,,general_toxicity,,,,0
Indigofera sp,Niled,,phytochemical,Tumor,Dr. Duke,,,Tumor,,,,,,0
Inula viscosa,,,phytochemical,Tumor,Dr. Duke,,,Malaria|Tumor,,,,,,0
Ipomoea batatas,Camote,,phytochemical,Tumor,Dr. Duke,,,Alterative|Aphrodisiac|Asthma|Astringent|Bite(Bug)|Burn|Catarrh|Ciguatera|Convalescence|Demulcent|Diarrhea|Dyslactation|Evil eye|Excipient|Fungicide|Kidney|Poultice|Spleen|Stomach|Tonic|Tumor|Tumor(Throat),,,,,,0
Ipomoea biloba,,,phytochemical,Tumor,Dr. Duke,,,Tumor,,,,,,0
Ipomoea macrorrhiza,,,phytochemical,Tumor,Dr. Duke,,,Tumor,,,,,,0
Ipomoea pandurata,"Potato,Wild",,phytochemical,Tumor,Dr. Duke,,,Tumor,,,,,,0
Ipomoea pes-tigridis,Arti,,phytochemical,Tumor,Dr. Duke,,,Antidote|Bite(Dog)|Boil|Carbuncle|Pimple|Purgative|Sore|Tumor,,,,,,0
Ipomoea quinquefolia,,,phytochemical,Tumor,Dr. Duke,,,Tumor,,,,,,0
Ipomoea rumphii,,,phytochemical,Tumor,Dr. Duke,,,Tumor,,,,,,0
Iris kaempferi,,,phytochemical,Tumor,Dr. Duke,,,Tumor,,,,,,0
Iris sibirica,Ma Lan Hua,,phytochemical,Tumor,Dr. Duke,,,Expectorant|Tumor,,,,,,0
Iris versicolor,Flag,,phytochemical,Tumor,Dr. Duke,,,Alterative|Bruise|Cathartic|Depurative|Diuretic|Emetic|Gastritis|Laxative|Poison|Poultice|Sore|Stimulant|Syphilis|Tumor,,general_toxicity,,,,0
Jacaranda brasiliana,Caroba,,phytochemical,Tumor,Dr. Duke,,,Tumor,,,,,,0
Jacaranda procera,Caraiba,,phytochemical,Tumor,Dr. Duke,,,Alterative|Diaphoretic|Diuretic|Sedative|Tumor,,,,,,0
Jasione montana?,Scaboius,,phytochemical,Tumor,Dr. Duke,,,Tumor,,,,,,0
Jasminum lanceolarium,,,phytochemical,Tumor,Dr. Duke,,,Abdomen|Ache(Head)|Anodyne|Arthritis|Conjunctivitis|Dysentery|Fracture|Insomnia|Rheumatism|Sore|Tumor,,,,,,0
Jasminum officinale,Jessamine,,phytochemical,Tumor,Dr. Duke,,,Abdomen|Ache(Head)|Anesthetic|Anodyne|Astringent|CNS depressant|Cirrhosis|Corn|Dysentery|Emmenagogue|Eye|Hepatitis|Lactogogue|Mouth|Narcotic|Otorrhea|Pectoral|Perfume|Puerperium|Ringworm|Sedative|Septicemia|Skin|Sore|Tonic|Tumor|Vermifuge|Vulnerary|Whitlow,,pregnancy_caution,,,,0
Jasminum sambac,,,phytochemical,Tumor,Dr. Duke,,,Abdomen|Ache(Head)|Anesthetic|Anodyne|Antiemmenagogue|Collyrium|Congestion|Conjunctivitis|Cosmetic|Decongestant|Dermatosis|Dysentery|Fever|Fracture|Insomnia|Lactifuge|Lotion|Perfume|Poison|Sapraemia|Sedative|Skin|Sore|Tea|Tumor|Tumor(Breast)|Venereal,,general_toxicity;pregnancy_caution,,,,0
Jatropha curcas,Physic Nut,,phytochemical,Tumor,Dr. Duke,,,Abortifacient|Ache(Stomach)|Ache(Tooth)|Alopecia|Anasarca|Anodyne|Antidote|Antidote(Comocladia)|Antiseptic|Ascites|Bedbug|Burn|Carbuncle|Caries|Cataplasm|Cicatrizant|Circumscission|Collapse|Convulsion|Cough|Dentifrice|Dentition|Depurative|Dermatitis|Diarrhea|Diuretic|Dropsy|Dysentery|Dyspepsia|Eczema|Emetic|Emollient|Empacho|Enema|Erysipelas|Fever|Fumigant|Gonorrhea|Guineaworms|Gum|Heart|Hemostat|Hernia|Homicide|Incontinence|Inflammation|Insecticide|Itch|Jaundice|Lactagogue|Lactogogue|Laxative|Lip|Medicine|Mouthwash|Narcotic|Neuralgia|Paralysis|Parturition|Piles|Piscicide|Pleurisy|Pneumonia|Poison|Purgative|Rash|Raticide|Resolvent|Rheumatism|Roundworms|Rubefacient|Salt|Scabies|Sciatica|Skin|Soap|Sore|Spasm|Sprain|Styptic|Syphilis|Tetanus|Thrush|Tongue|Toothstick|Tumor|Ulcer|Uteritis|Vermifuge|Vulnerary|Whitlow|Witchcraft|Wound|Yaws|Yellow Fever,,general_toxicity;pregnancy_caution,,,,0
Jatropha glandsulosa,,,phytochemical,Tumor,Dr. Duke,,,Tumor,,,,,,0
Jatropha villosa,Mor,,phytochemical,Tumor,Dr. Duke,,,Tumor,,,,,,0
Juniperus communis,Juniper,,phytochemical,Tumor,Dr. Duke,,,Arteriosclerosis|Bite(Snake)|Bronchitis|Carminative|Cephalic|Colic|Deobstruent|Depurative|Diaphoretic|Digestive|Diuretic|Dropsy|Dysentery|Emmenagogue|Empyreumatic|Fumigant|Gleet|Gonorrhea|Gout|Hysteria|Incense|Kidney|Leucorrhea|Liniment|Liqueur|Lung|Medicine|Medicine (Veterinary)|Rheumatism|Shortwindedness|Skin|Stimulant|Stomachic|Sudorific|Tenesmus|Tumor|Urogenital|Venereal|Vermifuge|Wart|Wound,,pregnancy_caution,,,,0
Justicia tunicata,,,phytochemical,Tumor,Dr. Duke,,,Tumor,,,,,,0
Kaempferia rotunda,,,phytochemical,Tumor,Dr. Duke,,,Ache(Stomach)|Cosmetic|Stomachic|Tumor,,,,,,0
Kageneckia oblonga,Bollen,,phytochemical,Tumor,Dr. Duke,,,Tumor,,,,,,0
Kallstroemia maxima,Hierba De Pollo,,phytochemical,Tumor,Dr. Duke,,,Dermatosis|Tumor|Urticaria,,,,,,0
Kigelia pinnata,Sausage Tree,,phytochemical,Tumor,Dr. Duke,,,Diarrhea|Dysentery|Purgative|Rheumatism|Sore|Syphilis|Tumor|Venereal,,,,,,0
Krameria triandra,Rhatany,,phytochemical,Tumor,Dr. Duke,,,Astringent|Cough|Dentifrice|Diarrhea|Dysentery|Expectorant|Hemorrhage|Hemostat|Incontinence|Leucorrhea|Ophthalmia|Piles|Prolapse|Sore(Throat)|Stomatitis|Styptic|Tonic|Tooth Preservative|Tumor,,,,,,0
Lablab purpureus,,,phytochemical,Tumor,Dr. Duke,,,Ache(Ear)|Antidote(Fish poison)|Antidote(Plant poisons)|Antivinous|Blindness|Carminative|Cholera|Diarrhea|Epilepsy|Fever|Leucorrhea|Megalospleny|Menorrhagia|Poison|Poultice|Preventitive(Gray-Hair)|Sunstroke|Swelling|Thirst|Throat|Tonic|Tumor,,general_toxicity,,,,0
Laetia guazumaefolia,Trompillo,,phytochemical,Tumor,Dr. Duke,,,Tumor,,,,,,0
Lagerstroemia flos-reginae,,,phytochemical,Tumor,Dr. Duke,,,Tumor,,,,,,0
Lamium purpureum,Pwin D'Polet,,phytochemical,Tumor,Dr. Duke,,,Diuretic|Purgative|Stimulant|Styptic|Tumor|Wen,,,,,,0
Lantana camara,,,phytochemical,Tumor,Dr. Duke,,,Abdomen|Ache(Tooth)|Alexiteric|Anemia|Antibiotic|Antiseptic|Antispasmodic|Bilious|Carminative|Catarrh|Chest-Cold|Chickenpox|Cold|Cough|Depurative|Diaphoretic|Digestive|Dysentery|Dysmenorrhea|Dyspepsia|Eczema|Emmenagogue|Expectorant|Fatality|Fever|Fistula|Flu|Hemostat|Inflammation|Itch|Jaundice|Leprosy|Malaria|Measles|Mumps|Nervine|Neurodermatitis|Parotiditis|Parturition|Pectoral|Piscicide|Poison|Rheumatism|Sedative|Skin|Sore|Spasm|Stimulant|Stomach|Stomachic|Stomatitis|Tetanus|Tonic|Trauma|Tuberculosis|Tumor|Vulnerary|Wound|Yellow Fever,,general_toxicity;pregnancy_caution,,,,0
Larrea nitida,Jarrilla,,phytochemical,Tumor,Dr. Duke,,,Digestion|Emmenagogue|Excitant|Tumor|Vulneric,,pregnancy_caution,,,,0
Lemna minor,A'Des El Ma,,phytochemical,Tumor,Dr. Duke,,,Alterative|Astringent|Blenorrhagia|Carbuncle|Collyrium|Diuretic|Heat rash|Herpes|Homeopathy|Malaria|Ophthalmia|Pilatory|Refrigerant|Repellant(Insect)|Scurvy|Skin|Sore|Styptic|Syphilis|Tumor,,,,,,0
Lippia micromera,Oregano,,phytochemical,Tumor,Dr. Duke,,,Antispasmodic|Asthma|Cold|Cough|Demulcent|Depurative|Expectorant|Flu|Oliguria|Stimulant|Stomachic|Tea|Tonic|Tumor,,,,,,0
Lippia origanoides,Oregano,,phytochemical,Tumor,Dr. Duke,,,Asthma|Stomachic|Tumor,,,,,,0
Liquidambar styraciflua,Xochiocotzoquahuitl,,phytochemical,Tumor,Dr. Duke,,,Ache(Head)|Ache(Tooth)|Antiseptic|Carminative|Catarrh|Dentifrice|Diarrhea|Digestive|Diuretic|Dysentery|Eruption|Expectorant|Fever|Fumigant|Gonorrhea|Gum|Halitosis|Herpes|Inflammation|Masticatory|Medicine|Parasiticide|Pectoral|Perfume|Scabies|Sedative|Skin|Soporific|Sore|Sore(Foot)|Stimulant|Stomachic|Sudorific|Tea|Tooth|Tumor|Uteritis|Vulnerary|Wound,,,,,,0
Lithospermum erythrorhizon,,,phytochemical,Tumor,Dr. Duke,,,Abscess|Alexiteric|Boil|Bulla|Burn|Chilblain|Depurative|Dermatitis|Dye|Eczema|Eruption|Fever|Hemostat|Laxative|Measles|Piles|Preventitive|Scald|Tumor|Variola|Wound,,,,,,0
Lithospermum fruticosum,Chindjar,,phytochemical,Tumor,Dr. Duke,,,Hypertension|Tumor,,,,,,0
Lonchocarpus peckoltii,Timbo Boticario,,phytochemical,Tumor,Dr. Duke,,,Tumor,,,,,,0
Lonicera xylosteum,Jin Tung,,phytochemical,Tumor,Dr. Duke,,,Tumor,,,,,,0
Luffa aegyptiaca,Liane Torchon,,phytochemical,Tumor,Dr. Duke,,,Ache(Tooth)|Analgesic|Antiseptic|Bladder|Boil|Cancer|Caries|Carminative|Cathartic|Circulation|Dropsy|Dysentery|Emetic|Emmenagogue|Enterorrhagia|Hematochezia|Hemorrhage|Hemostat|Hernia|Intestine|Jaundice|Lactogogue|Menorrhagia|Metrorrhagia|Orchitis|Ozoena|Parasiticide|Pectoral|Piles|Purgative|Refrigerant|Scarlet-Fever|Skin|Smallpox|Stomach|Swelling|Tonic|Tumor|Urogenital|Variola|Vermifuge,,pregnancy_caution,,,,0
Luisia tenuifolia,,,phytochemical,Tumor,Dr. Duke,,,Abscess|Boil|Emollient|Tumor,,,,,,0
Lupinus angustifolius,Thermos Hemeros,,phytochemical,Tumor,Dr. Duke,,,Coffee|Tumor,,,,,,0
Lupinus termis,Termus,,phytochemical,Tumor,Dr. Duke,,,Medicine|Tumor,,,,,,0
Lycopus lucidus,Tse Lan,,phytochemical,Tumor,Dr. Duke,,,Abdomen|Abscess|Amenorrhea|Circulation|Decoagulant|Diuretic|Dysmenorrhea|Edema|Extravasation|Liver|Metrorrhagia|Metroxenia|Polyuria|Swelling|Tumor,,,,,,0
Malachra alceifolia,Malva,,phytochemical,Tumor,Dr. Duke,,,Chest|Cough|Demulcent|Depurative|Emollient|Fever|Lash|Sore|Sore(Throat)|Tumor|Venereal,,,,,,0
Malva alcea,Sigmarswurz,,phytochemical,Tumor,Dr. Duke,,,Tumor,,,,,,0
Malva moschata,Malva Almizclada,,phytochemical,Tumor,Dr. Duke,,,Tumor,,,,,,0
Malva neglecta,Kass Pappeln,,phytochemical,Tumor,Dr. Duke,,,Catarrh|Enteritis|Expectorant|Gargle|Hoarseness|Intestine|Lung|Pectoral|Sedative|Sore(Throat)|Tumor,,,,,,0
Malva rotundifolia,"Mallow,Round",,phytochemical,Tumor,Dr. Duke,,,Abscess|Bladder|Bronchitis|Cough|Demulcent|Emmenagogue|Emollient|Glycosuria|Lubricative|Ophthalmia|Piles|Sore(Throat)|Stomach|Tumor,,pregnancy_caution,,,,0
Malvaviscus elegans,Malvavisco,,phytochemical,Tumor,Dr. Duke,,,Pectoral|Tumor,,,,,,0
Mandragora autumnalis,Mandrake,,phytochemical,Tumor,Dr. Duke,,,Sedative|Tumor,,,,,,0
Mandragora officinarum,Mandrake,,phytochemical,Tumor,Dr. Duke,,,Anesthetic|Asthma|Cough|Hayfever|Hypnotic|Mydriatic|Narcotic|Poison|Sedative|Tumor,,general_toxicity,,,,0
Manihot esculenta,Cassava,,phytochemical,Tumor,Dr. Duke,,,Abscess|Bite(Snake)|Boil|Cancer|Conjunctivitis|Cyanogenetic|Demulcent|Diarrhea|Diuretic|Dysentery|Excrescence|Fatality|Flu|Hernia|Inflammation|Intoxicant|Liqueur|Marasmus|Poison|Prostatitis|Repellant(Ant)|Sore|Spasm|Swelling|Testicle|Tumor,,general_toxicity,,,,0
Marrubium peregrinum,Horehound,,phytochemical,Tumor,Dr. Duke,,,Tumor,,,,,,0
Marrubium vulgare,,,phytochemical,Tumor,Dr. Duke,,,Alterative|Antiseptic|Asthma|Astringent|Bilious|Bronchitis|Carminative|Catarrh|Cholagogue|Cholera|Cold|Cough|Debility|Diarrhea|Diuretic|Dysmenorrhea|Emmenagogue|Expectorant|Extrasystole|Fever|Heart|Hepatitis|Hypertension|Kidney|Larvicide|Laxative|Liqueur|Lung|Medicine|Obesity|Palpitation|Pertussis|Sore(Throat)|Spasm|Stimulant|Stomachic|Sudorific|Tea|Tonic|Tumor|Vermifuge|Witchcraft,,pregnancy_caution,,,,0
Matricaria matricarioides,,,phytochemical,Tumor,Dr. Duke,,,Ache(Stomach)|Cold|Diarrhea|Dysmenorrhea|Dyspepsia|Fever|Parturition|Perfume|Repellant(Insect)|Spasm|Tumor,,,,,,0
Medicago arborea,,,phytochemical,Tumor,Dr. Duke,,,Tumor,,,,,,0
Melia azedarach,Chinaberry,,phytochemical,Tumor,Dr. Duke,,,Abdomen|Abortifacient|Ache(Head)|Anodyne|Antifertility|Antiseptic|Ascariasis|Ascaricide|Asthma|Astringent|Cold|Cough|Deobstruent|Detersive|Diuretic|Emetic|Emmenagogue|Eruption|Fever|Heat rash|Hernia|Hysteria|Infection|Insecticide|Intestinal tonic|Laxative|Leprosy|Marasmus|Narcotic|Nerves|Parasiticide|Pediculicide|Piscicide|Poison|Pulicide|Purgative|Rash|Repellant(Insect)|Resolvent|Rheumatism|Ringworm|Scrofula|Scurvy|Sedative|Skin|Splenitis|Stimulant|Stomachic|Stone|Swelling|Tonic|Tumor|Vermifuge|Vulnerary,,general_toxicity;pregnancy_caution,,,,0
Melilotus officinalis,Mirliro,,phytochemical,Tumor,Dr. Duke,,,Alterative|Anodyne|Asthma|Astringent|Carminative|Cordial|Diuretic|Embolism|Emollient|Fumitory|Laxative|Nervine|Poison|Spasm|Stimulant|Styptic|Thrombosis|Tonic|Tumor|Tumor(Lymphatic),,general_toxicity,,,,0
Melissa officinalis,,,phytochemical,Tumor,Dr. Duke,,,Ache(Head)|Ache(Tooth)|Anodyne|Antiseptic|Calmative|Carminative|Cordial|Cosmetic|Digestive|Emmenagogue|Fever|Lactogogue|Nervine|Perfume|Sclerosis(Liver)|Sedative|Spasm|Sternutatory|Stimulant|Stomachic|Sudorific|Tonic|Tumor|Viricide,,pregnancy_caution,,,,0
Mentha nemorosa,Yerba Buena,,phytochemical,Tumor,Dr. Duke,,,Tumor,,,,,,0
Mentha sp,Chichiantic,,phytochemical,Tumor,Dr. Duke,,,Catarrh|Conception|Fever|Sedative|Spasm|Tumor|Vermifuge,,,,,,0
Mentha viridis,,,phytochemical,Tumor,Dr. Duke,,,Abscess|Analgesic|Carminative|Colic|Excipient|Fever|Malaria|Refrigerant|Spasm|Stimulant|Stomachic|Suppurative|Tonic|Tumor|Vermifuge,,,,,,0
Mentzelia sp,Zazalic De Chietla,,phytochemical,Tumor,Dr. Duke,,,Tumor,,,,,,0
Mercurialis annua,H'Alaboub,,phytochemical,Tumor,Dr. Duke,,,Cholagogue|Cyanogenetic|Diuretic|Emetic|Emmenagogue|Hydragogue|Laxative|Poison|Purgative|Tumor|Vermifuge,,general_toxicity;pregnancy_caution,,,,0
Merremia umbellata,,,phytochemical,Tumor,Dr. Duke,,,Alterative|Aperient|Burn|Fistula|Hematuria|Pustule|Scald|Skin|Sore|Tumor,,,,,,0
Mespilus germanica,Mespilum,,phytochemical,Tumor,Dr. Duke,,,Alterative|Astringent|Blood|Diarrhea|Diuretic|Gravel|Splenomegaly|Tonic|Tumor,,,,,,0
Brugmansia amesianum,,,phytochemical,Tumor,Dr. Duke,,,Intoxicant|Narcotic|Swelling|Tumor,,general_toxicity,,,,0
Miconia minutiflora,Tompillo,,phytochemical,Tumor,Dr. Duke,,,Tumor,,,,,,0
Microdesmis puberula,Esunsun,,phytochemical,Tumor,Dr. Duke,,,Ache(Head)|Antivenom|Boil|Bruise|Dentifrice|Diarrhea|Enema|Fracture|Impotency|Pediculicide|Preventitive(Boil)|Pterygium|Pulicide|Tumor|Tumor(Breast),,,,,,0
Mikania guaco,Guaco,,phytochemical,Tumor,Dr. Duke,,,Asthma|Bite(Dog)|Bite(Snake)|Cancer|Cholera|Fever|Malaria|Menoxenia|Rheumatism|Scorpion|Sore|Spasm|Stomach|Tetanus|Tumor|Vermifuge,,,,,,0
Mikania micrantha,Uahkoxiu,,phytochemical,Tumor,Dr. Duke,,,Athlete's-Foot|Bite(Bug)|Bite(Snake)|Burn|Cough|Fever|Hemostat|Scorpion|Sore|Styptic|Tourniquet|Tumor|Wound,,,,,,0
Mikania orinocensis,Guaco Rebalsero,,phytochemical,Tumor,Dr. Duke,,,Tumor,,,,,,0
Mikania scandens,,,phytochemical,Tumor,Dr. Duke,,,Circumscission|Itch|Tumor|Wound,,,,,,0
Mimosa pudica,Adormidera,,phytochemical,Tumor,Dr. Duke,,,Ache(Head)|Adenopathy|Alopecia|Bactericide|Calmative|Diarrhea|Dysentery|Emetic|Glands|Gravel|Heat|Hoarseness|Insomnia|Oliguria|Piles|Poison|Sedative|Sinus|Sore|Swelling|Tonic|Tumor|Urogenital,,general_toxicity,,,,0
Mimusops dissecta,,,phytochemical,Tumor,Dr. Duke,,,Tumor,,,,,,0
Mimusops elengi,,,phytochemical,Tumor,Dr. Duke,,,Ache(Head)|Anasarca|Anodyne|Astringent|Bite(Tiger)|Bronchitis|Carbuncle|Cosmetic|Cough|Dentifrice|Dermatosis|Diarrhea|Dropsy|Dysentery|Fever|Gargle|Gingivitis|Glossitis|Laxative|Leukorrhea|Menorrhagia|Ophthalmia|Pimple|Poison|Purgative|Pyorrhea|Restorative|Rhinosis|Smallpox|Snuff|Sore|Sore(Throat)|Sprue|Stimulant|Stomatosis|Syphilis|Thrush|Tongue|Tonic|Tuberculosis|Tumor,,general_toxicity,,,,0
Mimusops kauki,,,phytochemical,Tumor,Dr. Duke,,,Tumor,,,,,,0
Mirabilis dichotoma,Maravilha,,phytochemical,Tumor,Dr. Duke,,,Tumor,,,,,,0
Mirabilis jalapa,Gulabbas,,phytochemical,Tumor,Dr. Duke,,,Abscess|Alterative|Boil|Bruise|Carbuncle|Carminative|Cathartic|Colic|Cosmetic|Diabetes|Diuretic|Dropsy|Gonorrhea|Hepatitis|Herpes|Hydragogue|Hypochondria|Itch|Liver|Pimple|Poison|Purgative|Rash|Repellant(Insect)|Sore|Splenitis|Stomachic|Strain|Tonic|Tumor|Urticaria|Uterosis|Vermifuge|Wound,,general_toxicity,,,,0
Mitraria coccinea,Pinchafoki,,phytochemical,Tumor,Dr. Duke,,,Tumor,,,,,,0
Modiola caroliniana,Pile Pila,,phytochemical,Tumor,Dr. Duke,,,Poison|Tumor,,general_toxicity,,,,0
Momordica cochinchinensis,Mu Pie Tzu,,phytochemical,Tumor,Dr. Duke,,,Abscess|Adenopathy|Alexiteric|Alterative|Anodyne|Aperient|Apertif|Bruise|Cancer(Stomach)|Deobstruent|Digestive|Dysentery|Enteritis|Expectorant|Flux|Fracture|Hepatitis|Hepatosis|Internal|Lumbago|Malaria|Mammary|Mastitis|Mesenteritis|Mole|Neck|Node|Piles|Poison|Resolvent|Sclerosis(Liver)|Sclerosis(Spleen)|Soap|Sore|Splenitis|Splenomegaly|Splenosis|Struma|Swelling|Tumor|Tumor(Nose)|Vegetable|Vermifuge|Wound,,general_toxicity,,,,0
Moringa oleifera,Ben Aile,,phytochemical,Tumor,Dr. Duke,,,Abortifacient|Abortive|Ache(Ear)|Ache(Head)|Ache(Tooth)|Adenopathy|Antidote(Centipede)|Antidote(Scorpion)|Antidote(Spider)|Ascites|Asthma|Bactericide|Baldness|Beriberi|Bite(Snake)|Boil|Burn|Cardiac|Catarrh|Cholagogue|Cholera|Cold|Convulsion|Depurative|Dermatosis|Diuretic|Dropsy|Drunkenness|Dysentery|Dyspepsia|Dysuria|Ecbolic|Emetic|Emmenagogue|Enterosis|Epilepsy|Erysipelas|Estrogenic|Expectorant|Fever|Gonorrhea|Gout|Gravel|Hair-Oil|Hematuria|Hysteria|Inflammation|Lactafuge|Lameness|Madness|Maggot|Neuralgia|Numbness|Palsy|Parturition|Pneumonia|Purgative|Rheumatism|Ringworm|Rubefacient|Scabies|Scrofula|Scurvy|Shampoo|Skin|Sore|Spasm|Spice|Splenitis|Sterility(Female)|Stimulant|Syphilis|Tonic|Tremors|Tumor|Tumor(Abdomen)|Ulcer|Vermifuge|Vertigo|Vesicant|Wound|Yellow Fever,,pregnancy_caution,,,,0
Morus rubra,Moral Colorado,,phytochemical,Tumor,Dr. Duke,,,Fever|Hallucinogen|Laxative|Ringworm|Tumor|Vermifuge,,,,,,0
Myrianthus arboreus,,,phytochemical,Tumor,Dr. Duke,,,Boil|Chest|Diabetes|Dysentery|Sore(Throat)|Swelling|Tumor,,,,,,0
Myrospermum peruiferum,Balsam Of Peru,,phytochemical,Tumor,Dr. Duke,,,Tumor,,,,,,0
Narcissus sp,Axochitl,,phytochemical,Tumor,Dr. Duke,,,Ache(Head)|Asthma|Cold|Diarrhea|Emetic|Epilepsy|Lung|Malaria|Poison|Spasm|Tumor|Ulcer|Wart|Whooping-Cough,,general_toxicity,,,,0
Neea wiesneri,Cazabito,,phytochemical,Tumor,Dr. Duke,,,Tumor,,,,,,0
Neptunia oleracea,,,phytochemical,Tumor,Dr. Duke,,,Ache(Ear)|Astringent|Refrigerant|Syphilis|Tumor,,,,,,0
Nesaea so,Chiantzotzolto,,phytochemical,Tumor,Dr. Duke,,,Tumor,,,,,,0
Neslia paniculata,,,phytochemical,Tumor,Dr. Duke,,,Tumor,,,,,,0
Nigella damascena,Git,,phytochemical,Tumor,Dr. Duke,,,Carminative|Catarrh|Digestive|Diuretic|Emmenagogue|Emollient|Excitant|Intestine|Liver|Narcotic|Perfume|Poison|Sternutatory|Stimulant|Sudorific|Tonic|Tumor|Vermifuge,,general_toxicity;pregnancy_caution,,,,0
Nopalea cochenillifera,Raquette Pangnol,,phytochemical,Tumor,Dr. Duke,,,Ache(Ear)|Ache(Head)|Ache(Tooth)|Arthritis|Bechic|Boil|Burn|Depurative|Diarrhea|Emollient|Erysipelas|Hepatitis|Inflammation|Ophthalmia|Poultice|Rheumatism|Scald|Skin|Sore|Tumor,,,,,,0
Nymphaea alba,"Pondlily,White",,phytochemical,Tumor,Dr. Duke,,,Anaphrodisiac|Astringent|Diarrhea|Hemostat|Narcotic|Sedative|Spasm|Tumor,,,,,,0
Nymphaea lotus,Lotier Odorant,,phytochemical,Tumor,Dr. Duke,,,Antidote(Chameleon)|Asthma|Bronchitis|Colic|Cough|Dysentery|Dyspepsia|Dysuria|Gravel|Leprosy|Menorrhagia|Phthisis|Piles|Skin|Tuberculosis|Tumor,,,,,,0
Nymphaea odorata,"Pondlily,White",,phytochemical,Tumor,Dr. Duke,,,Anodyne|Antiseptic|Astringent|Bruise|Demulcent|Sore|Tea|Tumor|Wound,,,,,,0
Ocimum americanum,,,phytochemical,Tumor,Dr. Duke,,,Ache(Tooth)|Antiseptic|Bactericide|Bronchitis|Carminative|Catarrh|Cold|Cough|Diaphoretic|Diarrhea|Diuretic|Dysentery|Dyspepsia|Inhalant|Parasiticide|Refrigerant|Repellant(Insect)|Respiratory|Stimulant|Stomach|Tonic|Tuberculosis|Tumor,,,,,,0
Ocotea guianensis,Cujumary Rana,,phytochemical,Tumor,Dr. Duke,,,Tumor,,,,,,0
Oenothera biennis,"Primrose,Evening",,phytochemical,Tumor,Dr. Duke,,,Astringent|Cyanogenetic|Depurative|Pectoral|Sedative|Spasm|Tumor,,,,,,0
Oenothera sp,Coscatlacualtzin,,phytochemical,Tumor,Dr. Duke,,,Ache(Tooth)|Tumor,,,,,,0
Onobrychis viciaefolia,Cockshead,,phytochemical,Tumor,Dr. Duke,,,Sudorific|Tumor,,,,,,0
Ophioglossum vulgatum,,,phytochemical,Tumor,Dr. Duke,,,Angina|Antiseptic|Boil|Detergent|Dropsy|Emetic|Hiccup|Inflammation|Poultice|Scrofula|Sore|Styptic|Tumor|Vulnerary|Wound,,,,,,0
Opuntia ficus-indica,Figuier D'Inde,,phytochemical,Tumor,Dr. Duke,,,Burn(Radiation)|Callus|Corn|Decongestant|Diabetes|Diarrhea|Diuretic|Emollient|Favus|Internulcer|Kidney|Leprosy|Measles|Piles|Scald|Sore|Sunburn|Tumor|Wound,,,,,,0
Opuntia moniliformis,,,phytochemical,Tumor,Dr. Duke,,,Tumor,,,,,,0
Opuntia pseudo-tuna,Raquette,,phytochemical,Tumor,Dr. Duke,,,Tumor,,,,,,0
Orchis latifolia,,,phytochemical,Tumor,Dr. Duke,,,Aphrodisiac|Catarrh|Demulcent|Hoarseness|Medicine|Tumor,,,,,,0
Orchis militaris,Orchis,,phytochemical,Tumor,Dr. Duke,,,Tumor,,,,,,0
Orchis morio,Foolstone,,phytochemical,Tumor,Dr. Duke,,,Aphrodisiac|Tumor,,,,,,0
Origanum creticum,Origanon,,phytochemical,Tumor,Dr. Duke,,,Medicine|Scrofula|Spasm|Tumor,,,,,,0
Osbeckia chinensis,,,phytochemical,Tumor,Dr. Duke,,,Cough|Diarrhea|Dysentery|Expectorant|Fever|Tumor|Wound(Veterinary),,,,,,0
Osmunda regalis,"Brake,Buckthorn",,phytochemical,Tumor,Dr. Duke,,,Debility|Rickets|Swelling|Tonic|Tumor|Wound,,,,,,0
Pachypodanthium staudtii,Pae Aduasa,,phytochemical,Tumor,Dr. Duke,,,Chest|Gastritis|Pediculicide|Tumor|Vermifuge,,,,,,0
Paederia foetida,,,phytochemical,Tumor,Dr. Duke,,,Ache(Stomach)|Ache(Tooth)|Ague|Alcoholism|Anodyne|Astringent|Calculus|Carminative|Chest|Death|Diuretic|Enteromegaly|Enterosis|Epidemic|Evil eye|Flatulence|Gastromegaly|Herpes|Intestine|Liver|Nicotinism|Piles|Rheumatism|Rhinosis|Sapraemia|Sore|Splenitis|Tonic|Toothblack|Tumor,,,,,,0
Pajanelia longifolia,,,phytochemical,Tumor,Dr. Duke,,,Ache(Head)|Ache(Stomach)|Antiseptic|Diaphoretic|Diarrhea|Dysentery|Otorrhea|Purgative|Rheumatism|Sore|Splenomegaly|Stomachic|Tumor,,,,,,0
Parthenium hysterophorus,Absynthe Batarde,,phytochemical,Tumor,Dr. Duke,,,Abscess|Ache(Back)|Ache(Head)|Analgesic|Antiseptic|Apertif|Arthritis|Cachexia|Carminative|Cataplasm|Cephalgia|Chest|Cold|Depurative|Dysentery|Emmenagogue|Fever|Gastralgia|Liver|Malaria|Neuralgia|Ophthalmia|Pian|Pimple|Rash|Rheumatism|Skin|Sore|Spleen|Tonic|Tumor,,pregnancy_caution,,,,0
Paspalum sp,Chepica,,phytochemical,Tumor,Dr. Duke,,,Tumor,,,,,,0
Paullinia maritima,Timbo De Cipo,,phytochemical,Tumor,Dr. Duke,,,Tumor,,,,,,0
Pausinystalia sankeyi,Idagba,,phytochemical,Tumor,Dr. Duke,,,Tumor,,,,,,0
Pedicularis canadensis,Lousewort,,phytochemical,Tumor,Dr. Duke,,,Tumor,,,,,,0
Pedilanthus pavonis,Chapolxochitl,,phytochemical,Tumor,Dr. Duke,,,Emetic|Emmenagogue|Purgative|Syphilis|Tumor,,pregnancy_caution,,,,0
Croton sp,Rose Madeira,,phytochemical,Tumor,Dr. Duke,,,Cancer|Fatality|Respiratory|Ringworm|Stomach|Tumor,,,,,,0
Peperomia glutinosa,Ix Mahan Chun,,phytochemical,Tumor,Dr. Duke,,,Tumor,,,,,,0
Periploca aphylla,Leafless Periploca,,phytochemical,Tumor,Dr. Duke,,,Purgative|Swelling|Tumor,,,,,,0
Periploca nigrescens,Bwidum,,phytochemical,Tumor,Dr. Duke,,,Tumor,,,,,,0
Persea americana,Aguacate,,phytochemical,Tumor,Dr. Duke,,,Abortifacient|Ache(Head)|Ache(Tooth)|Antibiotic|Antifertility|Aperient|Apertif|Aphrodisiac|Astringent|Calmative|Carminative|Catarrh|Cholagogue|Cold|Contusion|Cosmetic|Cough|Dandruff|Diabetes|Diarrhea|Diuretic|Dysentery|Dysmenorrhea|Emmenagogue|Eruption|Fever|Hair-Oil|Hair-Tonic|Hematoma|Hypertension|Liver|Malaria|Metrorrhagia|Neuralgia|Parasiticide|Pectoral|Piscicide|Poison|Raticide|Resolvent|Rheumatism|Rodenticide|Rubefacient|Scabies|Skin|Soap|Sprain|Stomachic|Suppurative|Tea|Tumor|Vermifuge|Wound,,general_toxicity;pregnancy_caution,,,,0
Petasites hybridus,Mweje Racene,,phytochemical,Tumor,Dr. Duke,,,Tumor,,,,,,0
Petiveria alliacea,,,phytochemical,Tumor,Dr. Duke,,,Abortifacient|Ache(Head)|Ache(Tooth)|Antiseptic|Aphrodisiac|Bite(Snake)|Caries|Catarrh|Cold|Cold(Head)|Counterirritant|Cystitis|Decoagulant|Depurative|Diuretic|Dysmenorrhea|Ecbolic|Emmenagogue|Expectorant|Fever|Flu|Hysteria|Insecticide|Lung|Nerves|Paralysis|Parturition|Pertussis|Piscicide|Poison|Poison(Arrow)|Rabies|Repellant(Bat)|Repellant(Insect)|Rheumatism|Rootcanal|Sedative|Spasm|Sudorific|Tumor|Venereal|Vermifuge|Womb,,general_toxicity;pregnancy_caution,,,,0
Petroselinum segetum,Honewort,,phytochemical,Tumor,Dr. Duke,,,Tumor,,,,,,0
Petroselinum sp,Perejil,,phytochemical,Tumor,Dr. Duke,,,Tumor,,,,,,0
Phaseolus lunatus,Limabean,,phytochemical,Tumor,Dr. Duke,,,Ache(Stomach)|Cyanogenetic|Fever|Nutritive|Poison|Tumor|Wart,,general_toxicity,,,,0
Phaseolus vulgaris,Bean,,phytochemical,Tumor,Dr. Duke,,,Ache(Head)|Albuminuria|Apprehension|Burn|Cardiac|Carminative|Chest|Cold|Depurative|Diabetes|Diaphoretic|Digestive|Diuretic|Dysentery|Emmenagogue|Eye|Fever|Hiccup|Longevity|Resolvent|Rheumatism|Scurvy|Tenesmus|Tumor,,pregnancy_caution,,,,0
Philadelphus coulteri,Aquilotl,,phytochemical,Tumor,Dr. Duke,,,Tumor,,,,,,0
Philadelphus mexicanus,Aquilotl,,phytochemical,Tumor,Dr. Duke,,,Colic|Tumor,,,,,,0
Philodendron speciosum,,,phytochemical,Tumor,Dr. Duke,,,Abscess|Boil|Furuncle|Gout|Rheumatism|Tumor|Vermifuge,,,,,,0
Philodendron squamiferum,,,phytochemical,Tumor,Dr. Duke,,,Dropsy|Edema|Tumor,,,,,,0
Phlomis fruticosa,Verbascum,,phytochemical,Tumor,Dr. Duke,,,Tumor,,,,,,0
Phormium colensoi,Wharariki,,phytochemical,Tumor,Dr. Duke,,,Tumor,,,,,,0
Physalis alkakengi,Winter Cherry,,phytochemical,Tumor,Dr. Duke,,,Tumor,,,,,,0
Phytolacca icosandra,Yyamolin,,phytochemical,Tumor,Dr. Duke,,,Emetic|Glands|Inflammation|Narcotic|Poison|Purgative|Rheumatism|Soap|Syphilis|Tumor|Vermifuge,,general_toxicity,,,,0
Phytolacca rugosa,Yyamolin,,phytochemical,Tumor,Dr. Duke,,,Tumor,,,,,,0
Picea abies,Fichte,,phytochemical,Tumor,Dr. Duke,,,Counterirritant|Stimulant|Tumor,,,,,,0
Picramnia pistaciaefolia,,,phytochemical,Tumor,Dr. Duke,,,Depurative|Eczema|Nephritis|Syphilis|Tumor,,,,,,0
Pimpinella magna,Perzin D'Boc,,phytochemical,Tumor,Dr. Duke,,,Tonic|Tumor,,,,,,0
Pinus maritimus,Pino Maritimo,,phytochemical,Tumor,Dr. Duke,,,Tumor,,,,,,0
Pinus palustris,,,phytochemical,Tumor,Dr. Duke,,,Antiseptic|Arthritis|Bronchitis|Carminative|Colic|Cystitis|Dandruff|Diarrhea|Diuretic|Emmenagogue|Expectorant|Gonorrhea|Hemostat|Hiccup|Inhalant|Kidney|Laxative|Medicine|Odontorrhagia|Rheumatism|Rubefacient|Skin|Skin stimulant|Taenifuge|Tapeworm|Tuberculosis|Tumor|Tumor(Abdomen)|Vermifuge,,pregnancy_caution,,,,0
Piper caudatum,,,phytochemical,Tumor,Dr. Duke,,,Tumor,,,,,,0
Piper guineense,,,phytochemical,Tumor,Dr. Duke,,,Ache(Back)|Anodyne|Aphrodisiac|Bronchitis|Carminative|Chest|Cold|Conception|Cough|Dentifrice|Enema|Gonorrhea|Hemostat|Herpes zoster|Insecticide|Intestine|Rheumatism|Spice|Stomachic|Syphilis|Tumor|Wound,,,,,,0
Piper longum,"Pepper,Long",,phytochemical,Tumor,Dr. Duke,,,Abortifacient|Ache(Head)|Ache(Tooth)|Alterative|Analgesic|Aphrodisiac|Apoplexy|Asthma|Astringent|Bactericide|Beri-Beri|Bile|Bite(Snake)|Bladder|Bronchitis|Carminative|Catarrh|Cholagogue|Cholera|Coma|Coryza|Cough|Diarrhea|Diuretic|Dysentery|Dysmenorrhea|Dyspepsia|Emmenagogue|Epilepsy|Fever|Flux|Frigidity|Gall|Gastralgia|Insomnia|Kidney|Larvicide|Leprosy|Lethargy|Masticatory|Megalospleny|Myalgia|Paralysis|Parturition|Phthisis|Placenta|Psoriasis|Puerperium|Pyrosis|Sedative|Snuff|Spice|Spleen|Sterility(Female)|Stimulant|Stomachic|Sudorific|Tetanus|Thirst|Tonic|Tuberculosis|Tumor|Urogenital|Vermifuge,,pregnancy_caution,,,,0
Piper umbellatum,Caisemon,,phytochemical,Tumor,Dr. Duke,,,Ache(Rib)|Ache(Tooth)|Ague|Anasarca|Antiemetic|Ascites|Bruise|Colic|Cough|Detergent|Diuretic|Dysentery|Female|Gastromegaly|Gonorrhea|Kidney|Lactagogue|Laxative|Placenta|Poison(Arrow)|Purgative|Repellant|Rheumatism|Scurvy|Swelling|Tapeworm|Tumor|Vermifuge|Whitlow|Wound,,general_toxicity,,,,0
Plantago griesebachii,Llanten,,phytochemical,Tumor,Dr. Duke,,,Tumor,,,,,,0
Plantago lagopus,Plantago,,phytochemical,Tumor,Dr. Duke,,,Tumor,,,,,,0
Plantago rocae,Llanten,,phytochemical,Tumor,Dr. Duke,,,Tumor,,,,,,0
Plantago sericea,Llanten,,phytochemical,Tumor,Dr. Duke,,,Tumor,,,,,,0
Plantago ureades,Llanten,,phytochemical,Tumor,Dr. Duke,,,Tumor,,,,,,0
Plumbago indica,Tjeraka Merah,,phytochemical,Tumor,Dr. Duke,,,Abortive|Ache(Head)|Adenopathy|Antiseptic|Apertif|Beriberi|CNS stimulant|Cough|Diaphoretic|Diuretic|Dyspepsia|Flatulence|Fungicide|Leprosy|Narcotic|Oxytoxic|Paralysis|Piles|Rheumatism|Tumor|Tumor(Abdomen)|Vermifuge(Veterinary)|Wound,,general_toxicity,,,,0
Plumbago scandens,Loco,,phytochemical,Tumor,Dr. Duke,,,Ache(Stomach)|Ache(Tooth)|Anodyne|Chest|Colic|Cough|Emetic|Erysipelas|Gangrene|Itch|Leprosy|Love-Charm|Poison|Purgative|Rheumatism|Rubefacient|Sialogogue|Tumor|Tumor(Joint)|Vesicant|Wart,,general_toxicity,,,,0
Plumeria acutifolia,Kshirka,,phytochemical,Tumor,Dr. Duke,,,Ache(Tooth)|Blennorrhagia|Bruise|Cataplasm|Corn|Cosmetic|Cough|Dermatosis|Diarrhea|Dropsy|Dysuria|Fever|Funereal|Gonorrhea|Laxative|Poison|Purgative|Rheumatism|Skin|Sore|Swelling|Syphilis|Tumor|Venereal|Wart|Wound,,general_toxicity,,,,0
Plumeria alba,Kshira,,phytochemical,Tumor,Dr. Duke,,,Abscess|Ache(Tooth)|Bactericide|Cathartic|Caustic|Dropsy|Emmenagogue|Fever|Fungicide|Gingivitis|Herpes|Itch|Poison|Purgative|Rheumatism|Rubefacient|Scabies|Skin|Sore|Stimulant|Tumor|Venereal|Wart,,general_toxicity;pregnancy_caution,,,,0
Pogostemon henyeanus,,,phytochemical,Tumor,Dr. Duke,,,Tumor,,,,,,0
Polianthes tuberosa,,,phytochemical,Tumor,Dr. Duke,,,Alterative|Astringent|Cosmetic|Detergent|Diarrhea|Diuretic|Emetic|Fever|Gonorrhea|Heat rash|Perfume|Perfumery|Pimple|Resolvent|Soap|Styptic|Tumor,,,,,,0
Polygonatum latifolium,Solomon'S Seal,,phytochemical,Tumor,Dr. Duke,,,Tumor,,,,,,0
Polygonatum multiflorum,Polygonatum,,phytochemical,Tumor,Dr. Duke,,,Astringent|Bruise|Debility|Demulcent|Diabetes|Female|Hemoptysis|Inflammation|Leucorrhea|Lung|Piles|Poultice|Soap|Tonic|Tuberculosis|Tumor,,,,,,0
Polygonatum verticillatum,Ephemeron,,phytochemical,Tumor,Dr. Duke,,,Diuretic|Poison|Tumor,,general_toxicity,,,,0
Polygonum bistorta,Tzu Shen,,phytochemical,Tumor,Dr. Duke,,,Ague|Alexiteric|Amenorrhea|Antidote|Antiseptic|Astringent|Bite(Bug)|Bite(Snake)|Cancer|Cancer(Lip)|Colitis|Congestion|Convulsion|Diarrhea|Diuretic|Dropsy|Expectorant|Fever|Flux|Gingivitis|Hemorrhage|Hemostat|Laxative|Lymphadenopathy|Malaria|Menorrhagia|Mouthwash|Refrigerant|Scrofula|Spasm|Swelling|Tonic|Tumor|Wound,,,,,,0
Polygonum perfoliatum,,,phytochemical,Tumor,Dr. Duke,,,Abscess|Alexiteric|Bite(Snake)|Boil|Circulation|Diuretic|Dysentery|Dysuria|Enteritis|Fever|Hematuria|Trauma|Tumor,,,,,,0
Polygonum sanguinaria,Sanguinaria,,phytochemical,Tumor,Dr. Duke,,,Tumor,,,,,,0
Polygonum tinctorium,Ch'Ing Tai,,phytochemical,Tumor,Dr. Duke,,,Antidote|Antiphlogistic|Fever|Tumor,,,,,,0
Polypodium angustifolium,,,phytochemical,Tumor,Dr. Duke,,,Bruise|Diaphoretic|Dropsy|Expectorant|Fever|Pectoral|Syphilis|Tumor,,,,,,0
Polypodium aureum,,,phytochemical,Tumor,Dr. Duke,,,Cancer|Cough|Fever|Pectoral|Purgative|Sudorific|Tumor|Venereal,,,,,,0
Pongamia pinnata,Hoang Ba,,phytochemical,Tumor,Dr. Duke,,,Anodyne|Antidote(Fish sting)|Arthritis|Bactericide|Beri-Beri|Beriberi|Bronchitis|Cholagogue|Cough|Dermatosis|Diabetes|Diarrhea|Dyspepsia|Emetic|Fever|Fistula|Fungicide|Gonorrhea|Herpes|Internal|Itch|Lactogogue|Leprosy|Leucoderma|Nematicide|Pertussis|Piles|Piscicide|Rheumatism|Scabies|Scrofula|Skin|Soap|Sore|Splenomegaly|Stomachic|Swelling|Thirst|Tonic|Tumor|Tumor(Abdomen),,,,,,0
Populus tremula,Aspen,,phytochemical,Tumor,Dr. Duke,,,Gout|Leucorrhea|Tumor|Vermifuge,,,,,,0
Porlieria hygrometra,Guayacan,,phytochemical,Tumor,Dr. Duke,,,Rheumatism|Tumor,,,,,,0
Portulaca oleracea,Ma Ch'Ih Hsien,,phytochemical,Tumor,Dr. Duke,,,Ache(Ear)|Ache(Tooth)|Alexiteric|Alterative|Anthrax|Antidote|Antiphlogistic|Aperient|Ardor|Astringent|Bactericide|Bite(Bug)|Bite(Snake)|Bladder|Blennorrhagia|Boil|Burn|Cardiotonic|Charm|Cold|Colic|Demulcent|Dermatitis|Detergent|Diuretic|Dysentery|Dyspepsia|Dysuria|Eczema|Edema|Emollient|Empacho|Enteritis|Erysipelas|Fever|Fungicide|Genital|Gonorrhea|Gravel|Heat|Hematuria|Hemoptysis|Hemorrhage|Hemostat|Herpes|Hyperglycemia|Hypotension|Inflammation|Insomnia|Intestine|Kidney|Leucorrhea|Liver|Lung|Mouth|Nausea|Nipple|Opacity|Ophthalmia|Palpitation|Piles|Poison|Potherb|Poultice|Pruritis|Refrigerant|Scald|Scurvy|Sedative|Soporific|Sore|Spleen|Strangury|Swelling|Thirst|Tonic|Tumor|Urogenital|Vermifuge|Viricide|Vulnerary|Wart|Wound,,general_toxicity,,,,0
Potentilla recta,Pentafilon,,phytochemical,Tumor,Dr. Duke,,,Tumor,,,,,,0
Potentilla rupestris,Pentaphyllon,,phytochemical,Tumor,Dr. Duke,,,Tea|Tumor,,,,,,0
Prangos ferulacea,Hippomarathrum,,phytochemical,Tumor,Dr. Duke,,,Tumor,,,,,,0
Printzia pyrifolia,,,phytochemical,Tumor,Dr. Duke,,,Purgative|Tumor,,,,,,0
Protium heptaphyllum,Charpachi,,phytochemical,Tumor,Dr. Duke,,,Ache(Head)|Fumitory|Larvicide|Tumor,,,,,,0
Prunus armeniaca,Aprecock,,phytochemical,Tumor,Dr. Duke,,,Anemia|Antidote|Antidote(Cyanide)|Antitussive|Aperient|Aphrodisiac|Asthma|Bronchitis|Catarrh|Cold|Constipation|Cosmetic|Cough|Cyanogenetic|Demulcent|Emollient|Expectorant|Eye|Fertility(Female)|Fever|Heart|Hemorrhage|Immortality|Inflammation|Panacea|Pectoral|Plethora|Poison|Preventitive|Puerperium|Sedative|Spasm|Thirst|Tonic|Tumor|Vermifuge|Vulnerary,,general_toxicity,,,,0
Prunus domestica,Li,,phytochemical,Tumor,Dr. Duke,,,Ache(Tooth)|Apertif|Bones|Bruise|Cholagogue|Cyanogenetic|Demulcent|Fever|Flux|Hysteria|Laxative|Liqueur|Liver|Poison|Refrigerant|Sprain|Tumor,,general_toxicity,,,,0
Prunus dulcis,Almendro,,phytochemical,Tumor,Dr. Duke,,,Alterative|Asthma|Astringent|Carminative|Cold|Corn|Cough|Cyanogenetic|Demulcent|Discutient|Diuretic|Dyspnea|Emollient|Eruption|Gingivitis|Heartburn|Internulcer|Itch|Laxative|Lithontriptic|Lung|Nervine|Poison|Prurigo Senilis|Sclerosis(Spleen)|Sedative|Skin|Sore|Spasm|Stimulant|Stomatitis|Tonic|Tumor|Tumor(Bladder),,general_toxicity,,,,0
Psittacanthus americanus,,,phytochemical,Tumor,Dr. Duke,,,Abortifacient|Chorea|Emmenagogue|Hysteria|Resolvent|Syphilis|Tumor|Vulnerary,,pregnancy_caution,,,,0
Psophocarpus tetragonolobus,Katjang belimbing,,phytochemical,Tumor,Dr. Duke,,,Boil|Conjunctivitis|Otosis|Smallpox|Tumor|Vertigo,,,,,,0
Psoralea bituminosa,Triphyllon,,phytochemical,Tumor,Dr. Duke,,,Tumor|Vulnerary,,,,,,0
Psoralea hydrocotylaefolia,Culen,,phytochemical,Tumor,Dr. Duke,,,Tumor,,,,,,0
Psychotria horizontalis,Yaxkanan,,phytochemical,Tumor,Dr. Duke,,,Tumor,,,,,,0
Pteris quadrangularis,Tumetume,,phytochemical,Tumor,Dr. Duke,,,Tumor,,,,,,0
Pteris togoensis,,,phytochemical,Tumor,Dr. Duke,,,Tumor|Wart,,,,,,0
Pterocarpus erinaceus,,,phytochemical,Tumor,Dr. Duke,,,Abortifacient|Adenopathy|Diarrhea|Dysentery|Fever|Gargle|Leucorrhea|Pyrosis|Restorative|Ringworm|Scalp|Sore|Tumor|Tumor(Glands)|Urethritis|Wound,,pregnancy_caution,,,,0
Pterospermum acerifolium,,,phytochemical,Tumor,Dr. Duke,,,Antiseptic|Depurative|Eruption|Fever|Fumitory|Inflammation|Leprosy|Menorrhagia|Puerperium|Repellant(Insect)|Smallpox|Sore|Tonic|Tumor,,,,,,0
Pueraria lobata,Geh Gen,,phytochemical,Tumor,Dr. Duke,,,Ache(Head)|Alcoholism|Antidote|Antidote(Alcohol)|Antidote(Croton)|Antispasmodic|Aphthae|Bite(Bug)|Bite(Dog)|Bite(Snake)|Boil|Cold|Deafness|Diaphoretic|Dysentery|Emetic|Excipient|Febrifuge|Fever|Flu|Food|Hypertension|Lactogogue|Measles|Medicine|Nausea|Neck|Poison|Refrigerant|Shoulder|Skin|Spasm|Stiff-Neck|Stiffness|Stomatitis|Styptic|Sweating|Thirst|Tumor|Wound,,general_toxicity,,,,0
Pulmonaria officinalis,Pulmonaria,,phytochemical,Tumor,Dr. Duke,,,Antiseptic|Bronchitis|Demulcent|Emollient|Expectorant|Fever|Inflammation|Pectoral|Spasm|Sudorific|Tumor|Vulnerary,,,,,,0
Pyrus communis,Pear,,phytochemical,Tumor,Dr. Duke,,,Astringent|Bactericide|Calmative|Cholera|Colic|Diarrhea|Diuretic|Nausea|Poison|Sclerosis(Liver)|Spasm|Tea|Tumor,,general_toxicity,,,,0
Quamoclit pennata,Cypress Vine,,phytochemical,Tumor,Dr. Duke,,,Tumor,,,,,,0
Quercus cerris,Oak,,phytochemical,Tumor,Dr. Duke,,,Tumor,,,,,,0
Ranunculus lanuginosus,Batrachion,,phytochemical,Tumor,Dr. Duke,,,Tumor,,,,,,0
Ranunculus muricatus,Batrachion,,phytochemical,Tumor,Dr. Duke,,,Asthma|Gout|Malaria|Narcotic|Poison|Rubefacient|Tumor|Vesicant,,general_toxicity,,,,0
Renealmia occidentalis,,,phytochemical,Tumor,Dr. Duke,,,Excrescence|Resolvent|Tumor,,,,,,0
Renealmia sylvestris,Conopio,,phytochemical,Tumor,Dr. Duke,,,Tumor,,,,,,0
Reseda luteola,Pastel Sauvage,,phytochemical,Tumor,Dr. Duke,,,Cancer|Diaphoretic|Diuretic|Poison|Sudorific|Tumor|Vermifuge,,general_toxicity,,,,0
Rhamnus infectorius,Hodhadh,,phytochemical,Tumor,Dr. Duke,,,Tumor,,,,,,0
Rhizophora sp,,,phytochemical,Tumor,Dr. Duke,,,Tumor,,,,,,0
Rhus metopium,Metopio,,phytochemical,Tumor,Dr. Duke,,,Fibroma|Hemorrhage|Tumor,,,,,,0
Ribes sp,Grosellero,,phytochemical,Tumor,Dr. Duke,,,Tumor,,,,,,0
Rivea corymbosa,,,phytochemical,Tumor,Dr. Duke,,,Carminative|Contraceptive|Diuretic|Divination|Evil eye|Fear|Hallucinogen|Narcotic|Parturition|Psychomimetic|Sore|Swelling|Syphilis|Tumor,,,,,,0
Rosa eglanteria,Nisrin,,phytochemical,Tumor,Dr. Duke,,,Colic|Diarrhea|Tumor,,,,,,0
Rosa multiflora,Ch'Iang Mi,,phytochemical,Tumor,Dr. Duke,,,Anodyne|Astringent|Bactericide|Carminative|Cathartic|Diuretic|Flux|Laxative|Polyuria|Purgative|Skin|Sore|Sprain|Tumor|Wound,,,,,,0
Rubus fruticosus,Rovo,,phytochemical,Tumor,Dr. Duke,,,Astringent|Cough|Depurative|Diarrhea|Diuretic|Dysentery|Fever|Intoxicant|Liqueur|Resolvent|Tea|Tonic|Tumor|Wound,,general_toxicity,,,,0
Rumex hydrolapathum,?Paratella,,phytochemical,Tumor,Dr. Duke,,,Cancer|Tumor,,,,,,0
Rumex patientia,Pasiyince,,phytochemical,Tumor,Dr. Duke,,,Cancer|Carminative|Cathartic|Constipation|Depurative|Diuretic|Emollient|Laxative|Medicinel|Purgative|Scrofula|Scurvy|Sedative|Tinea|Tonic|Tumor,,,,,,0
Rumex romassa,Romasa,,phytochemical,Tumor,Dr. Duke,,,Tumor,,,,,,0
Ruscus hypophyllum,Vinaperinca,,phytochemical,Tumor,Dr. Duke,,,Tumor,,,,,,0
Sacoglottis uchi,Uchy,,phytochemical,Tumor,Dr. Duke,,,Tumor,,,,,,0
Salix caprea,,,phytochemical,Tumor,Dr. Duke,,,Astringent|Fever|Piles|Tonic|Tumor,,,,,,0
Salix fragilis,,,phytochemical,Tumor,Dr. Duke,,,Astringent|Cold|Fever|Malaria|Rheumatism|Sedative|Tumor,,,,,,0
Salix viminalis,,,phytochemical,Tumor,Dr. Duke,,,Tumor,,,,,,0
Salvadora persica,Chhota Pilu,,phytochemical,Tumor,Dr. Duke,,,Alterative|Anodyne|Ascarifuge|Asthma|Astringent|Bilious|Carminative|Catarrh|Cough|Dentifrice|Deobstruent|Diuretic|Dyspepsia|Emmenagogue|Fever|Gastritis|Gonorrhea|Laxative|Lithontriptic|Nerves|Piles|Purgative|Rheumatism|Rubefacient|Scurvy|Skin|Splenitis|Splenomegaly|Stimulant|Stomachic|Tonic|Tumor|Tumor(Nose)|Vesicant,,pregnancy_caution,,,,0
Salvia acinos,Epipetron,,phytochemical,Tumor,Dr. Duke,,,Tumor,,,,,,0
Salvia hispanica,Chia,,phytochemical,Tumor,Dr. Duke,,,Bilious|Constipation|Liver|Tumor,,,,,,0
Salvia hyptoides,Herba De Reuma,,phytochemical,Tumor,Dr. Duke,,,Tumor,,,,,,0
Salvia lyrata,Cancerweed,,phytochemical,Tumor,Dr. Duke,,,Astringent|Sore|Tumor,,,,,,0
Salvia tingitana,,,phytochemical,Tumor,Dr. Duke,,,Tumor,,,,,,0
Sandoricum indicum,,,phytochemical,Tumor,Dr. Duke,,,Colic|Fever(Remittent)|Parturition|Ringworm|Stitch|Tumor|Vaginitis,,,,,,0
Sapium biglandsulosum,Pao De Leite,,phytochemical,Tumor,Dr. Duke,,,Tumor,,,,,,0
Saracha procumbens,,,phytochemical,Tumor,Dr. Duke,,,Tumor,,,,,,0
Sarothamnus scoparius,Ginst,,phytochemical,Tumor,Dr. Duke,,,Cardiotonic|Diuretic|Spice|Tonic|Tumor,,,,,,0
Sasa spiculosa,Chu Yeh,,phytochemical,Tumor,Dr. Duke,,,Tumor,,,,,,0
Satureja hortensis,Senyorida De Jardi,,phytochemical,Tumor,Dr. Duke,,,Antioxidant|Astringent|Bactericide|Carminative|Catarrh|Colic|Diarrhea|Digestive|Diuretic|Expectorant|Fungicide|Laxative|Otitis|Sedative|Spasm|Spice|Stimulant|Stomachic|Sudorific|Tonic|Tumor|Vermifuge,antioxidant,,,,,0
Satureja nepeta,Nepita,,phytochemical,Tumor,Dr. Duke,,,Tumor,,,,,,0
Saururus cernuus,Lizardtail,,phytochemical,Tumor,Dr. Duke,,,Astringent|Sedative|Spasm|Tumor|Wound,,,,,,0
Saussurea auriculata,Costus,,phytochemical,Tumor,Dr. Duke,,,Ache(Tooth)|Addiction (Opium)|Antiseptic|Astringent|Carminative|Hairblack|Insecticide|Preventitive|Repellant(Insect)|Sedative|Stimulant|Tumor,,,,,,0
Scaevola koenigii,,,phytochemical,Tumor,Dr. Duke,,,Tumor,,,,,,0
Scheelea butyracea,Coco,,phytochemical,Tumor,Dr. Duke,,,Liqueur|Tumor,,,,,,0
Schinus molle,Aroeira Salsa,,phytochemical,Tumor,Dr. Duke,,,Amenorrhea|Aposteme|Astringent|Balsamic|Blennorrhagia|Bronchitis|Cataract|Collyrium|Diuretic|Dysmenorrhea|Emmenagogue|Expectorant|Eye|Foot|Gingivitis|Gonorrhea|Gout|Gum|Liqueur|Masticatory|Mouth|Ophthalmia|Piscicide|Poison|Preventitive|Purgative|Rheumatism|Sore|Spice|Stomachic|Swelling|Tea|Tonic|Tuberculosis|Tumor|Ulcer|Urethritis|Urogenital|Venereal|Viricide|Vulnerary|Wart|Wound,,general_toxicity;pregnancy_caution,,,,0
Schinus molleoides,Aroeira,,phytochemical,Tumor,Dr. Duke,,,Tumor,,,,,,0
Schinus terebinthifolius,,,phytochemical,Tumor,Dr. Duke,,,Antiseptic|Aphrodisiac|Astringent|Atony|Bronchitis|Bruise|Chill|Dentifrice|Diarrhea|Gout|Hemoptysis|Homeopathy|Lung|Poison|Rheumatism|Sciatica|Skin|Sore|Swelling|Tendonitis|Tonic|Tumor|Tumor(Feet)|Wound,,general_toxicity,,,,0
Scilla bifolia,Sauvadje Iassinte,,phytochemical,Tumor,Dr. Duke,,,Tumor,,,,,,0
Scilla natalensis,Kherere,,phytochemical,Tumor,Dr. Duke,,,Aperient|Lung|Tumor,,,,,,0
Scrophularia major,Rose Noble,,phytochemical,Tumor,Dr. Duke,,,Tumor,,,,,,0
Scrophularia marilandica,Figwort,,phytochemical,Tumor,Dr. Duke,,,Alterative|Anxiety|Diuretic|Emmenagogue|Fever|Impetigo|Insomnia|Medicine|Piles|Restlessness|Scabies|Skin|Sudorific|Tonic|Tuberculosis|Tumor|Vermifuge|Vulnerary|Wound,,pregnancy_caution,,,,0
Scutellaria havensis,,,phytochemical,Tumor,Dr. Duke,,,Tumor,,,,,,0
Secale cereale,Rye,,phytochemical,Tumor,Dr. Duke,,,Coffee|Intoxicant|Laxative|Liqueur|Tumor,,general_toxicity,,,,0
Sedum stellatum,Andrachle Agria,,phytochemical,Tumor,Dr. Duke,,,Tumor,,,,,,0
Sempervivum arboreum,Houseleek,,phytochemical,Tumor,Dr. Duke,,,Tumor,,,,,,0
Senecio bellidifolius,Chucaca,,phytochemical,Tumor,Dr. Duke,,,Bladder|Boil|Infection|Kidney|Tumor,,,,,,0
Senecio hualtata,Sanguinaria,,phytochemical,Tumor,Dr. Duke,,,Tumor,,,,,,0
Senecio perforatus,Senecon,,phytochemical,Tumor,Dr. Duke,,,Tumor,,,,,,0
Senecio serratus,Letapiso,,phytochemical,Tumor,Dr. Duke,,,Tumor,,,,,,0
Serenoa repens,Saw Palmetto,,phytochemical,Tumor,Dr. Duke,,,Aphrodisiac|Diuretic|Sedative|Stimulant|Tumor,,,,,,0
Serjania mexicana,Quahmecatl,,phytochemical,Tumor,Dr. Duke,,,Ache(Tooth)|Piscicide|Rheumatism|Syphilis|Tumor,,,,,,0
Serratula tinctoria,,,phytochemical,Tumor,Dr. Duke,,,Tumor|Wound,,,,,,0
Sesbania aegyptiaca,Krishna Rajam,,phytochemical,Tumor,Dr. Duke,,,Cough|Gynecology|Hemoptysis|Repellant(Insect)|Tuberculosis|Tumor|Vermifuge,,,,,,0
Sesbania sesban,,,phytochemical,Tumor,Dr. Duke,,,Abscess|Anodyne|Antifertility|Astringent|Bite(Dog)|Catarrh|Colic|Coryza|Emmenagogue|Gravel|Inflammation|Insecticide|Itch|Lactogogue|Megalospleny|Neuralgia|Pleurisy|Pneumonia|Poison|Repellant(Insect)|Rheumatism|Skin|Stimulant|Suppurative|Tumor|Urogenital|Vermifuge,,general_toxicity;pregnancy_caution,,,,0
Shorea robusta,,,phytochemical,Tumor,Dr. Duke,,,Ache(Stomach)|Aftosa|Anodyne|Anthrax|Anus|Ardor|Burn|Cancer|Carbuncle|Chancre|Chest|Colic|Cosmetic|Diarrhea|Dysentery|Dysuria|Epididymitis|Fever|Fistula|Gravel|Hemiplegia|Hydrocoele|Incense|Ophthalmia|Orchitis|Prolapse|Rinderpest|Skin|Smallpox|Soap|Sore|Spasm|Syphilis|Tetanus|Tubercle|Tumor|Whitlow,,,,,,0
Sida acuta,,,phytochemical,Tumor,Dr. Duke,,,Abortifacient|Ache(Head)|Ague|Anodyne|Astringent|Bilious|Bite(Snake)|Chest|Cough|Demulcent|Dentifrice|Depurative|Diuretic|Dysentery|Elephantiasis|Emollient|Erysipelas|Evil eye|Fever|Gargle|Hematemesis|Impotency|Leucorrhea|Malaria|Marasmus|Medicine|Nausea|Nerves|Parturition|Piles|Pneumonia|Poultice|Refrigerant|Rheumatism|Soap|Sore|Stomachic|Swelling|Testicle|Tonic|Tumor|Urogenital|Vermifuge,,pregnancy_caution,,,,0
Sida glomerata,,,phytochemical,Tumor,Dr. Duke,,,Tumor,,,,,,0
Sida rhombifolia,Sidoguir,,phytochemical,Tumor,Dr. Duke,,,Abdomen|Abortive|Ache(Head)|Ache(Tooth)|Alopecia|Aphrodisiac|Bilious|Bladder|Boil|Burn|Chickenpox|Constipation|Cramps|Delirium|Demulcent|Dermatosis|Diarrhea|Diuretic|Dysmenorrhea|Dyspepsia|Emollient|Enterosis|Eye|Fever|Fracture|Herpes|Impetigo|Impotence|Itch|Leucorrhea|Medicine|Ophthalmia|Rheumatism|Sedative|Shortwindedness|Skin|Soap|Sore|Stomach|Sty|Swelling|Tea|Thrush|Tuberculosis|Tumor|Tumor(Abdomen)|Urethritis|Waspsting|Wound,,,,,,0
Sideritis romana?,Sideritis,,phytochemical,Tumor,Dr. Duke,,,Tumor,,,,,,0
Siegesbeckia pubescens,Hsi Lien,,phytochemical,Tumor,Dr. Duke,,,Antidote|Arthritis|Convulsion|Drainage|Paralysis|Rheumatism|Stroke|Tumor,,,,,,0
Sium rugosum,Muskrat Weed,,phytochemical,Tumor,Dr. Duke,,,Tumor,,,,,,0
Smilax lanceaefolia,Chubi Chini,,phytochemical,Tumor,Dr. Duke,,,Tumor,,,,,,0
Solandra sp,Solandra,,phytochemical,Tumor,Dr. Duke,,,Poison|Tumor,,general_toxicity,,,,0
Solanum sisymbriifolium,Revienta Caballo,,phytochemical,Tumor,Dr. Duke,,,Antifertility|Tumor,,,,,,0
Solanum sodomeum,Bou Sikroun,,phytochemical,Tumor,Dr. Duke,,,Cough|Cystitis|Diuretic|Poison|Tumor,,general_toxicity,,,,0
Solanum somniculentum,Quauhayacachtli,,phytochemical,Tumor,Dr. Duke,,,Tumor,,,,,,0
Solanum tuberosum,Kartoffel,,phytochemical,Tumor,Dr. Duke,,,Alterative|Burn|Calmative|Corn|Cystitis|Emetic|Excipient|Fistula|Intoxicant|Lithiasis|Poison|Prostatitis|Shampoo|Tumor|Wart,,general_toxicity,,,,0
Solanum uporo,,,phytochemical,Tumor,Dr. Duke,,,Abscess|Boil|Breast|Filariasis|Mycosis|Swelling|Tumor,,,,,,0
Solanum verbascifolium,Trompillo,,phytochemical,Tumor,Dr. Duke,,,Abortive|Ache(Head)|Anodyne|Antidote|Boil|Fever|Hematuria|Mouth|Parturition|Sore|Tumor|Ulcer|Vaginitis|Vertigo,,,,,,0
Solidago virgaurea,,,phytochemical,Tumor,Dr. Duke,,,Asthma|Astringent|Carminative|Cicatrizant|Diarrhea|Digestive|Diuretic|Dropsy|Dysentery|Eczema|Edema|Fever|Lithontriptic|Nephritis|Nervine|Pertussis|Renitis|Rheumatism|Sore|Stimulant|Sudorific|Tea|Tonic|Tumor|Vulnerary|Wound,,,,,,0
Sphaeralcea fendleri,Yerba De Negrita,,phytochemical,Tumor,Dr. Duke,,,Tumor,,,,,,0
Sphaeranthus hirtus,"Thistle,Globe",,phytochemical,Tumor,Dr. Duke,,,Tumor,,,,,,0
Sphaeranthus indicus,Mundi,,phytochemical,Tumor,Dr. Duke,,,Alterative|Aphrodisiac|Bactericide|Bowel|Chest|Cough|Depurative|Diuretic|Gastritis|Hepatitis|Piles|Repellant(Insect)|Styptic|Tonic|Tuberculosis|Tumor|Vermifuge,,,,,,0
Stachys alopecuros,Margarita,,phytochemical,Tumor,Dr. Duke,,,Tumor,,,,,,0
Stachys glutinosa,Tragoriganos,,phytochemical,Tumor,Dr. Duke,,,Tumor,,,,,,0
Stachys sylvatica,"Woundwort,Hedge",,phytochemical,Tumor,Dr. Duke,,,Antiseptic|Dysentery|Emetic|Emmenagogue|Expectorant|Hemostat|Sedative|Spasm|Tonic|Tumor,,pregnancy_caution,,,,0
Stachytarpheta cayennensis,Verbena,,phytochemical,Tumor,Dr. Duke,,,Chest-Cold|Collyrium|Depurative|Dysentery|Fever|Heart|Heart attack|Ophthalmia|Panacea|Tumor|Vermifuge,,,,,,0
Stachytarpheta jamaicensis,Verbena Azul,,phytochemical,Tumor,Dr. Duke,,,Abortifacient|Abortive|Ache(Head)|Alopecia|Amenorrhea|Anodyne|Asthma|Boil|Bronchitis|Bruise|Cardiac|Cataract|Cathartic|Chest-Cold|Cough|Depurative|Diarrhea|Dropsy|Dysentery|Eczema|Emetic|Emmenagogue|Erysipelas|Fever|Flu|Gonorrhea|Inflammation|Itch|Lactogogue|Malaria|Nausea|Nerves|Poison|Pressor|Puerperium|Purgative|Rash|Rectitis|Rheumatism|Rhinitis|Rhinosis|Sedative|Skin|Sore|Sprain|Stomach|Stomachic|Sudorific|Syphilis|Tea|Tumor|Venereal|Vermifuge|Vitiligo|Yellow Fever,,general_toxicity;pregnancy_caution,,,,0
Stellaria aquatica,Chickweed,,phytochemical,Tumor,Dr. Duke,,,Dysuria|Fistula|Lactagogue|Lactogogue|Oliguria|Piles|Sore|Tumor,,,,,,0
Stellaria nemorum,Cococaton,,phytochemical,Tumor,Dr. Duke,,,Tumor,,,,,,0
Stenocline incana,Rambiazina,,phytochemical,Tumor,Dr. Duke,,,Aphrodisiac|Astringent|Stomachic|Tonic|Tumor,,,,,,0
Streblus asper,,,phytochemical,Tumor,Dr. Duke,,,Ache(Stomach)|Adenopathy|Antiseptic|Boil|Bubo|Cancer|Cardiac|Chafe|Cholera|Colic|Dentifrice|Diarrhea|Dysentery|Epistaxis|Fever|Fumitory|Gravel|Lactagogue|Lactogogue|Leucoderma|Menorrhagia|Neuralgia|Parturition|Piles|Pyorrhea|Rennet|Rinderpest|Sedative|Sore|Swelling|Syphilis|Tea|Tumor|Weak-Pulse|Wound,,,,,,0
Struthanthus citricola,Tetpote Iba,,phytochemical,Tumor,Dr. Duke,,,Tumor,,,,,,0
Struthanthus marginatus,Herva De Passarinho Miuda,,phytochemical,Tumor,Dr. Duke,,,Tumor,,,,,,0
Strychnos colubrina,,,phytochemical,Tumor,Dr. Duke,,,Arrow-poison|Dyspepsia|Fever|Malaria|Purgative|Rheumatism|Skin|Tumor,,general_toxicity,,,,0
Styrax sp,Styrax,,phytochemical,Tumor,Dr. Duke,,,Tumor,,,,,,0
Symphytum asperrimum,Consuelda,,phytochemical,Tumor,Dr. Duke,,,Tumor,,,,,,0
Symphytum bulbosum,Comfrey,,phytochemical,Tumor,Dr. Duke,,,Tumor,,,,,,0
Amorphophallus sylvatica,,,phytochemical,Tumor,Dr. Duke,,,Ache(Tooth)|Adenopathy|Bruise|Tumor,,,,,,0
Tacca palmata,Iles-iles,,phytochemical,Tumor,Dr. Duke,,,Ache(Stomach)|Bite(Snake)|Boil|Pimple|Stomachic|Swelling|Tonic|Tumor|Wound,,,,,,0
Tagetes erecta,Chambergo,,phytochemical,Tumor,Dr. Duke,,,Amenorrhea|Anodyne|Bactericide|Boil|Bronchitis|Cachexia|Carbuncle|Carminative|Cold|Colic|Conjunctivitis|Cough|Depurative|Diaphoretic|Diuretic|Dropsy|Dysmenorrhea|Dyspepsia|Edema|Emmenagogue|Eye|Fever|Laxative|Liver|Malaria|Mastitis|Medicine|Muscle|Nematicide|Parotitis|Pertussis|Piles|Renitis|Respiratory|Rheumatism|Sore|Stimulant|Stomach|Tumor|Vermifuge|Vulnerary|Wart,,pregnancy_caution,,,,0
Talinum patens,Verdolaga De Cabra,,phytochemical,Tumor,Dr. Duke,,,Tumor,,,,,,0
Tamarindus indica,Tamarind,,phytochemical,Tumor,Dr. Duke,,,Abortive|Ache(Head)|Antiseptic|Aperient|Apoplexy|Asthma|Bilious|Boil|Carbuncle|Cardiac|Carminative|Chill|Cold|Colitis|Collyrium|Conjunctivitis|Cosmetic|Cough|Depurative|Dermatosis|Diabetes|Diarrhea|Digestive|Diuretic|Dropsy|Dysentery|Emetic|Eye|Fever|Fungicide|Hangover|Hemorrhage|Hypertension|Inflammation|Itch|Jaundice|Laxative|Lenitive|Liver|Mucusitis|Piles|Pimple|Purgative|Refrigerant|Rheumatism|Scurvy|Sore|Sore(Throat)|Sting(Caterpillar)|Styptic|Sunstroke|Suppurative|Swelling|Thirst|Thrush|Tonic|Tumor|Vermifuge|Wound,,,,,,0
Tamarix aphylla,Atsl,,phytochemical,Tumor,Dr. Duke,,,Astringent|Eczema|Gargle|Sclerosis(Spleen)|Skin|Tumor,,,,,,0
Tanacetum vulgare,Tansy,,phytochemical,Tumor,Dr. Duke,,,Abortifacient|Acaricide|Ache(Foot)|Ache(Stomach)|Antibiotic|Antioxidant|Antiseptic|Ascaricide|Bitter-Principle|Bruise|Cold|Cordial|Diaphoretic|Dropsy|Emmenagogue|Fatality|Fever|Freckle|Gall|Gout|Hysteria|Immortality|Insecticide|Liniment|Narcotic|Nerves|Poison|Pulicide|Repellant(Insect)|Rheumatism|Sedative|Sore|Spasm|Sprain|Steam-Bath|Stimulant|Stomachic|Sudorific|Tonic|Tumor|Vermifuge|Vulnerary,antioxidant,general_toxicity;pregnancy_caution,,,,0
Taxodium mucronatum,,,phytochemical,Tumor,Dr. Duke,,,Ache(Tooth)|Anesthetic|Astringent|Bronchitis|Catarrh|Chest|Diarrhea|Diuretic|Emmenagogue|Fever|Gout|Hepatitis|Herpes|Itch|Psoriasis|Resolvent|Rheumatism|Scabies|Skin|Sore|Tumor|Tumor(Leg)|Ulcer|Vulnerary|Wound,,pregnancy_caution,,,,0
Tephrosia purpurea,"Indigo,Wild",,phytochemical,Tumor,Dr. Duke,,,Anodyne|Asthma|Bilious|Bronchitis|Coffee|Colic|Cough|Deobstruent|Diarrhea|Diuretic|Dyspepsia|Eczema|Elephantiasis|Epistaxis|Eruption|Fever|Inflammation|Insecticide|Itch|Kidney|Laxative|Liver|Piscicide|Poison|Rheumatism|Scabies|Sclerosis|Skin|Tonic|Tumor|Urogenital,,general_toxicity,,,,0
Tephrosia rufescens,Timbo De Rais,,phytochemical,Tumor,Dr. Duke,,,Tumor,,,,,,0
Tephrosia sinapou,,,phytochemical,Tumor,Dr. Duke,,,CNS depressant|Hypertension|Piscicide|Purgative|Sedative|Tumor,,,,,,0
Tetracera volubilis,,,phytochemical,Tumor,Dr. Duke,,,Diuretic|Fever|Sudorific|Syphilis|Tumor,,,,,,0
Tetradenia fruticulosa,Borona,,phytochemical,Tumor,Dr. Duke,,,Tumor,,,,,,0
Teucrium marum,Marmahhour,,phytochemical,Tumor,Dr. Duke,,,Deobstruent|Diaphoretic|Diuretic|Errhine|Expectorant|Spasm|Sternutatory|Stimulant|Tumor,,,,,,0
Thalia geniculata,Angutiguepo Obi,,phytochemical,Tumor,Dr. Duke,,,Tumor,,,,,,0
Thymus serpyllum,"Thyme,Wild",,phytochemical,Tumor,Dr. Duke,,,Ache(Tooth)|Antiseptic|Astringent|Carminative|Catarrh|Convulsion|Cordial|Depurative|Emmenagogue|Epilepsy|Eruption|Expectorant|Hair|Lung|Nervine|Pertussis|Radiculagia|Sedative|Skin|Spasm|Stomachic|Tonic|Tumor|Vermifuge,,pregnancy_caution,,,,0
Tillandsia usneoides,Barba De Velho,,phytochemical,Tumor,Dr. Duke,,,Astringent|Emmenagogue|Epilepsy|Fever|Hemostat|Inflammation|Obesity|Sudorific|Tumor|Vulnerary,,pregnancy_caution,,,,0
Pisonia cephalantha,Cazabito,,phytochemical,Tumor,Dr. Duke,,,Tumor,,,,,,0
Pisonia graciliflora,Cazabito,,phytochemical,Tumor,Dr. Duke,,,Tumor,,,,,,0
Trachelospermum divaricatum,Lo Shih,,phytochemical,Tumor,Dr. Duke,,,Tumor,,,,,,0
Tragopogon pratensis,Herba Thetrait,,phytochemical,Tumor,Dr. Duke,,,Bile|Cold|Emollient|Expectorant|Lithontriptic|Pectoral|Resolvent|Stomach|Sudorific|Tumor,,,,,,0
Tribulus cistoides,Abrojo,,phytochemical,Tumor,Dr. Duke,,,Abscess|Ache(Tooth)|Aperient|Apertif|Diuretic|Emollient|Poison|Renitis|Rheumatism|Stimulant|Stomachic|Tonic|Tumor,,general_toxicity,,,,0
Tribulus maximum,Abrojo,,phytochemical,Tumor,Dr. Duke,,,Tumor,,,,,,0
Tribulus sictoides,Abrojo,,phytochemical,Tumor,Dr. Duke,,,Tumor,,,,,,0
Trichilia hirta,Trompillo,,phytochemical,Tumor,Dr. Duke,,,Abortifacient|Astringent|Cold|Cosmetic|Emmenagogue|Fever|Hair|Hair-Oil|Insecticide|Poison|Purgative|Repellant(Flea)|Sore|Stimulant|Sudorific|Tumor,,general_toxicity;pregnancy_caution,,,,0
Trichocereus chiloensis,Quisco,,phytochemical,Tumor,Dr. Duke,,,Liqueur|Tumor,,,,,,0
Trichosanthes anguina,Khyar,,phytochemical,Tumor,Dr. Duke,,,Apertif|Bilious|Diarrhea|Emetic|Hemagglutinant|Purgative|Syphilis|Tumor|Vermifuge,,,,,,0
Trichosanthes bracteata,,,phytochemical,Tumor,Dr. Duke,,,Antitussive|Carbuncle|Inflammation|Lung(Veterinary)|Sore|Thirst|Tumor,,,,,,0
Trifolium incarnatum,Trebol Encarnado,,phytochemical,Tumor,Dr. Duke,,,Tumor,,,,,,0
Trigonella caerulea,Meliloto Azul,,phytochemical,Tumor,Dr. Duke,,,Tumor,,,,,,0
Trigonella striata,Iklil Il Malik,,phytochemical,Tumor,Dr. Duke,,,Tumor,,,,,,0
Trillium cernuum,"Wakerobin,Nodding",,phytochemical,Tumor,Dr. Duke,,,Tumor,,,,,,0
Trillium grandiflorum,"Trillium,White",,phytochemical,Tumor,Dr. Duke,,,Tumor,,,,,,0
Trillium nivale,Bethroot,,phytochemical,Tumor,Dr. Duke,,,Tumor,,,,,,0
Trillium sessile,,,phytochemical,Tumor,Dr. Duke,,,Tumor,,,,,,0
Trixis divaricata,Juan De La Calle,,phytochemical,Tumor,Dr. Duke,,,Rheumatism|Tumor,,,,,,0
Tsuga canadensis,Hemlock,,phytochemical,Tumor,Dr. Duke,,,Astringent|Cold|Cough|Diaphoretic|Flu|Medicine|Scurvy|Sore|Sudorific|Swelling|Tea|Tumor|Vesicant,,,,,,0
Tussilago farfara,Tusilago,,phytochemical,Tumor,Dr. Duke,,,Antihistamine|Antitussive|Apoplexy|Asthma|Bactericide|Bronchitis|Catarrh|Cold|Cough|Demulcent|Diarrhea|Diuretic|Dyspepsia|Emollient|Expectorant|Eye|Fumitory|Gargle|Nerves|Pectoral|Phthisis|Rheumatism|Scrofula|Styptic|Sudorific|Tea|Tumor,,,,,,0
Typha angustifolia,Espandana,,phytochemical,Tumor,Dr. Duke,,,Cyanogenetic|Tumor,,,,,,0
Typha latifolia,Cattail,,phytochemical,Tumor,Dr. Duke,,,Abdomen|Amenorrhea|Anodyne|Anticoagulant|Burn|Coagulant|Cystitis|Diarrhea|Diuretic|Epistaxis|Gonorrhea|Hematafeces|Hematemesis|Hematuria|Hemoptysis|Hemorrhage|Hemostat|Hemostatic|Leucorrhea|Metrorrhagia|Metroxenia|Piles|Poison|Refrigerant|Scald|Sterilizant|Styptic|Suppurative|Swelling|Tattoo|Tumor|Ulcer|Urethritis|Vaginitis|Vermifuge|Vulnerary|Wound,,bleeding_risk;general_toxicity,,,,0
Typha sp,,,phytochemical,Tumor,Dr. Duke,,,Aphrodisiac|Astringent|Bite(Snake)|Burn|Detersive|Diarrhea|Diuretic|Dropsy|Dysentery|Dysuria|Erysipelas|Fever|Gonorrhea|Hematochezia|Hemorrhage|Inflammation|Measles|Ophthalmia|Placenta|Poison|Sore|Stimulant|Styptic|Thrush|Tumor|Uterotonic|Uterus|Wound,,general_toxicity;pregnancy_caution,,,,0
Ulmus dulcis,"Elm,Sweet",,phytochemical,Tumor,Dr. Duke,,,Tumor,,,,,,0
Ulmus glabra,Elm,,phytochemical,Tumor,Dr. Duke,,,Tumor,,,,,,0
Ulmus rubra,"Elm,Slippery",,phytochemical,Tumor,Dr. Duke,,,Burn|Demulcent|Diarrhea|Fever|Gunshot|Laxative|Medicine|Parturition|Preventitive(Chafe)|Respiratory|Skin|Tumor|Wound,,,,,,0
Ulmus sp,,,phytochemical,Tumor,Dr. Duke,,,Astringent|Demulcent|Depurative|Diuretic|Emollient|Fever|Nervine|Scurvy|Stimulant|Sudorific|Tonic|Tumor|Wound,,,,,,0
Urera oblongifolia,,,phytochemical,Tumor,Dr. Duke,,,Tumor,,,,,,0
Urtica dioica,,,phytochemical,Tumor,Dr. Duke,,,Ache|Ache(Back)|Alopecia|Anodyne|Asthma|Astringent|Ataxia(Locomotor)|Bactericide|Blood|Bronchitis|Bruise|Burn|Cancer|Catarrh|Chest|Cholecystitis|Cholengitis|Constipation|Cosmetic|Cough|Counterirritant|Dandruff|Depurative|Diuretic|Dropsy|Dyspnea|Emmenagogue|Epilepsy|Epistaxis|Evil eye|Fit|Gout|Hair-Tonic|Hematemesis|Hematoptysis|Hemoptysis|Hemorrhage|Hemostat|Homeopathy|Insanity|Massage|Menorrhagia|Metrorrhagia|Paralysis|Parturition|Purgative|Rheumatism|Shampoo|Shigellosis|Sore|Sprain|Stimulant|Stomachic|Suppository|Swelling|Tantrum|Tea|Tonic|Tumor|Urticaria|Vasoconstrictor|Vermifuge|Wound,,pregnancy_caution,,,,0
Valeriana ceratophylla,,,phytochemical,Tumor,Dr. Duke,,,Eye|Insomnia|Nerves|Nightmare|Spasm|Tumor,,,,,,0
Verbascum lychnitis,Mullein,,phytochemical,Tumor,Dr. Duke,,,Raticide|Tumor,,,,,,0
Verbascum thapsiforme,,,phytochemical,Tumor,Dr. Duke,,,Tumor,,,,,,0
Verbascum thapsus,Gordolobo,,phytochemical,Tumor,Dr. Duke,,,Ache(Ear)|Alterative|Anodyne|Antiseptic|Aphrodisiac|Asthma|Astringent|Baldness|Bronchitis|Bruise|Cardiotonic|Catarrh|Chest|Cold|Congestion|Cough|Cramp|Croup|Dandruff|Demulcent|Diarrhea(Veterinary)|Diuretic|Dysentery|Ear|Emollient|Expectorant|Fever|Frostbite|Fumitory|Hairblack|Inflammation|Lung|Lung(Veterinary)|Malaria|Medicine|Migraine|Mucous|Narcotic|Pectoral|Piles|Piscicide|Poultice|Ringworm|Shampoo|Sore(Throat)|Spasm|Sudorific|Sunburn|Tumor|Vulnerary,,,,,,0
Verbena litoralis,Verbena Del Campo,,phytochemical,Tumor,Dr. Duke,,,Antifertility|Bruise|Cough|Malaria|Panacea|Purgative|Tumor,,,,,,0
Verbena officinalis,Ayauhxochitl,,phytochemical,Tumor,Dr. Duke,,,Alexiteric|Amenorrhea|Aphrodisiac|Arthritis|Astringent|Bilious|Bite(Snake)|Bronchitis|Cancer|Cirrhosis|Cold|Decoagulant|Deobstruent|Depurative|Detersive|Diaphoretic|Diuretic|Dropsy|Dysmenorrhea|Eczema|Edema|Emetic|Emmenagogue|Fever|Fuel|Gall-Bladder|Hematocoele|Hepatitis|Lactogogue|Liver|Malaria|Mastitis|Nephritis|Nerves|Nervine|Pertussis|Poison|Polyp|Rheumatism|Rubefacient|Scrofula|Scurvy|Skin|Sore|Spasm|Sudorific|Tea|Tonic|Trauma|Tumor|Tumor(Scrotum)|Tumor(Throat)|Urogenital|Uterus|Vermifuge|Vulnerary|Womb|Wound,,general_toxicity;pregnancy_caution,,,,0
Vernonia anthelmintica,,,phytochemical,Tumor,Dr. Duke,,,Abortifacient|Cholera|Dysuria|Laxative|Leprosy|Skin|Syphilis|Tumor,,pregnancy_caution,,,,0
Veronica beccabunga,Brooklime,,phytochemical,Tumor,Dr. Duke,,,Alterative|Apertif|Bladder|Depurative|Diuretic|Emmenagogue|Expectorant|Scrofula|Scurvy|Skin|Stone|Sudorific|Tea|Tonic|Tumor|Vulnerary|Whitlow,,pregnancy_caution,,,,0
Veronica peregrina,Veronica,,phytochemical,Tumor,Dr. Duke,,,Tumor,,,,,,0
Viburnum sp,Viorne,,phytochemical,Tumor,Dr. Duke,,,Tumor,,,,,,0
Vicia faba,Broadbean,,phytochemical,Tumor,Dr. Duke,,,Antidote(Alcohol)|Aphrodisiac|Chest|Cyanogenetic|Diuretic|Estrogenic|Expectorant|Pneumonia|Poison|Sclerosis|Sclerosis(Heel)|Stomachic|Tonic|Tumor|Viscera|Wart,,general_toxicity,,,,0
Vicia sativa,Orobos,,phytochemical,Tumor,Dr. Duke,,,Astringent|Cancer|Diarrhea|Tumor,,,,,,0
Vigna mungo,,,phytochemical,Tumor,Dr. Duke,,,Abscess|Ache(Bones)|Antidote|Antivinous|Anus|Bladder|Boil|Carminative|Cephalgia|Cholera|Colic|Diuretic|Dropsy|Dysentery|Fever|Fistula|Gravel|Hepatitis|Impotency|Narcotic|Nerves|Poultice|Prolapse|Resolvent|Rheumatism|Scabies|Smallpox|Soap|Splenitis|Tumor|Tumor(Abdomen)|Tumor(Lachrymae),,,,,,0
Vigna unguiculata,,,phytochemical,Tumor,Dr. Duke,,,Adenopathy|Anus|Astringent|Bilious|Breath|Burn|Cyanogenetic|Diarrhea|Diuretic|Dysentery|Dysuria|Fistula|Jaundice|Kidney|Leprosy|Liver|Measles|Nausea|Neuralgia|Nutritive|Pleurisy|Pneumonia|Polyuria|Prolapse|Rinderpest|Smallpox|Sore|Stomach|Thirst|Tonic|Tumor,,,,,,0
Viola canina,,,phytochemical,Tumor,Dr. Duke,,,Expectorant|Tumor,,,,,,0
Viola pinnata,Hu Chin Ts'Ao,,phytochemical,Tumor,Dr. Duke,,,Anodyne|Cancer|Depurative|Sore|Tumor,,,,,,0
Viscum album,Anse Di Pot,,phytochemical,Tumor,Dr. Duke,,,Antiseptic|Arteriosclerosis|Arthrosis|Asthma|Astringent|Cancer|Cardiac|Cardiotonic|Chorea|Diuretic|Emetic|Epilepsy|Galactogogue|Hemorrhage|Hypertension|Hysteria|Lumbago|Malaria|Megalohepaty|Megalospleny|Metrorrhagia|Narcotic|Nervine|Otitis|Piles|Poison|Purgative|Sedative|Spasm|Styptic|Tonic|Tumor|Uterus,,general_toxicity,,,,0
Viscum articulatum,,,phytochemical,Tumor,Dr. Duke,,,Ache(Leg)|Anodyne|Aphrodisiac|Atrophy|Cachexia|Fever|Rheumatism|Syphilis|Tumor,,,,,,0
Vitex grandifolia,Ori,,phytochemical,Tumor,Dr. Duke,,,Tumor,,,,,,0
Vitis caribaea,,,phytochemical,Tumor,Dr. Duke,,,Tumor|Water,,,,,,0
Vitis setosa,,,phytochemical,Tumor,Dr. Duke,,,Tumor,,,,,,0
Vitis tiliaefolia,Ceoalchichiltic,,phytochemical,Tumor,Dr. Duke,,,Emollient|Tumor|Water,,,,,,0
Vitis trifolia,,,phytochemical,Tumor,Dr. Duke,,,Fever|Itch|Rhinosis|Sore|Tumor,,,,,,0
Voacanga foetida,,,phytochemical,Tumor,Dr. Duke,,,Fistula|Intestine|Pustule|Skin|Stomach|Tumor,,,,,,0
Waltheria douradinha,Douradinha,,phytochemical,Tumor,Dr. Duke,,,Tumor,,,,,,0
Waltheria viscosissima,,,phytochemical,Tumor,Dr. Duke,,,Tumor,,,,,,0
Widdringtonia cupressoides,,,phytochemical,Tumor,Dr. Duke,,,Tumor,,,,,,0
Widdringtonia juniperoides,,,phytochemical,Tumor,Dr. Duke,,,Tumor,,,,,,0
Withania somnifera,,,phytochemical,Tumor,Dr. Duke,,,Abortifacient|Adenopathy|Anodyne|Arthritis|Asthma|Bactericide|Bronchitis|Cancer|Candida|Cold|Contraceptive|Cough|Debility|Diuretic|Dropsy|Dyspepsia|Enema|Eye|Fever|Fungicide|Gynecopathy|Hiccup|Hypertension|Inflammation|Intestine|Lumbago|Marasmus|Narcotic|Pediculicide|Poison|Psoriasis|Rectitis|Rectum|Rennet|Rheumatism|Ringworm|Scabies|Sedative|Senility|Sore|Spasmolytic|Syphilis|Tonic|Tubercle|Tumor|Tumor(Abdomen)|Uterus|Viricide|Witchcraft|Wound,,general_toxicity;pregnancy_caution,,,,0
Xanthium orientale,Cay Be,,phytochemical,Tumor,Dr. Duke,,,Tumor,,,,,,0
Xanthium spinosum,Cepa Caballo,,phytochemical,Tumor,Dr. Duke,,,Antiseptic|Astringent|Bite(Snake)|Depurative|Diaphoretic|Diarrhea|Diuretic|Malaria|Poison|Rabies|Resolvent|Scrofula|Sialogogue|Styptic|Sudorific|Tumor,,general_toxicity,,,,0
Zanthoxylum hermaphroditum,,,phytochemical,Tumor,Dr. Duke,,,Tumor,,,,,,0
Zea mays,Maiz,,phytochemical,Tumor,Dr. Duke,,,Ache(Stomach)|Alexiteric|Alterative|Amenorrhea|Analgesic|Anodyne|Antidote(Bromine)|Antidote(Iodine)|Antiseptic|Astringent|Bright's Disease|Cardiac|Corn|Cyanogenetic|Cystitis|Demulcent|Diabetes|Diuretic|Dropsy|Dysentery|Dysmenorrhea|Excipient|Flu|Gout|Gravel|Gum|Hepatitis|Hypertension|Inflammation|Intoxicant|Liqueur|Litholytic|Lithontriptic|Menorrhagia|Metritis|Nephritis|Oliguria|Panacea|Pneumonia|Prostatitis|Renitis|Rheumatism|Shampoo|Soap|Stimulant|Stomachic|Stone|Strangury|Tumor|Urogenital|Wart,,general_toxicity,,,,0
Zephyranthes parvula,Pullapulla,,phytochemical,Tumor,Dr. Duke,,,Tumor,,,,,,0
Ziziphus lotus,Nabq,,phytochemical,Tumor,Dr. Duke,,,Tumor,,,,,,0
Ziziphus mucronata,Ekanse Adie,,phytochemical,Tumor,Dr. Duke,,,Lumbago|Tumor,,,,,,0
Ziziphus spina-christi,Paliurus,,phytochemical,Tumor,Dr. Duke,,,Ache(Tooth)|Anodyne|Astringent|Demulcent|Depurative|Emollient|Laxative|Mouthwash|Pectoral|Refrigerant|Stomachic|Tonic|Tumor,,,,,,0
Gynura pseudochina,,,phytochemical,Tumor(Breast),Dr. Duke,,,Bruise|Dysmenorrhea|Erysipelas|Pimple|Tumor(Breast),,,,,,0
Achyranthes aspera,Apamarga,,phytochemical,Tumor(Abdomen),Dr. Duke,,,Ache(Tooth)|Astringent|Atrophy|Bite(Bug)|Bite(Snake)|Bite(Tiger)|Blindness(Veterinary)|Cachexia|Cataract|Circumcision|Convulsion|Cough|Dentifrice|Diuretic|Dropsy|Dysentery|Emaciation|Emetic|Enteritis|Fever|Hematemesis|Hematochezia|Labor|Medicine|Ophthalmia|Pain|Rabies|Renitis|Rheumatism|Scabies|Scorpion|Sore|Stomatitis|Styptic|Syphilis|Tetanus|Tumor|Tumor(Abdomen)|Wound,,,,,,0
Aconitum heterophyllum,Ativisha,,phytochemical,Tumor(Abdomen),Dr. Duke,,,Aphrodisiac|Astringent|Cough|Diarrhea|Dysentery|Dyspepsia|Enteritis|Fever|Malaria|Poison|Stomach|Tonic|Tumor(Abdomen),,general_toxicity,,,,0
Aegle marmelos,Vilwa,,phytochemical,Tumor(Abdomen),Dr. Duke,,,Abdomen|Abortifacient|Ache(Stomach)|Aftosa|Alterative|Anodyne|Astringent|Bite(Snake)|Brain|Breast|Cholera|Constipation|Convulsion|Dentifrice|Diarrhea|Digestive|Dysentery|Dyspepsia|Fever|Heart|Itch|Laxative|Malaria|Nausea|Palpitation|Piscicide|Proctitis|Puerperium|Refrigerant|Restorative|Soap|Sore|Spasm|Sterilizant|Stomachic|Suppuration|Thirst|Tonic|Tumor(Abdomen),,pregnancy_caution,,,,0
Aglaia roxburghiana,Priyanguka,,phytochemical,Tumor(Abdomen),Dr. Duke,,,Astringent|Inflammation|Refrigerant|Tumor(Abdomen),,,,,,0
Alangium hexapetalum,Ramatha,,phytochemical,Tumor(Abdomen),Dr. Duke,,,Tumor(Abdomen),,,,,,0
Albizia lebbeck,Cirisha,,phytochemical,Tumor(Abdomen),Dr. Duke,,,Cough|Flu|Lung|Pectoral|Rejuvenation|Tonic|Tumor(Abdomen),,,,,,0
Alhagi pseudalhagi,Duralabha,,phytochemical,Tumor(Abdomen),Dr. Duke,,,Expectorant|Laxative|Tumor(Abdomen),,,,,,0
Allium ursinum,Ramson,,phytochemical,Tumor(Abdomen),Dr. Duke,,,Arteriosclerosis|Asthma|Carminative|Depurative|Digestive|Hypertension|Stomachic|Tonic|Tumor(Abdomen),,,,,,0
Ammi copticum,Dipyaka,,phytochemical,Tumor(Abdomen),Dr. Duke,,,Tumor(Abdomen)|Tumor(Uvula),,,,,,0
Amoora rohitaka,"Creeper,Rohita",,phytochemical,Tumor(Abdomen),Dr. Duke,,,Tumor(Abdomen),,,,,,0
Amorphophallus campanulatus,Saranah,,phytochemical,Tumor(Abdomen),Dr. Duke,,,Ache(Ear)|Anodyne|Arrow-poison|Cholera|Constipation|Diarrhea|Dysentery|Fever|Hemorrhage|Laxative|Megalospleny|Neuralgia|Piles|Pimple|Pleurisy|Pneumonia|Puerperium|Rinderpest|Septicemia|Swelling|Throat|Tumor(Abdomen),,general_toxicity,,,,0
Anthocephalus cadamba,Kadamba,,phytochemical,Tumor(Abdomen),Dr. Duke,,,Fever|Tumor(Abdomen),,,,,,0
Asparagus racemosus,Catavari,,phytochemical,Tumor(Abdomen),Dr. Duke,,,Ache(Bones)|Ache(Limb)|Aphrodisiac|Demulcent|Demulcent(Veterinary)|Diuretic|Dysentery|Dyspepsia|Fever|Glossitis|Gravel|Impotence|Lactogogue|Nerves|Pleurisy|Rheumatism|Rinderpest|Sore|Tonic|Tumor(Abdomen),,,,,,0
Bambusa sp,Tvakkshiri,,phytochemical,Tumor(Abdomen),Dr. Duke,,,Aphrodisiac|Apoplexy|Chorea|Convulsion|Epilepsy|Fever|Intellect|Paralysis|Stimulant|Tumor(Abdomen),,,,,,0
Barleria cristata,Sahachara,,phytochemical,Tumor(Abdomen),Dr. Duke,,,Cough|Inflammation|Tumor(Abdomen),,,,,,0
Barringtonia acutangula,Nichula,,phytochemical,Tumor(Abdomen),Dr. Duke,,,Cholera|Cold|Piscicide|Tumor(Abdomen),,,,,,0
Berberis asiatica,Haridra,,phytochemical,Tumor(Abdomen),Dr. Duke,,,Alterative|Aperient|Boil|Conjunctivitis|Diaphoretic|Eye|Laxative|Ophthalmia|Piles|Refrigerant|Sore|Stomachic|Tonic|Tumor(Abdomen),,,,,,0
Boerhaavia diffusa,Punarnava,,phytochemical,Tumor(Abdomen),Dr. Duke,,,Abdomen|Albuminuria|Anodyne|Antidote(Scolopendrid)|Anus|Asthma|Bright's Disease|Convulsion|Depurative|Diarrhea|Diuretic|Dropsy|Dysentery|Dysmenorrhea|Emetic|Enteritis|Epilepsy|Erysipelas|Expectorant|Fever|Fistula|Gastritis|Hysteria|Jaundice|Laxative|Malaria|Nerves|Prolapse|Purgative|Refrigerant|Smallpox|Spasm|Swelling|Tumor(Abdomen)|Vermifuge|Yaws,,,,,,0
Boswellia sp,Frankincense,,phytochemical,Tumor(Abdomen),Dr. Duke,,,Abortifacient|Alterative|Astringent|Cancer|Carminative|Diuretic|Emmenagogue|Nervine|Sedative|Stimulant|Tonic|Tumor(Abdomen),,pregnancy_caution,,,,0
Cassia sophera,Kasamardda,,phytochemical,Tumor(Abdomen),Dr. Duke,,,Ache(Head)|Eye|Fever|Furuncle|Herpes|Malaria|Medicine (Vet)|Pneumonia|Purgative|Skin|Sore|Tumor(Abdomen),,,,,,0
Cedrus deodora,Amaradaru,,phytochemical,Tumor(Abdomen),Dr. Duke,,,Tumor(Abdomen),,,,,,0
Cinnamomum tamala,Patra,,phytochemical,Tumor(Abdomen),Dr. Duke,,,Aromatic|Astringent|Carminative|Colic|Diarrhea|Sore|Tumor(Abdomen),,,,,,0
Citrus medica,Matulunga,,phytochemical,Tumor(Abdomen),Dr. Duke,,,Ache(Head)|Ache(Stomach)|Aperient|Arthritis|Astringent|Colic|Cough|Diarrhea|Dysentery|Expectorant|Fever|Insanity|Jaundice|Nausea|Pectoral|Refrigerant|Rigerant|Sclerosis(Spleen)|Stimulant|Stomachic|Syphilis|Thirst|Tonic|Tumor(Abdomen),,,,,,0
Clitoria ternatea,Cwetabhanda,,phytochemical,Tumor(Abdomen),Dr. Duke,,,Abscess|Antidote|Aperient|Apertif|Arthritis|Bite(Scorpion)|Bite(Snake)|Boil|Cathartic|Cough|Cystitis|Diuretic|Eruption|Laxative|Purgative|Refrigerant|Swelling|Tumor(Abdomen),,,,,,0
Coelogyne ovalis,Jivanti,,phytochemical,Tumor(Abdomen),Dr. Duke,,,Tumor(Abdomen),,,,,,0
Cordia myxa,Sebesten,,phytochemical,Tumor(Abdomen),Dr. Duke,,,Chest|Cough|Demulcent|Tumor(Abdomen)|Urogenital,,,,,,0
Curcuma zerumbet,Cathi,,phytochemical,Tumor(Abdomen),Dr. Duke,,,Tumor(Abdomen),,,,,,0
Desmodium gangeticum,Vidarigandha,,phytochemical,Tumor(Abdomen),Dr. Duke,,,Ache(Head)|Ache(Tooth)|Alterative|Catarrh|Diarrhea|Diuretic|Dysentery|Expectorant|Febrifuge|Fever|Gravel|Sedative|Steam-Bath|Stone|Tonic|Tumor(Abdomen)|Urogenital|Vermifuge|Vision,,,,,,0
Digitalis purpurea,Foxglove,,phytochemical,Tumor(Abdomen),Dr. Duke,,,Asthma|Bactericide|Cardiotonic|Diuretic|Dropsy|Edema|Fatality|Fever|Heart|Insanity|Neuralgia|Palpitation|Poison|Renitis|Sedative|Stimulant|Stimulant(Cardio)|Tonic|Tumor(Abdomen),,general_toxicity,,,,0
Dioscorea globosa,"Yam,Globose",,phytochemical,Tumor(Abdomen),Dr. Duke,,,Tumor(Abdomen),,,,,,0
Dolichos biflorus,Kulattha,,phytochemical,Tumor(Abdomen),Dr. Duke,,,Tumor(Abdomen),,,,,,0
Echites dichotoma,Asphota,,phytochemical,Tumor(Abdomen),Dr. Duke,,,Tumor(Abdomen),,,,,,0
Embelia ribes,Vidango Kernel,,phytochemical,Tumor(Abdomen),Dr. Duke,,,Alterative|Anthelminthic|Astringent|Carminative|Chest|Cough|Diarrhea|Diuretic|Fever|Ringworm|Skin|Stimulant|Stomachic|Taenifuge|Tonic|Tumor(Abdomen)|Vermifuge|Vermifuge?,,,,,,0
Feronia limonia,Kapittha,,phytochemical,Tumor(Abdomen),Dr. Duke,,,Alexiteric|Astringent|Cardiac|Carminative|Diarrhea|Dysentery|Gum|Indigestion|Scurvy|Stimulant|Stomachic|Throat|Tonic|Tumor(Abdomen),,,,,,0
Grewia asiatica,Parushaka,,phytochemical,Tumor(Abdomen),Dr. Duke,,,Astringent|Bactericide|Demulcent|Eruption|Refrigerant|Rheumatism|Soap|Stomachic|Tumor(Abdomen),,,,,,0
Hiptage bengalensis,Malti,,phytochemical,Tumor(Abdomen),Dr. Duke,,,Tumor(Abdomen),,,,,,0
Holarrhena antidysenterica,Kalingaka,,phytochemical,Tumor(Abdomen),Dr. Duke,,,Abscess|Ache(Stomach)|Ache(Tooth)|Amebiasis|Anemia|Anesthetic|Astringent|Bactericide|Bite(Dog)|Blood|Bronchitis|Candida|Chest|Cholera|Cold|Colic|Conception|Cough|Diarrhea|Dysentery|Dyspepsia|Epilepsy|Epistaxis|Fever|Fumitory|Gravel|Hematochezia|Hematuria|Hemorrhage|Labor|Laxative|Menorrhagia|Parturition|Piles|Puerperium|Rabies|Rennet|Skin|Spermatorrhea|Spleen|Splenitis|Stomachic|Tonic|Tuberculosis|Tumor(Abdomen)|Tumor(Glands)|Vermifuge,,,,,,0
Ichnocarpus frutescens,Sariva,,phytochemical,Tumor(Abdomen),Dr. Duke,,,Ache(Head)|Alterative|Ardor|Asthma|Atrophy|Bite(Dog)|Bite(Snake)|Bladder|Bronchitis|Cachexia|Cholera|Convulsion|Cough|Cramp|Delirium|Demulcent|Depurative|Diabetes|Diaphoretic|Diuretic|Dysentery|Dyspepsia|Fever|Gum|Hematuria|Hemorrhage|Jaundice|Laxative|Measles|Megalospleny|Night-Blindness|Palsy|Phthisis|Pimple|Skin|Smallpox|Sore|Splenitis|Stone|Syphilis|Tongue|Tonic|Tumor(Abdomen)|Tumor(Glands)|Wound,,,,,,0
Ipomoea digitata,Vidari,,phytochemical,Tumor(Abdomen),Dr. Duke,,,Alterative|Aphrodisiac|Bronchitis|Cholagogue|Demulcent|Diuretic|Emaciation|Expectorant|Fever|Hepatitis|Lactagogue|Lactogogue|Menorrhagia|Poison|Rennet|Splenitis|Swelling|Tonic|Tuberculosis|Tumor(Abdomen),,general_toxicity,,,,0
Ipomoea reniformis,Dravanti,,phytochemical,Tumor(Abdomen),Dr. Duke,,,Tumor(Abdomen),,,,,,0
Ipomoea turpethum,Trivrit,,phytochemical,Tumor(Abdomen),Dr. Duke,,,Cathartic|Laxative|Purgative|Tumor(Abdomen)|Vermifuge,,,,,,0
Justicia adhatoda,Vrisha,,phytochemical,Tumor(Abdomen),Dr. Duke,,,Alterative|Asthma|Bronchitis|Cough|Expectorant|Fever|Spasm|Tuberculosis|Tumor(Abdomen),,,,,,0
Madhuca indica,Madhuka,,phytochemical,Tumor(Abdomen),Dr. Duke,,,Anodyne|Antidote|Bite(Snake)|Blister|Breast|Bronchitis|Cachexia|Cholera|Cough|Dubdubia|Dysuria|Fever|Fistula|Gingivitis|Intestine|Laxative|Phthisis|Pimple|Smallpox|Sting(Bee)|Suppuration|Tuberculosis|Tumor(Abdomen)|Wound,,,,,,0
Mallotus philippensis,Kampillaka,,phytochemical,Tumor(Abdomen),Dr. Duke,,,Antifertility|Antioxidant|Bactericide|Cyanogenetic|Hair-Oil|Herpes|Lithontriptic|Parasiticide|Piscicide|Poison|Ringworm|Scabies|Skin|Sore|Styptic|Taenifuge|Tumor(Abdomen)|Vermifuge,antioxidant,general_toxicity,,,,0
Mesua ferrea,Kacara,,phytochemical,Tumor(Abdomen),Dr. Duke,,,Astringent|Bactericide|Candida|Cosmetic|Cough|Fungicide|Medicine|Parturition|Piles|Rheumatism|Skin|Soap|Stomachic|Sudorific|Tumor(Abdomen)|Wound,,,,,,0
Michelia champaca,Surabhi,,phytochemical,Tumor(Abdomen),Dr. Duke,,,Alterative|Angina|Anodyne|Asthma|Bronchitis|Carbuncle|Cephalgia|Cholera|Colic|Cosmetic|Cough|Demulcent|Deobstruent|Diuretic|Dysentery|Dyspepsia|Dysuria|Emmenagogue|Fever|Gonorrhea|Gout|Gravel|Hair-Oil|Halitosis|Hematochezia|Malaria|Menorrhagia|Ophthalmia|Ozoena|Parturition|Perfume|Phthisis|Puerperium|Purgative|Renitis|Rheumatism|Rinderpest|Sore|Spasm|Spermatorrhea|Stimulant|Stomachic|Thirst|Tuberculosis|Tumor(Abdomen),,pregnancy_caution,,,,0
Myrica nagi,Katphala,,phytochemical,Tumor(Abdomen),Dr. Duke,,,Piscicide|Tumor(Abdomen),,,,,,0
Nardostachys jatamansi,Mansi,,phytochemical,Tumor(Abdomen),Dr. Duke,,,Arrhythmia|Bronchitis|CNS depressant|Carminative|Cholera|Chorea|Convulsion|Cordial|Cosmetic|Cough|Delirium|Deobstruent|Deodorant|Diuretic|Dysentery|Emmenagogue|Epilepsy|Fainting|Hair-Tonic|Hairblack|Hypertension|Hysteria|Laxative|Madness|Medicine|Nerves|Nervine|Palpitation|Parturition|Perfume|Pilatory|Sclerosis|Sedative|Skin|Smallpox|Sore|Spasm|Stimulant|Stomachic|Tachycardia|Tonic|Tuberculosis|Tumor(Abdomen),,pregnancy_caution,,,,0
Nelumbo nucifera,"Lotus,Blue",,phytochemical,Tumor(Abdomen),Dr. Duke,,,Abdomen|Alcoholism|Antidote|Antiemetic|Bacteriostat|Bruise|Cancer(Cervix)|Chest|Cholera|Circulation|Complexion|Cosmetic|Decoagulant|Demulcent|Deobstruent|Depurative|Diarrhea|Diuretic|Dysentery|Dyspepsia|Ejaculation|Enteritis|Epistaxis|Fever|Flux|Gonorrhea|Hairblack|Heart|Hematemesis|Hematochezia|Hematuria|Hemoptysis|Hemorrhage|Hemostat|Insomnia|Intellect|Intestine|Labor|Leucorrhea|Medicine|Metrorrhagia|Neurasthenia|Panacea|Post-Partum|Puerperium|Refrigerant|Ringworm|Sclerosis(Limb)|Sedative|Semen|Skin|Smallpox|Spasm|Spermatorrhea|Spleen|Stomachic|Sunstroke|Tonic|Tumor(Abdomen)|Vermifuge|Vertigo|Virility,,,,,,0
Ocimum sanctum,Surasa,,phytochemical,Tumor(Abdomen),Dr. Duke,,,Ache(Ear)|Ache(Stomach)|Anasarca|Bactericide|Bite(Dog)|Bite(Snake)|Bronchitis|Catarrh|Cholera|Cold|Collapse|Collyrium|Conjunctivitis|Cough|Demulcent|Diaphoretic|Dropsy|Expectorant|Febrifuge|Fever|Gastritis|Gastrosis|Gravel|Hemiplegia|Hemorrhage|Insecticide|Labor|Lactagogue|Laxative|Malaria|Nausea|Ophthalmia|Parturition|Puerperium|Rabies|Repellant(Insect)|Rheumatism|Ringworm|Septicemia|Skin|Stimulant|Tuberculosis|Tumor|Tumor(Abdomen)|Urogenital,,,,,,0
Oldenlandia biflora,Parppataka,,phytochemical,Tumor(Abdomen),Dr. Duke,,,Tumor(Abdomen),,,,,,0
Oldenlandia corymbosa,Parpata,,phytochemical,Tumor(Abdomen),Dr. Duke,,,Bilious|Fever|Hepatitis|Hepatomegaly|Jaundice|Lymphadenitis|Neophasia|Ophthalmia|Sore|Splenomegaly|Tumor(Abdomen),,,,,,0
Oroxylum indicum,Syonaka,,phytochemical,Tumor(Abdomen),Dr. Duke,,,Ache(Head)|Ache(Stomach)|Ache(Tooth)|Anthrax|Antiseptic|Astringent|Bite(Snake)|Cholera|Colic|Diaphoretic|Diarrhea|Diuretic|Dysentery|Dyslactation|Dyspepsia|Dysuria|Enterosis|Epilepsy|Fever|Gastrosis|Otorrhea|Parturition|Pimple|Puerperium|Purgative|Rheumatism|Rinderpest|Sore|Splenomegaly|Stomach|Stomachic|Swelling|Tonic|Tonsillitis|Tumor(Abdomen)|Urticaria|Vermicide|Vertigo|Wound(Veterinary),,,,,,0
Pavonia odorata,Ambu,,phytochemical,Tumor(Abdomen),Dr. Duke,,,Astringent|Dysentery|Enterorrhagia|Fever|Inflammation|Intestine|Refrigerant|Stomachic|Tumor(Abdomen),,,,,,0
Pentapetes phoenicea,Bandhujiva,,phytochemical,Tumor(Abdomen),Dr. Duke,,,Bronchitis|Cough|Dysentery|Emollient|Fever|Labor|Tuberculosis|Tumor(Abdomen),,,,,,0
Phyllanthus emblica,Amlaka,,phytochemical,Tumor(Abdomen),Dr. Duke,,,Ache(Tooth)|Acrid|Anemia|Anodyne|Anthrax|Bactericide|Candida|Carbuncle|Cholera|Convulsion|Diarrhea|Dysentery|Epilepsy|Fever|Fistula|Fungicide|Gonorrhea|Gravel|Laxative|Pimple|Purgative|Rinderpest|Sore|Sterility(Female)|Sweetener|Thirst|Tubercle|Tumor(Abdomen),,,,,,0
Phyllanthus niruri,Tamalaka,,phytochemical,Tumor(Abdomen),Dr. Duke,,,Ache(Stomach)|Apertif|Blennorrhagia|Carminative|Colic|Cough|Dermatosis|Diabetes|Diarrhea|Digestive|Diuretic|Dropsy|Dysentery|Dyspepsia|Emmenagogue|Fever|Flu|Gonorrhea|Itch|Kidney|Laxative|Malaria|Medicine|Miscarriage|Piscicide|Poultice|Rectitis|Renosis|Sting(Caterpillar)|Stomachic|Syphilis|Tenesmus|Tonic|Tumor(Abdomen)|Typhoid|Vaginitis|Vertigo,,pregnancy_caution,,,,0
Pimpinella involucrata,Ajamoda,,phytochemical,Tumor(Abdomen),Dr. Duke,,,Tumor(Abdomen),,,,,,0
Pinus roxburghii,Sarala,,phytochemical,Tumor(Abdomen),Dr. Duke,,,Antiseptic|Arthritis|Bactericide|Boil|Bronchitis|Carminative|Colic|Dysuria|Epistaxis|Expectorant|Fracture|Gangrene|Gonorrhea|Hemorrhage|Inflammation|Lumbago|Lung|Neuralgia|Rheumatism|Rubefacient|Sprain|Stimulant|Stomachic|Swelling|Tumor(Abdomen)|Tympanitis|Vermicide,,,,,,0
Piper aurantiacum,Harenu,,phytochemical,Tumor(Abdomen),Dr. Duke,,,Tumor(Abdomen),,,,,,0
Piper chaba,Chavya,,phytochemical,Tumor(Abdomen),Dr. Duke,,,Parturition|Piles|Tumor(Abdomen),,,,,,0
Plumbago zeylanica,Chitraka,,phytochemical,Tumor(Abdomen),Dr. Duke,,,Abortifacient|Abortive|Abscess|Ache(Head)|Anasarca|Bactericide|Candida|Counterirritant|Dermatosis|Diarrhea|Digestive|Diuretic|Dyspepsia|Emmenagogue|Enema|Expectorant|Fever|Flu|Funereal|Fungicide|Itch|Leprosy|Malaria|Parturition|Piles|Rheumatism|Ringworm|Skin|Sore|Splenitis|Swelling|Tonic|Tumor|Tumor(Abdomen)|Tumor(Glands)|Vermifuge|Vesicant|Wart,,pregnancy_caution,,,,0
Premna integrifolia,Ganikarika,,phytochemical,Tumor(Abdomen),Dr. Duke,,,Ache(Head)|Deodorant|Fever|Lactagogue|Pneumonia|Tumor(Abdomen),,,,,,0
Rhus succedanea,Karkata,,phytochemical,Tumor(Abdomen),Dr. Duke,,,Antidote(Varnish)|Antivinous|Astringent|Cardiotonic|Cholagogue|Diarrhea|Dysentery|Expectorant|Fever|Ointment-Base|Ophthalmia|Poison|Pthisis|Stimulant|Sympathomimetic|Tonic|Tumor(Abdomen),,general_toxicity,,,,0
Ruellia longifolia,Kokilaksha,,phytochemical,Tumor(Abdomen),Dr. Duke,,,Tumor(Abdomen),,,,,,0
Rumex vesicarius,Amlaveterinaryasa,,phytochemical,Tumor(Abdomen),Dr. Duke,,,Alterative|Astringent|Depurative|Laxative|Poison|Scurvy|Sedative|Tonic|Tumor(Abdomen),,general_toxicity,,,,0
Sanguisorba officinalis,Pimpernel,,phytochemical,Tumor(Abdomen),Dr. Duke,,,Anodyne|Apertif|Astringent|Burn|Cordial|Diarrhea|Diuretic|Dysentery|Enterorrhagia|Fever|Furunculosis|Hematemesis|Hematochezia|Hemoptysis|Hemorrhage|Hemostat|Hemostatic|Inflammation|Internulcer|Parturition|Piles|Sore|Stomachic|Styptic|Sudorific|Tonic|Tumor(Abdomen)|Uterus|Vulnerary,,,,,,0
Sansevieria zeylanica,Murva,,phytochemical,Tumor(Abdomen),Dr. Duke,,,Tumor(Abdomen),,,,,,0
Seseli indicum,Dipyaka,,phytochemical,Tumor(Abdomen),Dr. Duke,,,Candida|Fungicide|Tumor(Abdomen),,,,,,0
Sida spinosa,Bala,,phytochemical,Tumor(Abdomen),Dr. Duke,,,Astringent|Bladder|Debility|Demulcent|Diaphoretic|Fever|Gleet|Gonorrhea|Hyperglycemia|Refrigerant|Tonic|Tumor(Abdomen),,,,,,0
Solanum indicum,Vrihati,,phytochemical,Tumor(Abdomen),Dr. Duke,,,Ache(Tooth)|Colic|Diuretic|Fever|Rhinosis|Sore|Tumor(Abdomen),,,,,,0
Stephania hernandifolia,Patha,,phytochemical,Tumor(Abdomen),Dr. Duke,,,Abdomen|Ache(Tooth)|Arthritis|Carminative|Gingivitis|Laryngitis|Poison|Refrigerant|Rheumatism|Tumor(Abdomen),,general_toxicity,,,,0
Tabernaemontana coronaria,Nata,,phytochemical,Tumor(Abdomen),Dr. Duke,,,Anodyne|Tumor(Abdomen)|Vermifuge,,,,,,0
Terminalia chebula,Abhaya,,phytochemical,Tumor(Abdomen),Dr. Duke,,,Aperient|Asthma|Astringent|Bronchitis|Burn|Cancer(Esophagus)|Candida|Cardiotonic|Carminative|Collyrium|Conjunctivitis|Cough|Demulcent|Deobstruent|Diarrhea|Dysentery|Dysuria|Ejaculation|Energy|Enterorrhagia|Evil eye|Eye|Fumitory|Fungicide|Gum|Hair-Dye|Hematofeces|Hematuria|Hoarseness|Inflammation|Laxative|Leucorrhea|Lung|Measles|Metritis|Metrorrhagia|Prolapse|Rectum|Scald|Sore(Throat)|Splenitis|Splenomegaly|Sweat|Syphilis|Tonic|Tumor(Abdomen)|Tumor(Lachrymae)|Ulcer|Wet-Dream,,,,,,0
Trichosanthes cucumerina,,,phytochemical,Tumor(Abdomen),Dr. Duke,,,Ache(Head)|Alopecia|Alterative|Bilious|Boil|Bronchitis|Cathartic|Emetic|Fever|Hemagglutinant|Hydragogue|Laxative|Malaria|Refrigerant|Stomachic|Tumor(Abdomen)|Vermifuge,,,,,,0
Vanda roxburghii,Rasna,,phytochemical,Tumor(Abdomen),Dr. Duke,,,Ache(Ear)|Dyspepsia|Eye|Rheumatism|Sore|Tumor(Abdomen)|Urticaria,,,,,,0
Aloe arabica,Sabr,,phytochemical,Tumor(Anus),Dr. Duke,,,Tumor(Anus),,,,,,0
Cistus ladaniferus,Ladanum,,phytochemical,Tumor(Anus),Dr. Duke,,,Astringent|Bronchitis|Dropsy|Dysentery|Fumigant|Hemostat|Hernia|Insecticide|Nervine|Purgative|Soap|Stimulant|Tumor(Anus),,,,,,0
Sabal mexicanum,Xan,,phytochemical,Tumor(Arm),Dr. Duke,,,Tumor(Arm),,,,,,0
Euphorbia prostrata,Golondrino,,phytochemical,Tumor(Armpit),Dr. Duke,,,Abscess|Corn|Diarrhea|Enteritis|Excrescence|Pimple|Scorpion|Tumor(Armpit),,,,,,0
Asparagus officinalis,Asparagus,,phytochemical,Tumor(Bladder),Dr. Duke,,,Ache(Back)|Ache(Tooth)|Aperient|Aphrodisiac|Asthenia|Bladder|Cardiac|Debility|Demulcent|Deobstruent|Depurative|Diuretic|Dropsy|Fattening|Gout|Heart|Hepatitis|Hydropsy|Hypertension|Kidney|Liver|Lumbago|Lung|Neurasthenia|Parasiticide|Purgative|Rheumatism|Sedative|Stone|Thigh|Tumor(Bladder),,,,,,0
Pinus pinea,"Pine,Stone",,phytochemical,Tumor(Bladder),Dr. Duke,,,Tumor(Bladder),,,,,,0
Asphodelus ramosus,Asphodel,,phytochemical,Tumor(Breast),Dr. Duke,,,Diuretic|Emmenagogue|Tumor(Breast),,pregnancy_caution,,,,0
Basella alba,Tian Kui Zi,,phytochemical,Tumor(Breast),Dr. Duke,,,Acne|Cosmetic|Demulcent|Emollient|Hepatoma|Intestine|Leukemia|Lymphoma|Nose|Rhinitis|Sore|Syphilis|Tumor(Breast),,,,,,0
Cordia dichotoma,,,phytochemical,Tumor(Breast),Dr. Duke,,,Astringent|Chest|Demulcent|Diuretic|Dysentery|Dyspepsia|Expectorant|Fever|Piscicide|Ringworm|Tumor(Breast)|Urogenital,,,,,,0
Cynanchum vincetoxicum,Swallowwort,,phytochemical,Tumor(Breast),Dr. Duke,,,Diaphoretic|Dropsy|Emetic|Medicine(Veterinary)|Sudorific|Tumor(Breast),,,,,,0
Epimedium alpinum,,,phytochemical,Tumor(Breast),Dr. Duke,,,Refrigerant|Sudorific|Tumor(Breast),,,,,,0
Ferula communis,"Fennel,Giant",,phytochemical,Tumor(Breast),Dr. Duke,,,Tumor(Breast),,,,,,0
Galium asprellum,"Bedstraw,Rough",,phytochemical,Tumor(Breast),Dr. Duke,,,Tumor(Breast),,,,,,0
Gynura bulbosa,Cay Tam That,,phytochemical,Tumor(Breast),Dr. Duke,,,Tumor(Breast),,,,,,0
Heliotropium sp,Totecyxiuh,,phytochemical,Tumor(Breast),Dr. Duke,,,Cough|Tumor(Breast),,,,,,0
Hemerocallis fulva,Hsuan Ts'Ao,,phytochemical,Tumor(Breast),Dr. Duke,,,Anodyne|Depurative|Diuretic|Dropsy|Dysuria|Fever|Hemostatic|Intoxicant|Jaundice|Lithiasis|Parturition|Piles|Stimulant|Tumor|Tumor(Breast)|Ulcer,,general_toxicity,,,,0
Hemerocallis minor,Hsuan Ts'Ao,,phytochemical,Tumor(Breast),Dr. Duke,,,Tumor(Breast),,,,,,0
Iresine celosia,,,phytochemical,Tumor(Breast),Dr. Duke,,,Cyst|Erysipelas|Fibroma(Cervix)|Ovary|Stomach|Tumor(Breast),,,,,,0
Leonurus macranthus,,,phytochemical,Tumor(Breast),Dr. Duke,,,Blood|Puerperium|Tumor(Breast),,,,,,0
Lepidium sativum,,,phytochemical,Tumor(Breast),Dr. Duke,,,Ache(Stomach)|Alterative|Anodyne|Antiscorbutic|Apertif|Aphrodisiac|Asthma|Bronchitis|Colic|Cough|Cyanogenetic|Depurative|Diarrhea|Diuretic|Dysentery|Dysuria|Emmenagogue|Gravel|Heart|Hepatitis|Lactagogue|Laxative|Liver|Myalgia|Phthisis|Piles|Pleuritis|Pneumonia|Polyp(Nose)|Renitis|Rubefacient|Scurvy|Sprain|Syphilis|Tenesmus|Thirst|Tonic|Tumor(Breast)|Wen,,pregnancy_caution,,,,0
Mentha crispa,"Mint,Roman",,phytochemical,Tumor(Breast),Dr. Duke,,,Tumor(Breast),,,,,,0
Mentha gentilis,"Mint,Roman",,phytochemical,Tumor(Breast),Dr. Duke,,,Tumor(Breast),,,,,,0
Narcissus poeticus,Nardschis,,phytochemical,Tumor(Breast),Dr. Duke,,,Perfume|Sclerosis|Sclerosis(Uterus)|Tumor(Breast)|Tumor(Ear)|Tumor(Uterus),,,,,,0
Newbouldia laevis,Osensenama,,phytochemical,Tumor(Breast),Dr. Duke,,,Ache(Ear)|Ache(Head)|Ache(Tooth)|Anodyne|Antiseptic|Bite(Snake)|Breast|Chest|Colic|Collyrium|Convulsion|Coryza|Dysentery|Dysmenorrhea|Elephantiasis|Epilepsy|Eye|Fever|Heart|Hemorrhage|Impotency|Lactogogue|Laxative|Malaria|Megalospleny|Orchitis|Parturition|Piles|Rheumatism|Scrotum|Sinusitis|Sore|Stomachic|Swelling|Syphilis|Tonic|Tumor|Tumor(Breast)|Uterus|Vermifuge,,,,,,0
Physalis minima,,,phytochemical,Tumor(Breast),Dr. Duke,,,Ache(Head)|Diuretic|Enterosis|Fever|Gonorrhea|Intoxicant|Purgative|Sore|Tonic|Tumor(Breast)|Vermifuge|Wound,,general_toxicity,,,,0
Saponaria vaccaria,,,phytochemical,Tumor(Breast),Dr. Duke,,,Abscess|Alterative|Amebiasis|Bactericide|Cough|Depurative|Diaphoretic|Discutient|Diuretic|Emetic|Emmenagogue|Expectorant|Fever|Furuncle|Galactogogue|Hepatitis|Jaundice|Lactogogue|Lymphangitis|Poison|Rheumatism|Scabies|Scrofula|Shampoo|Skin|Soap|Sore|Styptic|Sudorific|Tonic|Tumor(Breast)|Venereal|Vulnerary|Wound,,general_toxicity;pregnancy_caution,,,,0
Semiaquilegia adoxoides,Tian Kui Zi,,phytochemical,Tumor(Breast),Dr. Duke,,,Abscess|Alexiteric|Antidote|Bite(Snake)|Cystitis|Dermatitis|Diuretic|Fever|Hepatoma|Inflammation|Leukemia|Lymphoma|Mastitis|Oliguria|Tumor(Breast)|Venereal,,,,,,0
Sphaeranthus africanus,,,phytochemical,Tumor(Breast),Dr. Duke,,,Ache(Tooth)|Alterative|Bowel|Chest|Cough|Depurative|Emollient|Gastritis|Hepatitis|Insecticide|Piles|Repellant(Insect)|Resolvent|Sore(Throat)|Styptic|Tonic|Tuberculosis|Tumor(Breast)|Vermifuge,,,,,,0
Sphaeranthus cochinchinensis,,,phytochemical,Tumor(Breast),Dr. Duke,,,Tumor(Breast),,,,,,0
Taraxacum mongoliocum,Pu Gong Ying,,phytochemical,Tumor(Breast),Dr. Duke,,,Tumor(Breast),,,,,,0
Amyris hafa,Smyrna,,phytochemical,Tumor(Ear),Dr. Duke,,,Tumor(Ear),,,,,,0
Glaucium corniculatum,"Poppy,Horned",,phytochemical,Tumor(Eye),Dr. Duke,,,Cathartic|Demulcent|Hydragogue|Purgative|Sedative|Tonic|Tumor(Eye)|Tumor(Umbilicus),,,,,,0
Morus alba,Mora,,phytochemical,Tumor(Fauces),Dr. Duke,,,Ache(Arm)|Ache(Head)|Antidote(Centipede)|Antidote(Spider)|Antiphlogistic|Antitussive|Antivinous|Aphthae|Asthma|Astringent|Bactericide|Bite(Bug)|Bite(Snake)|Bronchitis|Cachexia|Circulation|Cold|Constipation|Cough|Debility|Depurative|Dermatosis|Diaphoretic|Diarrhea|Diuretic|Drooling|Dropsy|Dyspepsia|Edema|Emollient|Epilepsy|Escharotic|Expectorant|Fever|Fungicide|Gargle|Gonorrhea|Hair-Tonic|Hairblack|Hyperglycemia|Hypertension|Inflammation|Insomnia|Intellect|Intestine|Lactagogue|Laxative|Melancholy|Menorrhagia|Nerves|Nervine|Neurasthenia|Oliguria|Ophthalmia|Pectoral|Perspiration|Phthisis|Poison|Preventitive(Cold)|Psoriasis|Purgative|Refrigerant|Restorative|Sedative|Senility|Skin|Sore|Sore(Throat)|Stomatitis|Thirst|Throat|Tonic|Tumor(Fauces)|Tumor(Lung)|Vermifuge|Vertigo|Wound,,general_toxicity,,,,0
Cryptolepis reticulata,,,phytochemical,Tumor(Feet),Dr. Duke,,,Tumor(Feet),,,,,,0
Lithraea molleoides,,,phytochemical,Tumor(Feet),Dr. Duke,,,Tumor(Feet),,,,,,0
Piper eucalyptiifolium,Batys,,phytochemical,Tumor(Feet),Dr. Duke,,,Tumor(Feet),,,,,,0
Schinus antarthriticus,Aroeira,,phytochemical,Tumor(Feet),Dr. Duke,,,Tumor(Feet),,,,,,0
Tilia cordata,Tiyou,,phytochemical,Tumor(Feet),Dr. Duke,,,Anodyne|Demulcent|Diaphoretic|Diuretic|Expectorant|Fumitory|Gargle|Mouthwash|Nervine|Spasm|Stimulant|Stomachic|Sudorific|Tea|Tonic|Tumor(Feet),,,,,,0
Pinus edulis,Trememtina De Pinon,,phytochemical,Tumor(Finger),Dr. Duke,,,Antiseptic|Bandage|Bite(Bug)|Boil|Laryngitis|Myalgia|Pneumonia|Poultice|Sore|Sore(Throat)|Suppurative|Swelling|Syphilis|Tumor(Finger)|Wound,,,,,,0
Portulaca quadrifida,,,phytochemical,Tumor(Foot),Dr. Duke,,,Abdomen|Abscess|Alopecia|Asthma|Bladder|Boil|Cold|Cough|Diuretic|Emetic|Erysipelas|Fever|Inflammation|Kidney|Lung|Piles|Scurvy|Skin|Sore|Tumor(Foot)|Urogenital,,,,,,0
Paris quadrifolia,Einbeere,,phytochemical,Tumor(Genital),Dr. Duke,,,Ache(Head)|Emetic|Gout|Hairblack|Homeopathy|Longevity|Narcotic|Neuralgia|Palpitation|Poison|Preventitive|Purgative|Rheumatism|Spasm|Tumor(Genital),,general_toxicity,,,,0
Adhatoda vasica,Vasa,,phytochemical,Tumor(Glands),Dr. Duke,,,Algicide|Antiseptic|Asthma|Bronchitis|Cough|Expectorant|Fever|Insecticide|Jaundice|Spasm|Tuberculosis|Tumor(Glands),,,,,,0
Alhagi maurorum,Dhanvayavashaka,,phytochemical,Tumor(Glands),Dr. Duke,,,Bilious|Polyp(Nose)|Tumor(Glands),,,,,,0
Citrus limon,Limon,,phytochemical,Tumor(Glands),Dr. Duke,,,Apertif|Arteriosclerosis|Carminative|Cold|Corn|Diaphoretic|Diarrhea|Digestive|Diuretic|Dysentery|Epilepsy|Fever|Inflammation|Pneumonia|Rheumatism|Rubefacient|Scurvy|Sedative|Shampoo|Spleen|Stimulant|Stomach|Stomachic|Tonic|Tumor(Glands)|Wart,,,,,,0
Melilotus indica,Steenklaver,,phytochemical,Tumor(Glands),Dr. Duke,,,Ache(Stomach)|Astringent|Bowel|Diarrhea|Discutient|Emollient|Narcotic|Swelling|Tumor|Tumor(Glands),,,,,,0
Pimpinella saxifraga,Burnet Saxifrage,,phytochemical,Tumor(Glands),Dr. Duke,,,Antiphlogistic|Apertif|Carminative|Diarrhea|Digestive|Diuretic|Dyspepsia|Emmenagogue|Epistaxis|Expectorant|Lactogogue|Nervine|Spice|Stomachic|Sudorific|Tumor|Tumor(Glands)|Wound,,pregnancy_caution,,,,0
Euphorbia lasiocaula,,,phytochemical,Tumor(Groin),Dr. Duke,,,Cough|Smallpox|Tumor(Groin)|Tumor(Neck),,,,,,0
Stellera chamaejasme,,,phytochemical,Tumor(Groin),Dr. Duke,,,Tumor(Groin)|Tumor(Neck),,,,,,0
Lycium europeum,Mater Silvi,,phytochemical,Tumor(Gum),Dr. Duke,,,Tumor(Gum),,,,,,0
Papaver orientale,,,phytochemical,Tumor(Heart),Dr. Duke,,,Anodyne|CNS depressant|CNS stimulant|Sudorific|Tumor(Heart),,,,,,0
Eupatorium cannabinum,,,phytochemical,Tumor(Intestine),Dr. Duke,,,Alterative|Anodyne|Apertif|Bilious|Cancer|Catarrh|Cathartic|Cholagogue|Depurative|Discutient|Diuretic|Dropsy|Emetic|Emmenagogue|Fever|Flu|Laxative|Medicine|Nervine|Scurvy|Sore|Sudorific|Tonic|Tumor(Intestine)|Tumor(Scrotum)|Vermifuge|Vulnerary,,pregnancy_caution,,,,0
Amyris elemifera,Gum Elemi,,phytochemical,Tumor(Joint),Dr. Duke,,,Fever|Flu|Puerperium|Sore|Tumor(Joint)|Wound,,,,,,0
Cayaponia ficifolia,Tayuya,,phytochemical,Tumor(Joint),Dr. Duke,,,Tumor(Joint),,,,,,0
Curcuma caesia,,,phytochemical,Tumor(Joint),Dr. Duke,,,Balsamic|Bruise|Carminative|Cosmetic|Sprain|Stimulant|Tumor(Joint),,,,,,0
Montrichardia arborescens,Aninga,,phytochemical,Tumor(Joint),Dr. Duke,,,Abscess|Boil|Corn|Diuretic|Erysipelas|Gout|Poultice|Sore|Tumor(Joint)|Tumor(Testicle)|Ulcer|Wart,,,,,,0
Palicourea diuretica,,,phytochemical,Tumor(Joint),Dr. Duke,,,Tumor(Joint),,,,,,0
Palicourea rigida,Gritadeira Do Campo,,phytochemical,Tumor(Joint),Dr. Duke,,,Tumor(Joint)|Tumor(Limb),,,,,,0
Philodendron grandifolium,,,phytochemical,Tumor(Joint),Dr. Duke,,,Tumor(Joint)|Tumor(Testicle),,,,,,0
Philodendron hederaceum,,,phytochemical,Tumor(Joint),Dr. Duke,,,Poison|Tumor(Joint)|Tumor(Testicle),,general_toxicity,,,,0
Philodendron imbe,Sipo De Imbe,,phytochemical,Tumor(Joint),Dr. Duke,,,Arthritis|Boil|Castration|Cataplasm|Edema|Orchitis|Orechtites|Poison|Poultice|Rheumatism|Rubefacient|Tumor(Joint)|Tumor(Testicle),,general_toxicity,,,,0
Philodendron oblongum,,,phytochemical,Tumor(Joint),Dr. Duke,,,Tumor(Joint)|Tumor(Testicle),,,,,,0
Pueraria tuberosa,,,phytochemical,Tumor(Joint),Dr. Duke,,,Arthritis|Fever|Gravel|Lactogogue|Menorrhagia|Swelling|Syphilis|Tumor(Joint),,,,,,0
Sambucus ebulus,Ine,,phytochemical,Tumor(Joint),Dr. Duke,,,Alterative|Aperient|Diaphoretic|Diuretic|Dropsy|Expectorant|Laxative|Poison|Purgative|Sudorific|Tea|Tumor(Joint)|Tumor(Thigh),,general_toxicity,,,,0
Muscari sp,Bolbous,,phytochemical,Tumor(Lachrymae),Dr. Duke,,,Tumor(Lachrymae),,,,,,0
Peucedanum cervaria,Bergpetersilie,,phytochemical,Tumor(Larynx),Dr. Duke,,,Abdomen|Diuretic|Dropsy|Emmenagogue|Fever|Gout|Malaria|Stomach|Tumor(Larynx),,pregnancy_caution,,,,0
Byrsonima crassifolia,Nanche,,phytochemical,Tumor(Leg),Dr. Duke,,,Alexiteric|Astringent|Atony|Bite(Snake)|Cold|Colitis|Denture|Diarrhea|Diuretic|Fever|Fungus|Gastritis|Intestine|Liqueur|Metrorrhagia|Piscicide|Pyorrhea|Skin|Sore|Tumor(Leg),,,,,,0
Sphacele campanulata,Alwe L Awen,,phytochemical,Tumor(Limb),Dr. Duke,,,Tumor(Limb),,,,,,0
Ajuga iva,Chamaepitys,,phytochemical,Tumor(Liver),Dr. Duke,,,Spasm|Tumor(Liver),,,,,,0
Amomum granum-paradisi,Amomum,,phytochemical,Tumor(Liver),Dr. Duke,,,Tumor(Liver),,,,,,0
Cephalanthera sp,Efibaktis,,phytochemical,Tumor(Liver),Dr. Duke,,,Tumor(Liver),,,,,,0
Costus arabicus,Costus,,phytochemical,Tumor(Liver),Dr. Duke,,,Tumor(Liver),,,,,,0
Curcuma zedoaria,Seduer,,phytochemical,Tumor(Liver),Dr. Duke,,,Antidote|Bruise|Carminative|Cold|Colic|Convalescence|Dyspepsia|Hepatomegaly|Liqueur|Lymphadenitis|Neophasia|Parturition|Splenomegaly|Sprain|Stimulant|Stomachic|Tonic|Tumor|Tumor(Liver),,,,,,0
Epipactis sp,Helleborine,,phytochemical,Tumor(Liver),Dr. Duke,,,Tumor(Liver),,,,,,0
Geum urbanum,Benedicte,,phytochemical,Tumor(Liver),Dr. Duke,,,Ague|Anodyne|Antiseptic|Astringent|Cachexia|Catarrh|Chill|Constipation|Debility|Diarrhea|Digestive|Diuretic|Dysentery|Dyspepsia|Esophagus|Fever|Halitosis|Hypochondria|Leucorrhea|Malaria|Odontitis|Sedative|Sore(Throat)|Stomachic|Styptic|Tonic|Tumor(Liver),,,,,,0
Juncus sp,Ciperum,,phytochemical,Tumor(Liver),Dr. Duke,,,Tumor(Liver),,,,,,0
Astragalus membranaceus,Huang Qi,,phytochemical,Tumor(Lung),Dr. Duke,,,Anorexia|Anydrotic|Arthritis|Bactericide|Cardiotonic|Cold|Debility|Diuretic|Edema|Hyperglycemia|Numbness|Oliguria|Prolapse|Rectocele|Tonic|Tumor(Lung)|Uterus,,,,,,0
Codonopsis lanceolata,Shan Hai Luo,,phytochemical,Tumor(Lung),Dr. Duke,,,Abscess|Alexiteric|Amenorrhea|Boil|Expectorant|Lactogogue|Lung|Lymphadenopathy|Metroxenia|Tumor(Lung),,,,,,0
Cycas revoluta,Tie Shu Ye,,phytochemical,Tumor(Lung),Dr. Duke,,,Emmenagogue|Expectorant|Fattening|Hemostat|Hepatoma|Tonic|Tumor(Lung),,pregnancy_caution,,,,0
Fritillaria thunbergii,Bei Mu,,phytochemical,Tumor(Lung),Dr. Duke,,,Ache(Stomach)|Antiemetic|Cancer(Thyroid)|Drainage|Hyperacidity|Hypertension|Hypotension|Lactogogue|Ornament|Tumor(Lung),,,,,,0
Gardenia jasminoides,Zhi Zi,,phytochemical,Tumor(Lung),Dr. Duke,,,Ache(Head)|Ache(Tooth)|Alexiteric|Antiphlogistic|Antiseptic|Canker|Cathartic|Cholagogue|Diuretic|Dysentery|Dyspepsia|Emetic|Epistaxis|Febrifuge|Fever|Flu|Hematemesis|Hematuria|Hepatitis|Inflammation|Jaundice|Kidney|Lung|Mastitis|Nerves|Refrigerant|Sore|Spasm|Stimulant|Sty|Tumor(Lung)|Tumor(Nose)|Vermifuge|Wound,,,,,,0
Inula helenium,Mu Xiang,,phytochemical,Tumor(Lung),Dr. Duke,,,Alterative|Antiseptic|Apertif|Asthma|Bronchitis|Carminative|Cholagogue|Cough|Deobstruent|Diaphoretic|Discutient|Diuretic|Expectorant|Hemoptysis|Laxative|Leukemia|Lung|Pertussis|Sclerosis|Skin|Stomachic|Sudorific|Tea|Tonic|Tumor(Lung)|Vermifuge|Vulnerary|Wen,,,,,,0
Pulsatilla chinensis,Bai Tou Weng,,phytochemical,Tumor(Lung),Dr. Duke,,,Amebiasis|Antiphlogistic|Diarrhea|Hematochezia|Hemostatic|Trauma|Tumor(Lung)|Wound,,,,,,0
Scrophularia ningpoensis,Xuan Shen,,phytochemical,Tumor(Lung),Dr. Duke,,,Antiphlogistic|Anxiety|Cancer(Thyroid)|Cervix|Constipation|Dysuria|Epistaxis|Febrifuge|Fever|Hematemesis|Laxative|Node|Rash|Scrofula|Sialogogue|Sore(Throat)|Thirst|Tumor(Lung),,,,,,0
Tamarix gallica,Tamarisco,,phytochemical,Tumor(Lymphatic),Dr. Duke,,,Astringent|Cancer|Diuretic|Liqueur|Sudorific|Tonic|Tumor(Lymphatic),,,,,,0
Clematis graveolens,Huang Yao Chin,,phytochemical,Tumor(Neck),Dr. Duke,,,Bite(Dog)|Bite(Snake)|Enterorrhagia|Gargle|Goiter|Hemorrhage|Refrigerant|Sore(Throat)|Tumor(Neck),,,,,,0
Magnolia liliflora,Xin Yi,,phytochemical,Tumor(Nose),Dr. Duke,,,Ache(Head)|Analgesic|Anodyne|Coryza|Rhinitis|Sedative|Sinusitis|Tonic|Tumor(Nose)|Vertigo,,,,,,0
Mentha haplocalyx,Bo He,,phytochemical,Tumor(Nose),Dr. Duke,,,Tumor(Nose),,,,,,0
Neostenanthera bakuana,,,phytochemical,Tumor(Nose),Dr. Duke,,,Tumor(Nose),,,,,,0
Neostenanthera gabonesnsis,,,phytochemical,Tumor(Nose),Dr. Duke,,,Tumor(Nose),,,,,,0
Xanthium sibiricum,Cang Er Zi,,phytochemical,Tumor(Nose),Dr. Duke,,,Tumor(Nose),,,,,,0
Corylus avellana,Leptokaryon,,phytochemical,Tumor(Parotid),Dr. Duke,,,Fumitory|Hypotension|Tea|Tumor(Parotid)|Vasoconstrictor,,,,,,0
Rumex alpinus,Lapatium,,phytochemical,Tumor(Parotid),Dr. Duke,,,Antioxidant|Antiseptic|Depurative|Scrofula|Sedative|Skin|Tonic|Tumor(Parotid),antioxidant,,,,,0
Verbena supina,Herba Verbena,,phytochemical,Tumor(Parotid),Dr. Duke,,,Tumor(Parotid),,,,,,0
Allium nigrum,Garlic,,phytochemical,Tumor(Penis),Dr. Duke,,,Tumor(Penis),,,,,,0
Brassica eruca,Rocket,,phytochemical,Tumor(Penis),Dr. Duke,,,Tumor(Penis),,,,,,0
Cicer arietinum,Cece,,phytochemical,Tumor(Penis),Dr. Duke,,,Aphrodisiac|Astringent|Bile|Bilious|Bite(Snake)|Bronchitis|Catarrh|Cholera|Coffee|Constipation|Cutamenia|Cyanogenetic|Diarrhea|Diuretic|Dysentery|Dysmenorrhea|Dyspepsia|Fever|Flatulence|Lactagogue|Nausea|Skin|Sunstroke|Tonic|Tumor(Penis)|Tumor(Testicle)|Wart,,,,,,0
Origanum heracleoticum,Cunila Bulbula,,phytochemical,Tumor(Penis),Dr. Duke,,,Tumor(Penis),,,,,,0
Daphne gnidium,Matsnan,,phytochemical,Tumor(Pituitary),Dr. Duke,,,Abortifacient|Cancer|Insecticide|Piscicide|Purgative|Tumor(Pituitary)|Wound,,pregnancy_caution,,,,0
Ocimum filamentosum,Relhan Soleman,,phytochemical,Tumor(Pituitary),Dr. Duke,,,Tumor(Pituitary),,,,,,0
Copaifera sp,Copaiba,,phytochemical,Tumor(Prostate),Dr. Duke,,,Tumor(Prostate),,,,,,0
Gallesia goraxema,Pao D'Alho,,phytochemical,Tumor(Prostate),Dr. Duke,,,Tumor(Prostate),,,,,,0
Kalanchoe brasiliensis,Sayao,,phytochemical,Tumor(Prostate),Dr. Duke,,,Tumor(Prostate),,,,,,0
Ruscus aculeatus,Brusca,,phytochemical,Tumor(Prostate),Dr. Duke,,,Aperient|Apertif|Deobstruent|Diaphoretic|Diuretic|Emmenagogue|Female|Fever|Gravel|Jaundice|Laxative|Lung|Sudorific|Tumor(Prostate),,pregnancy_caution,,,,0
Seguieria alliacea,Ybirarema,,phytochemical,Tumor(Prostate),Dr. Duke,,,Tumor(Prostate),,,,,,0
Seguieria floribunda,Ybirarema,,phytochemical,Tumor(Prostate),Dr. Duke,,,Tumor(Prostate),,,,,,0
Spilanthes oleracea,Mastruco,,phytochemical,Tumor(Prostate),Dr. Duke,,,Ache(Tooth)|Bladder|Gout|Gum|Insecticide|Mouthwash|Scurvy|Tumor(Prostate),,,,,,0
Artemisia tenuifolia,Small Absinthe,,phytochemical,Tumor(Scrotum),Dr. Duke,,,Tumor(Scrotum),,,,,,0
Caesalpinia bonducella,,,phytochemical,Tumor(Scrotum),Dr. Duke,,,Bite(Snake)|Ear|Emmenagogue|Emollient|Febrifuge|Fever|Freckle|Inflammation|Malaria|Swelling|Tonic|Tumor(Scrotum)|Vermifuge,,pregnancy_caution,,,,0
Polypodium suspensum,,,phytochemical,Tumor(Scrotum),Dr. Duke,,,Tumor(Scrotum),,,,,,0
Apium sp,Kerefs,,phytochemical,Tumor(Sinew),Dr. Duke,,,Diuretic|Tumor(Sinew),,,,,,0
Artemisia dracunculus,Tagantes,,phytochemical,Tumor(Sinew),Dr. Duke,,,Ache(Tooth)|Anthelminthic|Apertif|Carminative|Diuretic|Emmenagogue|Refrigerant|Spice|Stomachic|Swelling|Tumor(Sinew)|Vermifuge,,pregnancy_caution,,,,0
Anemone sp,,,phytochemical,Tumor(Skin),Dr. Duke,,,Poison|Tumor(Skin),,general_toxicity,,,,0
Clematis bojeri,,,phytochemical,Tumor(Skin),Dr. Duke,,,Tumor(Skin),,,,,,0
Clematis sp,,,phytochemical,Tumor(Skin),Dr. Duke,,,Cancer|Fatality|Fibroma|Poison|Sarcoma|Tumor(Skin),,general_toxicity,,,,0
Knowltonia sp,,,phytochemical,Tumor(Skin),Dr. Duke,,,Tumor(Skin),,,,,,0
Arisarum vulgare,Aaron,,phytochemical,Tumor(Spleen),Dr. Duke,,,Medicine|Tumor(Ear)|Tumor(Spleen),,,,,,0
Carduus acanthoides,Accantus,,phytochemical,Tumor(Spleen),Dr. Duke,,,Tumor(Spleen),,,,,,0
Daphne laureola,Mezerion,,phytochemical,Tumor(Spleen),Dr. Duke,,,Cancer|Poison|Purgative|Tumor(Spleen),,general_toxicity,,,,0
Fraxinus excelsior,Ashtree,,phytochemical,Tumor(Spleen),Dr. Duke,,,Astringent|Diuretic|Expectorant|Fever|Laxative|Malaria|Rheumatism|Tonic|Tumor(Spleen),,,,,,0
Grindelia robusta,Wild Sunflower,,phytochemical,Tumor(Spleen),Dr. Duke,,,Asthma|Depurative|Diuretic|Expectorant|Lung|Sedative|Spasm|Stomachic|Throat|Tumor(Spleen),,,,,,0
Paeonia officinalis,Peonia,,phytochemical,Tumor(Spleen),Dr. Duke,,,Alterative|Antispasmodic|Bilious|Depurative|Diarrhea|Dropsy|Emetic|Emmenagogue|Epilepsy|Epistaxis|Hemorrhage|Intestine|Intoxicant|Liver|Nerves|Poison|Spasm|Tonic|Tumor(Spleen)|Uteritis|Wound,,general_toxicity;pregnancy_caution,,,,0
Rheum ribes,"Rhubarb,Syrian",,phytochemical,Tumor(Spleen),Dr. Duke,,,Laxative|Stomachic|Tumor(Spleen),,,,,,0
Tamarix thuja,Myrica,,phytochemical,Tumor(Spleen),Dr. Duke,,,Tumor(Spleen),,,,,,0
Anemone coronaria,,,phytochemical,Tumor(Stomach),Dr. Duke,,,Tumor(Stomach),,,,,,0
Crinum asiaticum,Cay Chuoi Moc,,phytochemical,Tumor(Stomach),Dr. Duke,,,Ache(Head)|Anodyne|Antidote|Antidote(Poison arrow)|Bilious|Carbuncle|Chafing|Diaphoretic|Dysuria|Edema|Emetic|Expectorant|Fever|Ipecac|Laxative|Lumbago|Orchitis|Sore|Swelling|Tonic|Tumor(Stomach)|Whitlow|Wound|Yaws (Preventive),,general_toxicity,,,,0
Montanoa tomentosa,Cihoapactli,,phytochemical,Tumor(Stomach),Dr. Duke,,,Amenorrhea|Diuretic|Dysentery|Fatality|Fibromiomatosis|Labor|Lactogogue|Menorrhagia|Metrorrhagia|Parturition|Pectoral|Poison|Stomachic|Tumor(Stomach)|Tumor(Uterus)|Uteritis,,general_toxicity,,,,0
Althaea ficifolia,Chatmi,,phytochemical,Tumor(Testicle),Dr. Duke,,,Tumor(Testicle),,,,,,0
Artemisia pontica,Roman Wormswood,,phytochemical,Tumor(Testicle),Dr. Duke,,,Abortifacient|Antiseptic|Deobstruent|Depurative|Digestive|Diuretic|Emmenagogue|Fever|Liqueur|Narcotic|Scurvy|Stomachic|Sudorific|Tonic|Tumor(Testicle)|Vermifuge,,pregnancy_caution,,,,0
Davilla elliptica,,,phytochemical,Tumor(Testicle),Dr. Duke,,,Tumor(Testicle),,,,,,0
Eurycles amboinensis,,,phytochemical,Tumor(Testicle),Dr. Duke,,,Antidote(Fish poison)|Boil|Emetic|Giddiness|Swelling|Tumor(Testicle),,general_toxicity,,,,0
Hymenocallis declinata,,,phytochemical,Tumor(Testicle),Dr. Duke,,,Tumor(Testicle),,,,,,0
Mentha sativa,Na'Na,,phytochemical,Tumor(Testicle),Dr. Duke,,,Carminative|Laxative|Tumor(Testicle),,,,,,0
Pisum sativum,Pwes,,phytochemical,Tumor(Testicle),Dr. Duke,,,Contraceptive|Cyanogenetic|Diuretic|Dysentery|Emollient|Fever|Flux|Hyperglycemia|Lactogogue|Nausea|Refrigerant|Resolvent|Tumor(Testicle)|Urogenital|Wart,,,,,,0
Pterospermum glabrescens,,,phytochemical,Tumor(Testicle),Dr. Duke,,,Tumor(Testicle),,,,,,0
Brassica kaber,Mustard,,phytochemical,Tumor(Throat),Dr. Duke,,,Cataplasm|Dyspepsia|Rubefacient|Tumor(Throat),,,,,,0
Campanula medium,Cloke,,phytochemical,Tumor(Throat),Dr. Duke,,,Tumor(Throat),,,,,,0
Campanula rapunculus,Pate Di Sautrale,,phytochemical,Tumor(Throat),Dr. Duke,,,Alterative|Astringent|Detersive|Lactogogue|Tonic|Tumor(Throat)|Vulnerary|Wart,,,,,,0
Campanula trachelium,Bleuwe Ortiye,,phytochemical,Tumor(Throat),Dr. Duke,,,Astringent|Tumor(Throat),,,,,,0
Cytinus hypocistis,Hypoquisitis,,phytochemical,Tumor(Throat),Dr. Duke,,,Astringent|Dysentery|Tumor(Throat),,,,,,0
Succisa pratensis,Succisa,,phytochemical,Tumor(Throat),Dr. Duke,,,Cough|Demulcent|Depurative|Diaphoretic|Fever|Inflammation|Tea|Tumor(Throat),,,,,,0
Lindera strychnifolia,,,phytochemical,Tumor(Thyroid),Dr. Duke,,,Ache(Back)|Astringent|Balsamic|Cancer|Carminative|Diaphoretic|Diuretic|Dysmenorrhea|Dyspepsia|Flux|Gonorrhea|Hernia|Malaria|Menorrhagia|Rheumatism|Sedative|Stimulant|Stomachic|Tonic|Trauma|Tumor(Thyroid)|Urogenital,,,,,,0
Hepatica triloba,Leberkraut,,phytochemical,Tumor(Tonsil),Dr. Duke,,,Tumor(Tonsil),,,,,,0
Caesalpinia thorelii,Samnor Meas,,phytochemical,Tumor(Uterus),Dr. Duke,,,Tumor(Uterus),,,,,,0
Cheiranthus cheiri,Wallflower,,phytochemical,Tumor(Uterus),Dr. Duke,,,Antispasmodic|Aperient|Bilious|Cardiac|Cardiotonic|Deobstruent|Depurative|Diuretic|Emmenagogue|Expectorant|Jaundice|Poison|Purgative|Sclerosis(Uterus)|Stimulant|Stomachic|Tonic|Tumor(Uterus),,general_toxicity;pregnancy_caution,,,,0
Chenopodium bonus-henricus,Mercurialis,,phytochemical,Tumor(Uterus),Dr. Duke,,,Depurative|Diuretic|Laxative|Phthisis|Scrofula|Tumor(Uterus),,,,,,0
Cressa cretica,Anthillis,,phytochemical,Tumor(Uterus),Dr. Duke,,,Alterative|Aphrodisiac|Stomachic|Tonic|Tumor(Uterus),,,,,,0
Mimosa casta,Preah Khlop,,phytochemical,Tumor(Uterus),Dr. Duke,,,Tumor(Uterus),,,,,,0
Narcissus pseudo-narcissus,Narcissus,,phytochemical,Tumor(Uterus),Dr. Duke,,,Astringent|Depurative|Emetic|Emmenagogue|Impostume|Narcotic|Poison|Purgative|Sclerosis|Spasm|Tumor(Uterus),,general_toxicity;pregnancy_caution,,,,0
Platycerium bifurcatum,Simbar,,phytochemical,Tumor(Uterus),Dr. Duke,,,Abdomen|Fever|Swelling|Tumor(Uterus),,,,,,0
Salvia calycina,Sage,,phytochemical,Tumor(Uterus),Dr. Duke,,,Tea|Tumor(Uterus),,,,,,0
Selinum monnieri,Ha Ma Ze Ri,,phytochemical,Tumor(Uterus),Dr. Duke,,,Aphrodisiac|Astringent|Kidney|Piles|Renitis|Rheumatism|Sedative|Stimulant|Tumor(Uterus)|Vulnerary,,,,,,0
Seseli tortuosum,Seseli,,phytochemical,Tumor(Uterus),Dr. Duke,,,Tumor(Uterus),,,,,,0
Tordylium officinale,Seseli,,phytochemical,Tumor(Uterus),Dr. Duke,,,Tumor(Uterus),,,,,,0
Torilis japonica,Yabujirami,,phytochemical,Tumor(Uterus),Dr. Duke,,,Antiphlogistic|Astringent|Tumor(Uterus),,,,,,0
Ammi majus,Ameus,,phytochemical,Tumor(Uvula),Dr. Duke,,,Angina Pectoris|Bronchial-Asthma|Carminative|Digestive|Diuretic|Leucoderma|Poison|Stomachic|Tonic|Tumor(Uvula),,general_toxicity,,,,0
Pulicaria capensis,,,phytochemical,Tumor(Vagina),Dr. Duke,,,Tumor(Vagina),,,,,,0
Pulicaria scabra,,,phytochemical,Tumor(Vagina),Dr. Duke,,,Tumor(Vagina),,,,,,0
Thevetia neriifolia,,,phytochemical,Tumor(Veterinary),Dr. Duke,,,Abortifacient(Veterinary)|Cardiotonic(Veterinary)|Emetic(Veterinary)|Fever(Veterinary)|Malaria(Veterinary)|Poison(Veterinary)|Purgative(Veterinary)|Skin(Veterinary)|Tachycardia*(Veterinary)|Tumor(Veterinary),,general_toxicity;pregnancy_caution,,,,0
Thevetia peruviana,,,phytochemical,Tumor(Veterinary),Dr. Duke,,,Abortifacient(Veterinary)|Alexiteric(Veterinary)|Cardiotonic(Veterinary)|Cathartic(Veterinary)|Dropsy(Veterinary)|Emetic(Veterinary)|Fatality(Veterinary)|Fever|Fever(Veterinary)|Fumitory(Veterinary)|Heart(Veterinary)|Insecticide(Veterinary)|Malaria|Pile(Veterinary)|Piscicide|Piscicide(Veterinary)|Poison(Veterinary)|Purgative(Veterinary)|Rheumatism(Veterinary)|Toothache(Veterinary)|Tumor(Veterinary),,general_toxicity;pregnancy_caution,,,,0
Thevetia yccotli,Yoyotli,,phytochemical,Tumor(Veterinary),Dr. Duke,,,Tumor(Veterinary),,,,,,0
Brassica nigra,Nware Mostaude,,phytochemical,Tumor(Viscera),Dr. Duke,,,Ache(Foot)|Anodyne|Apertif|Arthritis|Carminative|Counterirritant|Dandruff|Diuretic|Emetic|Herpes|Laxative|Lumbago|Lymphoma(Neck)|Mustard-Plaster|Neuralgia|Pleurisy|Pneumonia|Poultice|Rheumatism|Rubefacient|Sciatica|Sclerosis(Spleen)|Scurvy|Stimulant|Stomachic|Tumor(Viscera)|Vesicant,,,,,,0
Thapsia garganica,Lasarpicium,,phytochemical,Tumor(Womb),Dr. Duke,,,Epispastic|Lumbago|Poison|Purgative|Skin|Stimulant|Tumor(Womb),,general_toxicity,,,,0
Catharanthus trichophyllus,,,phytochemical,Tumor,Dr. Duke,,,Tumor,,,,,,0
Gaultheria fragrantissima,,,phytochemical,Tumor,Dr. Duke,,,Abortifacient|Antiseptic|Carminative|Cough|Fatality|Hair|Insecticide|Neuralgia|Poison|Repellant(Insect)|Rheumatism|Sciatica|Stimulant|Tumor|Vermifuge,,general_toxicity;pregnancy_caution,,,,0
Hagenia abyssinica,,,phytochemical,Tumor,Dr. Duke,,,Abortifacient|Anthelminthic|Poison|Purgative|Taenifuge|Tapeworm|Tumor|Vermifuge,,general_toxicity;pregnancy_caution,,,,0
Ligustrum lucidum,,,phytochemical,Tumor,Dr. Duke,,,Ache(Head)|Cold|Congestion|Constipation|Deafness|Debility|Diaphoretic|Eye|Fever|Hairblack|Hepatitis|Insomnia|Knee|Laxative|Longevity|Palpitation|Rejuvenation|Renitis|Rheumatism|Swelling|Tonic|Tumor|Vertigo|Vision|Wrist,,,,,,0
Maytenus senegalensis,,,phytochemical,Tumor,Dr. Duke,,,Ache(Leg)|Aphrodisiac|Blennorrhagia|Boil|Cancer|Cicatrizant|Colic|Diarrhea|Diuretic|Dysentery|Edema|Enema|Enteritis|Gastritis|Gonorrhea|Laxative|Mouthwash|Sore|Stomatitis|Syncope|Tonic|Tumor|Vermifuge|Wound,,,,,,0
Ophiopogon japonicus,,,phytochemical,Tumor,Dr. Duke,,,Antitussive|Bronchitis|Cancer(Thyroid)|Constipation|Cough|Expectorant|Fever|Hemoptysis|Laryngitis|Lung|Pertussis|Sialogogue|Sore(Throat)|Stomach|Thirst|Tonic|Tuberculosis|Tumor|Tumor(Lung),,,,,,0
Quisqualis indica,,,phytochemical,Tumor,Dr. Duke,,,Abdomen|Ache(Head)|Anodyne|Boil|Carminative|Cathartic|Diarrhea|Dyspepsia|Fever|Leucorrhea|Malnutrition|Marasmus|Nematode|Parasiticide|Rickets|Skin|Soporific|Sore|Swelling|Tumor|Vermifuge,,,,,,0
Reissantia indica,,,phytochemical,Tumor,Dr. Duke,,,Bactericide|Cold|Fever|Flu|Inflammation|Laxative|Parturition|Pharyngitis|Respiratory|Rheumatism|Sore|Tumor|Viricide|Wound,,,,,,0
Saraca asoca,,,phytochemical,Tumor,Dr. Duke,,,Ache(Stomach)|Androgenic|Bactericide|Bilious|Depurative|Diabetes|Dysentery|Dyspepsia|Endorrhagia|Hemorrhage|Leucorrhea|Menorrhagia|Oxytoxic|Piles|Pimple|Sedative|Sore|Stimulant|Syphilis|Tumor|Uterotonic,,general_toxicity;pregnancy_caution,,,,0
Solanum surattense,,,phytochemical,Tumor,Dr. Duke,,,Ache(Tooth)|Anodyne|Asthma|Atrophy|Bactericide|Bite(Snake)|Bronchitis|Cachexia|Carminative|Chest|Cold|Cough|Delirium|Dengue|Diuretic|Dropsy|Expectorant|Fever|Hiccup|Hypertension|Madness|Night-Blindness|Parotitis|Phthisis|Rheumatism|Smallpox|Sore|Sore(Throat)|Sting|Syphilis|Tumor|Viricide|Whitlow,,,,,,0
Vitex negundo,,,phytochemical,Tumor,Dr. Duke,,,Abrasion|Ache(Head)|Alterative|Analgesic|Anasarca|Angina|Anodyne|Astringent|Bactericide|Boil|Cold|Cough|Demulcent|Diaphoretic|Diarrhea|Discutient|Diuretic|Dropsy|Dysentery|Dyspepsia|Emmenagogue|Enteritis|Expectorant|Eye|Fever|Gastritis|Hair-Oil|Hepatitis|Inflammation|Insecticide|Madness|Malaria|Nervine|Parasiticide|Piles|Preventitive|Rheumatism|Splenomegaly|Sprain|Swelling|Tonic|Tranquilizer|Tumor|Vermifuge,,pregnancy_caution,,,,0
Yucca aloifolia,,,phytochemical,Tumor,Dr. Duke,,,Diuretic|Lung|Purgative|Soap|Tumor,,,,,,0
Acalypha hederacea,Yerba De Cancer,,phytochemical,Cancer,Dr. Duke,,,Cancer,,,,,,0
Acnistus miersi,,,phytochemical,Cancer,Dr. Duke,,,Cancer,,,,,,0
Aconitum anthora,Aconito Saludable,,phytochemical,Cancer,Dr. Duke,,,Antidote|Cancer|Diuretic|Fever|Poison|Sudorific|Vermifuge,,general_toxicity,,,,0
Adiantum venustum,,,phytochemical,Tumor,Dr. Duke,,,Demulcent|Expectorant|Tonic|Tumor,,,,,,0
Alliaria officinalis,Mostaude Di Tchin,,phytochemical,Cancer,Dr. Duke,,,Cancer|Stimulant,,,,,,0
Alpinia officinarum,Galangal,,phytochemical,Cancer,Dr. Duke,,,Ache(Tooth)|Ague|Aphrodisiac|Bactericide|Cancer|Candida|Carminative|Chill|Cholera|Cough|Diabetes|Diarrhea|Dyspepsia|Enteritis|Fungicide|Gastralgia|Halitosis|Liqueur|Malaria|Nervine|Pyrosis|Sialogogue|Stimulant|Stomachic|Throat|Tonic,,,,,,0
Amaranthus oleraceus,,,phytochemical,Tumor,Dr. Duke,,,Tumor,,,,,,0
Anthriscus cerefolium,Cierfouye,,phytochemical,Tumor,Dr. Duke,,,Apertif|Cancer|Carminative|Deobstruent|Depurative|Diuretic|Expectorant|Scrofula|Spice|Stimulant|Stomachic|Tonic|Tumor,,,,,,0
Areca catechu,Kramuka,,phytochemical,Tumor(Abdomen),Dr. Duke,,,Ache(Stomach)|Ascariasis|Astringent|Beri-Beri|Cancer(Esophagus)|Carminative|Cholera|Circulation|Colic|Colitis|Cornea|Dentifrice|Detergent|Diaphoretic|Diarrhea|Diuretic|Dropsy|Dysentery|Dyspepsia|Edema|Energy|Fever|Gastrosis|Gonorrhea|Hematuria|Herpes|Hysteria|Intoxicant|Laxative|Malaria|Masticatory|Miotic|Odontosis|Oliguria|Ophthalmia|Preventitive(Malaria)|Preventitive(Mephitis)|Rhagades|Rhinosis|Scabies|Smallpox|Sore|Stomachic|Syphilis|Taenicide|Taenifuge|Tapeworm|Tenifuge|Tonic|Tumor(Abdomen)|Venereal|Vermifuge,,general_toxicity,,,,0
Aristolochia rotunda,Birthwort,,phytochemical,Cancer,Dr. Duke,,,Cancer|Depurative|Poison|Stimulant,,general_toxicity,,,,0
Artemisia capillaris,In Chen,,phytochemical,Tumor,Dr. Duke,,,Ache(Head)|Ague|Anodyne|Antibilious|Antiphlogistic|Bactericide|Cataplasm|Catarrh|Constipation|Diuretic|Dysmenorrhea|Dysuria|Fever|Fungicide|Icterus|Jaundice|Malaria|Oliguria|Pruritis|Rheumatism|Spasm|Tumor,,,,,,0
Arum sp,Aron,,phytochemical,Tumor,Dr. Duke,,,Cancer(Nose)|Corn|Polyp(Nose)|Tumor|Wart,,,,,,0
Asclepias incarnata,Swamp Milkweed,,phytochemical,Tumor,Dr. Duke,,,Alterative|Asthma|Catarrh|Cathartic|Diuretic|Emetic|Rheumatism|Stomachic|Sudorific|Tumor|Vermifuge,,,,,,0
Astragalus mongholicus,,,phytochemical,Cancer,Dr. Duke,,,Cancer|Tumor(Lung),,,,,,0
Bambusa spinosa,,,phytochemical,Tumor,Dr. Duke,,,Antidote|Carminative|Pectoral|Poison|Refrigerant|Rheumatism|Stomachic|Tonic|Tumor|Vermifuge,,general_toxicity,,,,0
Barleria buxifolia,,,phytochemical,Tumor,Dr. Duke,,,Cough|Inflammation|Tumor,,,,,,0
Brassica napus,Turnip,,phytochemical,Cancer,Dr. Duke,,,Cancer|Catarrh|Chest-Cold|Diuretic|Gout|Pectoral|Soporific,,,,,,0
Brucea antidysenterica,,,phytochemical,Cancer,Dr. Duke,,,Cancer|Diarrhea|Fever|Tumor,,,,,,0
Buddleja asiatica,Mengayen,,phytochemical,Tumor,Dr. Duke,,,Abortifacient|Dermatosis|Inflammation|Intoxicant|Malaria|Piscicide|Poison|Skin|Tumor,,general_toxicity;pregnancy_caution,,,,0
Bumelia sp,Buckthorn,,phytochemical,Cancer,Dr. Duke,,,Cancer,,,,,,0
Capsicum sp,Cayenne,,phytochemical,Cancer,Dr. Duke,,,Ache(Tooth)|Cancer|Dysmenorrhea|Impotency|Migraine|Poison(Arrow),,general_toxicity,,,,0
Centaurea scabiosa,Scabieuse,,phytochemical,Cancer,Dr. Duke,,,Cancer|Tonic|Vulnerary,,,,,,0
Cerastium vulgatum,Mouseear,,phytochemical,Cancer,Dr. Duke,,,Cancer,,,,,,0
Chelone glabra,Turtlehead,,phytochemical,Tumor,Dr. Duke,,,Bilious|Cathartic|Detersive|Jaundice|Laxative|Liver|Medicine|Purgative|Tonic|Tumor|Vermifuge,,,,,,0
Chrysanthemum sibiricum,Yeh Chu Hua,,phytochemical,Tumor,Dr. Duke,,,Tumor,,,,,,0
Clematis viticella,Clematide Parrilla,,phytochemical,Cancer,Dr. Duke,,,Cancer,,,,,,0
Cleome felina,Svarnakshiri,,phytochemical,Tumor(Abdomen),Dr. Duke,,,Tumor(Abdomen)|Vermifuge|Vesicant,,,,,,0
Cola acuminata,Obi,,phytochemical,Cancer,Dr. Duke,,,Aphrodisiac|CNS stimulant|Cancer|Cardiotonic|Digestive|Diuretic|Hunger|Nerves|Stimulant|Tonic|Tumor,,,,,,0
Coldenia procumbens,,,phytochemical,Tumor,Dr. Duke,,,Boil|Rheumatism|Suppurative|Swelling|Tumor,,,,,,0
Commiphora abyssinica,Mirra,,phytochemical,Cancer,Dr. Duke,,,Astringent|Cancer|Mouthwash|Stimulant|Stomachic,,,,,,0
Coriandrum sativum,Dhanya,,phytochemical,Tumor(Abdomen),Dr. Duke,,,Ache(Head)|Ache(Stomach)|Ache(Tooth)|Alexiteric|Antidote|Apertif|Aphrodisiac|Aromatic|Bilious|Carminative|Condyloma|Cough|Digestive|Diuretic|Dysentery|Emmenagogue|Fever|Flux|Halitosis|Hernia|Hysteria|Intoxication|Measles|Nausea|Nerves|Ophthalmia|Pectoral|Piles|Ptomaine|Refrigerant|Rheumatism|Sclerosis(Limb)|Sedative|Soap|Sore|Spasm|Splenitis|Stimulant|Stomachic|Syphilis|Tonic|Tumor(Abdomen)|Venereal,,general_toxicity;pregnancy_caution,,,,0
Costus speciosus,Costus,,phytochemical,Carcinoma(Mouth),Dr. Duke,,,Alopecia|Carcinoma(Mouth)|Cough|Depurative|Dysentery|Fever|Leprosy|Ophthalmia|Purgative|Smallpox|Syphilis|Tonic|Vermifuge,,,,,,0
Crateva gynandra,,,phytochemical,Tumor,Dr. Duke,,,Fever|Tumor,,,,,,0
Cremastra sp,Shan T'Zu Ku,,phytochemical,Tumor,Dr. Duke,,,Tumor,,,,,,0
Crossostephium chinense,,,phytochemical,Tumor,Dr. Duke,,,Tumor,,,,,,0
Croton palanostigma,,,phytochemical,Tumor,Dr. Duke,,,Tumor,,,,,,0
Cucumis dissectifolius,Manyaku,,phytochemical,Tumor,Dr. Duke,,,Tumor,,,,,,0
Cyrtopodium woodfordii,Sumare,,phytochemical,Tumor,Dr. Duke,,,Tumor,,,,,,0
Deeringia baccata,,,phytochemical,Tumor,Dr. Duke,,,Tumor,,,,,,0
Dichroa febrifuga,Ca'Ang Shan,,phytochemical,Cancer(Stomach),Dr. Duke,,,Abdomen|Anodyne|Cancer(Stomach)|Emetic|Febrifuge|Fever|Malaria|Poison|Vermifuge,,general_toxicity,,,,0
Diphylleia sp,Tu Chio Lien,,phytochemical,Cancer,Dr. Duke,,,Cancer,,,,,,0
Diplotaxis erucoides,Sinapis,,phytochemical,Tumor,Dr. Duke,,,Tumor,,,,,,0
Dracocephalum moldavica,Melissa,,phytochemical,Cancer,Dr. Duke,,,Astringent|Cancer|Demulcent|Fever|Tonic|Vulnerary,,,,,,0
Dryopteris filix-mas,Wurmfarn,,phytochemical,Tumor,Dr. Duke,,,Aperient|Astringent|Cyanogenetic|Pectoral|Poison|Taenifuge|Tumor|Vermifuge,,general_toxicity,,,,0
Erysimum cheiranthoides,Crusson D'Tere,,phytochemical,Cancer,Dr. Duke,,,Cancer|Poison,,general_toxicity,,,,0
Erysimum orientale,Yebe Di Sint Albert,,phytochemical,Tumor(Breast),Dr. Duke,,,Tumor(Breast),,,,,,0
Erythronium dens-canis,Shan T'Zu Ku,,phytochemical,Tumor,Dr. Duke,,,Tumor,,,,,,0
Eucalyptus dumosa,Bluegum Tree,,phytochemical,Cancer,Dr. Duke,,,Cancer,,,,,,0
Eulophia virens,,,phytochemical,Tumor,Dr. Duke,,,Tumor|Vermifuge,,,,,,0
Euphorbia ingens,Kankerbos,,phytochemical,Cancer,Dr. Duke,,,Cancer,,,,,,0
Euphorbia phyllanthus,,,phytochemical,Cancer,Dr. Duke,,,Cancer,,,,,,0
Euphorbia volhynia,,,phytochemical,Cancer(Stomach),Dr. Duke,,,Cancer(Stomach),,,,,,0
Euphrasia officinalis,Eufragia,,phytochemical,Cancer,Dr. Duke,,,Astringent|Cancer|Conjunctivitis|Jaundice|Laxative|Ophthalmia|Tonic,,,,,,0
Ferula foetida,,,phytochemical,Cancer(Uterus),Dr. Duke,,,Antispasmodic|Cancer(Uterus)|Colic|Convulsion(Infant)|Croup|Excrescence(Anus)|Expectorant|Laxative,,,,,,0
Ferula marmorica,Asaj,,phytochemical,Tumor,Dr. Duke,,,Tumor,,,,,,0
Ficus benghalensis,,,phytochemical,Tumor,Dr. Duke,,,Abscess|Ache(Tooth)|Alterative|Anodyne|Astringent|Atrophy|Bruise|Cachexia|Cholera|Diabetes|Diarrhea|Dysentery|Eye|Feet|Fever|Hemostat|Lumbago|Madness|Nausea|Ophthalmia|Rheumatism|Rinderpest|Scabies|Sore|Stomatitis|Tonic|Tumor,,,,,,0
Ficus heterophylla,Trayamana,,phytochemical,Tumor(Abdomen),Dr. Duke,,,Medicine|Tumor(Abdomen),,,,,,0
Gladiolus communis,Xiphion,,phytochemical,Tumor,Dr. Duke,,,Tumor,,,,,,0
Glycine max,Soybean,,phytochemical,Cancer,Dr. Duke,,,Abortifacient|Ache(Head)|Ague|Alcoholism|Anodyne|Antidote(Aconite)|Antidote(Centipede)|Antidote(Croton)|Antivinous|Anus|Apertif|Ascites|Ataxia|Bite(Bug)|Bite(Dog)|Bite(Snake)|Blindness|Bones|Burn|Cancer|Carminative|Chest-Cold|Chill|Circulation|Cold|Complexion|Cornea|Cyanogenetic|Decongestant|Diabetes|Diaphoretic|Diuretic|Dysentery|Dyspnea|Eczema|Edema|Enuresis|Feet|Fever|Halitosis|Hematuria|Impotency|Intoxication|Labor|Laxative|Leprosy|Malaria|Marasmus|Marrow|Melancholy|Metrorrhagia|Nausea|Nervine|Ophthalmia|Piles|Pregnancy|Preventitive(Abortifacient)|Puerperium|Refrigerant|Resolvent|Rheumatism|Scald|Sedative|Shampoo|Skin|Smallpox|Soap|Sore|Splenitis|Splinter|Stomach|Stomach(Veterinary)|Tinea|Venereal|Vertigo|Vision,,general_toxicity;pregnancy_caution,,,,0
Gnaphalium spicatum,Cketo Cketo,,phytochemical,Cancer,Dr. Duke,,,Cancer,,,,,,0
Gonolobus pedunculatus,Ttallayotli,,phytochemical,Tumor,Dr. Duke,,,Tumor,,,,,,0
Hemidesmus indicus,Carivas,,phytochemical,Tumor(Abdomen),Dr. Duke,,,Alterative|Bacteriostat|Demulcent|Depurative|Diaphoretic|Diuretic|Eye|Gravel|Inflammation|Refrigerant|Rheumatism|Syphilis|Tonic|Tumor(Abdomen)|Urogenital,,,,,,0
Ilex verticillata,Black Alder,,phytochemical,Cancer,Dr. Duke,,,Antiseptic|Aperient|Astringent|Cancer|Laxative|Sore|Tonic|Vermifuge,,,,,,0
Isatis lusitanica,Wasma,,phytochemical,Tumor,Dr. Duke,,,Tumor,,,,,,0
Jacquinia angustifolia,Siempreviva,,phytochemical,Tumor,Dr. Duke,,,Tumor,,,,,,0
Krameria lanceolata,Crameria,,phytochemical,Cancer,Dr. Duke,,,Cancer,,,,,,0
Lannea ambigua,,,phytochemical,Tumor,Dr. Duke,,,Tumor,,,,,,0
Ligustrum vulgare,Priveterinary,,phytochemical,Tumor(Uvula),Dr. Duke,,,Astringent|Detersive|Laxative|Medicine|Poison|Tumor(Uvula)|Vulnerary,,general_toxicity,,,,0
Liquidambar orientalis,Storax Calamita,,phytochemical,Cancer,Dr. Duke,,,Antidote|Antiseptic|Cancer|Cold|Convulsion|Cough|Epilepsy|Expectorant|Frostbite|Fumigant|Incense|Longevity|Malaria|Parasiticide|Scabies|Skin|Stimulant|Vitality|Vulnerary|Wound,,,,,,0
Luehea sp,Acoita Cavalos,,phytochemical,Tumor,Dr. Duke,,,Leprosy|Tumor,,,,,,0
Lupinus hirsutus,Thermos,,phytochemical,Tumor,Dr. Duke,,,Tumor,,,,,,0
Lycoris squamigera,Shan T'Zu Ku,,phytochemical,Tumor,Dr. Duke,,,Emetic|Expectorant|Tumor,,,,,,0
Matthiola incana,,,phytochemical,Cancer,Dr. Duke,,,Cancer|Diuretic|Expectorant|Stomachic|Tonic,,,,,,0
Medicago sp,Maglisse,,phytochemical,Cancer,Dr. Duke,,,Cancer,,,,,,0
Medinilla crispata,,,phytochemical,Tumor,Dr. Duke,,,Tumor,,,,,,0
Mimusops elata,Massaranduba,,phytochemical,Tumor,Dr. Duke,,,Tumor,,,,,,0
Mussaenda hainanensis,,,phytochemical,Cancer,Dr. Duke,,,Cancer,,,,,,0
Mussaenda cambodiana,,,phytochemical,Tumor(Abdomen),Dr. Duke,,,Asthma|Cough|Diuretic|Fever|Malaria|Skin|Tumor(Abdomen),,,,,,0
Myricaria germanica,Tamariske,,phytochemical,Tumor(Spleen),Dr. Duke,,,Tumor(Spleen),,,,,,0
Myriophyllum spicatum,Millefolium,,phytochemical,Cancer,Dr. Duke,,,Cancer|Fever,,,,,,0
Nectandra cymbarum,Pao Sasafras,,phytochemical,Tumor,Dr. Duke,,,Tumor,,,,,,0
Nepeta cataria,Catnip,,phytochemical,Cancer,Dr. Duke,,,Ache(Head)|Ache(Stomach)|Cancer|Carminative|Catarrh|Cold|Colic|Debility|Diaphoretic|Emmenagogue|Fear|Fever|Fumitory|Hivess|Hysteria|Medicine|Nerves|Nervine|Neurasthenia|Pectoral|Pneumonia|Poultice|Refrigerant|Respiratory|Sclerosis|Sedative|Spasm|Stimulant|Stomach|Stomachic|Sudorific|Swelling|Tea|Tonic,,pregnancy_caution,,,,0
Nymphaea stellata,Utpala,,phytochemical,Tumor(Abdomen),Dr. Duke,,,Blennorrhea|Diarrhea|Diuretic|Dysentery|Dyspepsia|Emollient|Eruption|Erysipelas|Fever|Narcotic|Piles|Restorative|Stomachic|Tonic|Tumor(Abdomen)|Urogenital,,,,,,0
Origanum maru,Sampsychos,,phytochemical,Tumor(Uterus),Dr. Duke,,,Tumor(Uterus),,,,,,0
Orobanche rapum-genistae,,,phytochemical,Cancer,Dr. Duke,,,Cancer,,,,,,0
Oxalis corniculata,Chukrika,,phytochemical,Tumor(Abdomen),Dr. Duke,,,Abscess|Ache(Stomach)|Aftosa|Alexiteric|Anemia|Antidote|Antidote(Arsenic)|Antidote(Datura)|Antidote(Mercury)|Antidote(Scorpion)|Antiseptic|Apertif|Astringent|Bilious|Bite(Bug)|Bite(Snake)|Bruise|Burn|Conjunctivitis|Convulsion|Corn|Cough|Debility|Decoagulant|Depurative|Detergent|Diarrhea|Diuretic|Dysentery|Dyspepsia|Emmenagogue|Enteritis|Eruption|Eye|Fever|Flu|Gingivitis|Inflammation|Itch|Lithontriptic|Mouth|Nosebleed|Piles|Poison|Prickly-heat|Refrigerant|Resolvent|Scurvy|Sore|Sore(Throat)|Sprain|Sting|Stomachic|Stomatitis|Styptic|Suppurative|Swelling|Trauma|Tumor(Abdomen)|Tympanitis|Ulcer|Urogenital|Vermifuge|Wart|Wound,,general_toxicity;pregnancy_caution,,,,0
Paeonia moutan,Dang Pi,,phytochemical,Tumor(Lung),Dr. Duke,,,Ache(Head)|Anodyne|Antiphlogistic|Appendicitis|Bactericide|Cancer(Thyroid)|Cold|Convulsion|Dysmenorrhea|Emmenagogue|Fever|Hemorrhage|Infection|Longevity|Nerves|Sedative|Tonic|Tumor(Lung),,pregnancy_caution,,,,0
Parietaria debilis,Ocucha,,phytochemical,Tumor,Dr. Duke,,,Tumor,,,,,,0
Passerina sp,,,phytochemical,Tumor,Dr. Duke,,,Tumor,,,,,,0
Patrinia villosa,,,phytochemical,Cancer,Dr. Duke,,,Antidote|Cancer|Sore,,,,,,0
Paullinia trigonia,Timbo De Cipo,,phytochemical,Tumor,Dr. Duke,,,Tumor,,,,,,0
Peucedanum officinale,Turio Peucedani,,phytochemical,Cancer,Dr. Duke,,,Cancer|Catarrh|Diuretic|Emmenagogue|Scurvy|Stomachic|Sudorific,,pregnancy_caution,,,,0
Phlomis lychnitis,Phlomos,,phytochemical,Tumor,Dr. Duke,,,Piles|Tumor,,,,,,0
Physalis sp,Totomaton,,phytochemical,Tumor,Dr. Duke,,,Ache(Tooth)|Diuretic|Emollient|Eye|Fever|Laxative|Poison|Sterility(Female)|Stomach|Tumor,,general_toxicity,,,,0
Physalis pubescens,Winter Cherry,,phytochemical,Tumor(Testicle),Dr. Duke,,,Abscess|Cholera|Cough|Diuretic|Fever|Pemphigus|Sedative|Tumor(Testicle)|Vermifuge,,,,,,0
Phyteuma sp,,,phytochemical,Cancer,Dr. Duke,,,Cancer,,,,,,0
Piper cubeba,Cubeb,,phytochemical,Cancer(Mouth),Dr. Duke,,,Antiseptic|Anus|Aphrodisiac|Asthma|Bactericide|Bronchitis|Cancer(Mouth)|Carminative|Catarrh|Cholera|Cystitis|Diuretic|Dysentery|Dyspepsia|Enterosis|Expectorant|Fever|Fistula|Flu|Fumitory|Gleet|Gonorrhea|Kidney|Panacea|Phthisis|Prolapse|Rheumatism|Sedative|Stimulant|Stomachic|Urethritis|Urogenital|Viricide,,,,,,0
Piper subpeltatum,,,phytochemical,Tumor,Dr. Duke,,,Stomach|Swelling|Tumor|Wound,,,,,,0
Pisonia sylvestris,,,phytochemical,Tumor,Dr. Duke,,,Tumor,,,,,,0
Pisonia alba,,,phytochemical,Tumor(Foot),Dr. Duke,,,Boil|Corn|Edema|Swelling|Tumor(Foot),,,,,,0
Pistia stratiotes,,,phytochemical,Tumor,Dr. Duke,,,Abcess|Abscess|Ache(Head)|Anodyne|Antiseptic|Asthma|Cold|Collyrium|Cough|Demulcent|Diabetes|Diuretic|Dropsy|Dysentery|Dysuria|Ear|Eczema|Emollient|Eye|Fever|Gonorrhea|Hematuria|Inflammation|Laxative|Leprosy|Piles|Rheumatism|Ringworm|Salt|Scalp|Skin|Soap|Sore|Syphilis|Thrush|Tuberculosis|Tumor|Ulcer|Venereal|Vermifuge,,,,,,0
Plantago macrostachys,Llanten,,phytochemical,Tumor,Dr. Duke,,,Tumor,,,,,,0
Plantago minor,Arnoglossa,,phytochemical,Tumor(Eye),Dr. Duke,,,Tumor(Eye),,,,,,0
Platanus occidentalis,Sycamore,,phytochemical,Cancer,Dr. Duke,,,Cancer|Cyanogenetic|Emmenagogue|Fever|Gunshot|Tonic|Wound,,pregnancy_caution,,,,0
Podophyllum hexandrum,,,phytochemical,Tumor,Dr. Duke,,,Alterative|Cholagogue|Cholagogueue|Condyloma|Emetic|Intoxicant|Mitogenic|Purgative|Stimulant(Hepatic)|Tonic|Tumor|Wart,,general_toxicity,,,,0
Polygala sp,,,phytochemical,Cancer(Breast),Dr. Duke,,,Bite(Snake)|Cancer(Breast)|Diaphoretic|Emetic|Expectorant|Poison,,general_toxicity,,,,0
Polygala amara,,,phytochemical,Tumor,Dr. Duke,,,Asthma|Depurative|Diuretic|Expectorant|Nervine|Stomach|Stomachic|Sudorific|Tonic|Tuberculosis|Tumor,,,,,,0
Polypodium maritimum,,,phytochemical,Cancer,Dr. Duke,,,Cancer|Diaphoretic|Kidney,,,,,,0
Potentilla erecta,Tormentil,,phytochemical,Cancer,Dr. Duke,,,Astringent|Cancer|Catarrh|Intestine|Piles|Stomachic|Tonic,,,,,,0
Psychotria tetraphylla,Don Bernado,,phytochemical,Tumor(Joint),Dr. Duke,,,Tumor(Joint),,,,,,0
Pteris multifida,Feng Wei Cao,,phytochemical,Cancer(Digestive),Dr. Duke,,,Alexiteric|Anodyne|Breast|Cancer(Digestive)|Diarrhea|Dysentery|Hemostat|Hepatitis|Hepatoma|Jaundice|Refrigerant|Skin|Trauma|Urogenital|Vermifuge,,,,,,0
Puya chilensis,Cardon,,phytochemical,Tumor,Dr. Duke,,,Tumor,,,,,,0
Quercus coccifera,Djidar,,phytochemical,Tumor,Dr. Duke,,,Tumor,,,,,,0
Randia dumetorum,Mindal Arbud,,phytochemical,Cancer,Dr. Duke,,,Adenopathy|Cancer|Convulsion|Lactogogue|Laxative|Pimple|Piscicide|Sore,,,,,,0
Ranunculus bulbosus,Buttercup,,phytochemical,Cancer(Breast),Dr. Duke,,,Cancer(Breast)|Corn|Wart,,,,,,0
Ranunculus creticus,Batrachion,,phytochemical,Carcinoma,Dr. Duke,,,Carcinoma,,,,,,0
Ranunculus ficaria,Blameye,,phytochemical,Tumor,Dr. Duke,,,Astringent|Condyloma|Cyanogenetic|Diuretic|Piles|Poison|Scurvy|Tumor|Wen,,general_toxicity,,,,0
Raphanus sativus,Mulaka,,phytochemical,Tumor(Abdomen),Dr. Duke,,,Abdomen|Ache(Head)|Amygdalitis|Anodyne|Antiphlogistic|Aperient|Apertif|Asthma|Bactericide|Bilious|Bladder|Bruise|Burn|Calculus|Carminative|Catarrh|Cough|Demulcent|Depurative|Diarrhea|Digestive|Diuretic|Dysentery|Dyspepsia|Ecchymosis|Edema|Emmenagogue|Eruption|Expectorant|Eye|Fever|Fungicide|Gall|Gastrodynia|Hepatitis|Hiccup|Homeopathy|Insomnia|Laxative|Lithontriptic|Liver|Lung|Malnutrition|Neuralgia|Oliguria|Parasiticide|Pertussis|Piles|Preventitive(Ptomaine)|Respiratory|Scald|Scurvy|Spice|Stimulant|Stomach|Stomachic|Tonic|Tumor|Tumor(Abdomen)|Tympanitis|Urogenital|Viricide|Wen,,pregnancy_caution,,,,0
Renealmia exaltata,Pacova,,phytochemical,Cancer,Dr. Duke,,,Antiseptic|Cancer|Depurative|Marasmus|Sore|Sprain|Swelling,,,,,,0
Rhamnus fallax,,,phytochemical,Cancer(Skin),Dr. Duke,,,Cancer(Skin),,,,,,0
Rhus cotinus,Sumack,,phytochemical,Cancer,Dr. Duke,,,Antiseptic|Astringent|Cancer|Fever|Hemostat|Tonic,,,,,,0
Rhus sp,Rhus,,phytochemical,Cancer,Dr. Duke,,,Astringent|Cancer|Wart,,,,,,0
Rhus typhina,Smack,,phytochemical,Cancer,Dr. Duke,,,Cancer|Fumitory|Hemostat|Hodgkin's Disease|Tea|Wart|Wound,,,,,,0
Rollinia mucosa,,,phytochemical,Tumor,Dr. Duke,,,Tumor,,,,,,0
Rubus caesius,Dewberry,,phytochemical,Tumor(Mouth),Dr. Duke,,,Tea|Tumor(Mouth),,,,,,0
Rumex britannica,"Dock,Pale",,phytochemical,Cancer,Dr. Duke,,,Cancer,,,,,,0
Rumex aquaticus,Paratella,,phytochemical,Tumor,Dr. Duke,,,Alterative|Cancer|Decoagulant|Deobstruent|Detergent|Digestive|Scrofula|Scurvy|Tonic|Tumor,,,,,,0
Salvia officinalis,Sage,,phytochemical,Cancer(Mouth),Dr. Duke,,,Antioxidant|Antiseptic|Anydrotic|Astringent|Baldness|Cancer(Mouth)|Carminative|Cold|Cordial|Cough|Dandruff|Dentifrice|Deodorant|Diaphoretic|Digestive|Diuretic|Dysmenorrhea|Dyspepsia|Emmenagogue|Estrogenic|Fever|Fumitory|Gargle|Gingivitis|Hair-Oil|Hemostat|Immortality|Insecticide|Medicine|Mouthwash|Nausea|Nervine|Night-Sweat|Perspiration|Resolvent|Sore|Sore(Throat)|Spasm|Spice|Stimulant|Stomachic|Thrush|Tonic|Vermifuge|Vulnerary|Wart|Weaning|Wen|Wound,antioxidant,pregnancy_caution,,,,0
Salvia major,Sauge,,phytochemical,Tumor,Dr. Duke,,,Tumor,,,,,,0
Sarmienta repens,Medallita,,phytochemical,Tumor,Dr. Duke,,,Tumor,,,,,,0
Saussurea hypoleuca,,,phytochemical,Cancer,Dr. Duke,,,Cancer|Sore|Tumor(Abdomen),,,,,,0
Scrophularia vulgaris,,,phytochemical,Cancer,Dr. Duke,,,Cancer,,,,,,0
Scrophularia oldhami,Hsuan Shen,,phytochemical,Tumor,Dr. Duke,,,Adenopathy|Antiphlogistic|Cardiotonic|Diphtheria|Diuretic|Dyslactation|Erysipelas|Fever|Hypertension|Lactorrhea|Laryngitis|Leucorrhea|Malaria|Pharyngalgia|Refrigerant|Restorative|Scarlet-Fever|Scrofula|Tonic|Tonsillitis|Tumor|Typhoid|Vasodilator|Wart,,,,,,0
Selinum sylvestre,Apio,,phytochemical,Tumor,Dr. Duke,,,Tumor,,,,,,0
Senecio subscendens,,,phytochemical,Cancer,Dr. Duke,,,Cancer,,,,,,0
Silene aprica,,,phytochemical,Tumor(Breast),Dr. Duke,,,Tumor(Breast),,,,,,0
Smyrnium perfoliatum,Smyrnion,,phytochemical,Tumor,Dr. Duke,,,Tumor,,,,,,0
Solanum albidum,,,phytochemical,Cancer,Dr. Duke,,,Cancer,,,,,,0
Solanum incanum,,,phytochemical,Tumor,Dr. Duke,,,Ache(Stomach)|Ache(Tooth)|Anodyne|Antiseptic|Carcinogenic|Chest|Gonorrhea|Piscicide|Poison|Poison(Arrow)|Rennet|Sore(Throat)|Tumor,,general_toxicity;genotoxic,,,,0
Solidago nemoralis,,,phytochemical,Tumor,Dr. Duke,,,Tumor,,,,,,0
Sophora tetraptera,Kowhai,,phytochemical,Tumor,Dr. Duke,,,Tumor,,,,,,0
Sphenocentrum jollyanum,Kotemenem,,phytochemical,Tumor(Breast),Dr. Duke,,,Chewstick|Laxative|Stomachic|Sweetener|Tumor(Breast),,,,,,0
Spinacia oleracea,Spinach,,phytochemical,Tumor,Dr. Duke,,,Anemia|Antivinous|Astringent|Bactericide|Bowel|Carminative|Demulcent|Depurative|Diuretic|Fatigue|Fever|Inflammation|Laxative|Rachitis|Refrigerant|Thirst|Tuberculosis|Tumor,,,,,,0
Sprekelia formosissima,,,phytochemical,Tumor,Dr. Duke,,,Inflammation|Tumor,,,,,,0
Stellaria semivestita,,,phytochemical,Cancer,Dr. Duke,,,Cancer,,,,,,0
Syzygium cumini,,,phytochemical,Cancer,Dr. Duke,,,Anemia|Astringent|Cancer|Colic|Diarrhea|Diuretic|Dysentery,,,,,,0
Tabernaemontana corymbosa,,,phytochemical,Cancer,Dr. Duke,,,Cancer|Syphilis(3),,,,,,0
Tagetes lucida,Tzitziqui,,phytochemical,Tumor,Dr. Duke,,,Anesthetic|Bite(Bug)|Diarrhea|Fumigant|Fumitory|Hallucinogen|Hemoptysis|Hiccup|Incense|Itch|Malaria|Repellant(Insect)|Rheumatism|Sedative|Spice|Tea|Tick|Tumor,,,,,,0
Tamarix tetrandra,Erica,,phytochemical,Carcinoma,Dr. Duke,,,Carcinoma,,,,,,0
Teucrium polium,Polion,,phytochemical,Tumor,Dr. Duke,,,Abscess|Diabetes|Fungoid|Inflammation|Intestine|Piles|Stimulant|Tumor,,,,,,0
Thesium linophyllum,Velvote,,phytochemical,Cancer,Dr. Duke,,,Cancer,,,,,,0
Thespesia populnea,,,phytochemical,Cancer,Dr. Duke,,,Ache(Head)|Bactericide|Bite(Bug)|Bite(Insect)|Cancer|Cardiotonic|Cholera|Cold|Colic|Cough|Dentition|Diuretic|Dysentery|Eczema|Emollient|Fever|Gonorrhea|Guineaworms|Herpes|Hypertension|Inflammation|Itch|Joint|Liver|Longevity|Malaria|Mental|Migraine|Ophthalmia|Piles|Pleurisy|Poison|Psoriasis|Purgative|Ringworm|Salivation|Scabies|Sedative|Shortwindedness|Skin|Stomach|Sudorific|Swelling|Testicle|Thrush|Urethritis|Viricide|Wart|Wound,,general_toxicity,,,,0
Tinospora cordifolia,Cochinnaruha,,phytochemical,Tumor(Abdomen),Dr. Duke,,,Aphrodisiac|Asthma|Bactericide|Diuretic|Emetic|Erysipelas|Fever|Gout|Inflammation|Jaundice|Leprosy|Liver|Malaria|Rheumatism|Sedative|Sore|Stimulant|Stomach(Veterinary)|Stomachic|Tonic|Tuberculosis|Tumor(Abdomen),,,,,,0
Tournefortia capitata,Tlachichinoa,,phytochemical,Cancer(Uterus),Dr. Duke,,,Cancer(Uterus),,,,,,0
Tournefortia umbellata,,,phytochemical,Tumor,Dr. Duke,,,Tumor,,,,,,0
Trapa natans,Hisi,,phytochemical,Cancer(Stomach),Dr. Duke,,,Alterative|Astringent|Bilious|Cancer(Stomach)|Diarrhea|Fever|Refrigerant|Tonic,,,,,,0
Trichosanthes dioica,,,phytochemical,Cancer,Dr. Duke,,,Bilious|Cancer|Circulation|Diuretic|Fever|Hemagglutinant|Laxative|Purgative|Tonic|Tumor(Abdomen),,,,,,0
Trillium sp,"Wakerobin,Nodding",,phytochemical,Tumor,Dr. Duke,,,Tumor,,,,,,0
Urera caracasana,"Nettle,Red",,phytochemical,Cancer(Brain),Dr. Duke,,,Cancer(Brain)|Poison-Ivy|Syphilis,,general_toxicity,,,,0
Urtica pilulifera,Nettle,,phytochemical,Cancer,Dr. Duke,,,Cancer|Epistaxis|Hematemesis|Hemoptysis|Metrorrhagia|Paralysis,,,,,,0
Vaccaria pyramidata,,,phytochemical,Tumor,Dr. Duke,,,Abscess|Amenorrhea|Anodyne|Bactericide|Breast|Circulation|Hemostatic|Inflammation|Labor|Lactogogue|Mastitis|Metroxenia|Sore|Tumor,,,,,,0
Valeriana phu,Small Potentille,,phytochemical,Cancer,Dr. Duke,,,Cancer|Catarrh|Intestine|Nervine|Perfume|Spasm|Spice|Stomachic,,,,,,0
Vallaris heynei,,,phytochemical,Tumor,Dr. Duke,,,Tumor,,,,,,0
Verbascum phlomoides,Verbascum,,phytochemical,Tumor,Dr. Duke,,,Piscicide|Repellant(Rat)|Tumor,,,,,,0
Veronica chamaedrys,Speedwell,,phytochemical,Cancer,Dr. Duke,,,Cancer,,,,,,0
Vetiveria zizanioides,Sevya,,phytochemical,Tumor(Abdomen)(Veterinary),Dr. Duke,,,Antidote(Scorpion)(Veterinary)|Bite(Snake)(Veterinary)|Boil(Veterinary)|Burn(Veterinary)|Carminative(Veterinary)|Colic(Veterinary)|Cosmetic|Cosmetic(Veterinary)|Detersive(Veterinary)|Diaphoretic(Veterinary)|Diuretic(Veterinary)|Emmenagogue(Veterinary)|Epilepsy(Veterinary)|Excitant(Veterinary)|Expectorant(Veterinary)|Fever(Veterinary)|Flu(Veterinary)|Hepatitis(Veterinary)|Lumbago(Veterinary)|Malaria(Veterinary)|Mouth(Veterinary)|Nausea(Veterinary)|Parasiticide(Veterinary)|Parturition|Perfume(Veterinary)|Pleurisy(Veterinary)|Refrigerant(Veterinary)|Repellant(Insect)|Repellant(Insect)(Veterinary)|Rheumatism(Veterinary)|Soap(Veterinary)|Sore(Veterinary)|Spasm(Veterinary)|Sprain(Veterinary)|Stimulant(Veterinary)|Stomachic(Veterinary)|Stomatitis(Veterinary)|Sudorific(Veterinary)|Swelling(Veterinary)|Tonic(Veterinary)|Tumor(Abdomen)(Veterinary)|Vermifuge(Veterinary)|Yellow Fever(Veterinary),,pregnancy_caution,,,,0
Vicia ervilia,"Veterinarych,Bittes",,phytochemical,Tumor,Dr. Duke,,,Poison|Tumor,,general_toxicity,,,,0
Viola lactiflora,Tzu Hua Ti Ling,,phytochemical,Tumor,Dr. Duke,,,Tumor,,,,,,0
Vitex rotundifolia,Man Jing Zi,,phytochemical,Tumor(Nose),Dr. Duke,,,Febrifuge|Tonic|Tumor(Nose),,,,,,0
Vitis pentaphylla,Wu Lien Mei,,phytochemical,Cancer,Dr. Duke,,,Bite(Bug)|Bladder|Boil|Cancer|Diuretic|Hemorrhage|Inflammation|Sore|Swelling,,,,,,0
Wedelia chinensis,,,phytochemical,Cancer,Dr. Duke,,,Alopecia|Alterative|CNS|Cancer|Cephalgia|Cough|Hairblack|Hemorrhage|Menorrhagia|Skin|Tonic,,,,,,0
Wrightia tomentosa,,,phytochemical,Tumor,Dr. Duke,,,Ache(Stomach)|Ache(Tooth)|Bite(Snake)|Colic|Dysentery|Dysmenorrhea|Fever|Hemorrhage|Hemostat|Renitis|Tumor,,,,,,0
Zanthoxylum americanum,Prickly Ash,,phytochemical,Cancer,Dr. Duke,,,Ache(Tooth)|Cancer|Colic|Cough|Expectorant|Gonorrhea|Medicine|Poultice|Rheumatism|Sialogogue|Sore|Spasm|Stimulant|Stomatitis|Sudorific|Suppurative|Tonic|Wound,,,,,,0
Zingiber amomum,Zinziber,,phytochemical,Tumor(Spleen),Dr. Duke,,,Tumor(Spleen),,,,,,0
Ascyrum hypericoides,Peter'Swort,,phytochemical,Tumor,Dr. Duke,,,Astringent|Lithontriptic|Purgative|Resolvent|Tumor,,,,,,0
Corallorhiza odontorhiza,Coral,,phytochemical,Cancer,Dr. Duke,,,Cancer|Diaphoretic|Febrifuge|Pleurisy|Sedative,,,,,,0
Rumex vulgaris,"Dock,Yellow",,phytochemical,Cancer,Dr. Duke,,,Cancer,,,,,,0
Argyreia arborea,,,phytochemical,Tumor,Dr. Duke,,,Tumor,,,,,,0
Amaranthus muricatus,Hierba Meona,,phytochemical,Tumor,Dr. Duke,,,Cataplasm|Tumor,,,,,,0
Kohleria deppeanum,Tlachichinoa,,phytochemical,Cancer(Uterus),Dr. Duke,,,Cancer(Uterus),,,,,,0
Myroxylon peruiferum,Peru Balsam,,phytochemical,Cancer,Dr. Duke,,,Cancer,,,,,,0
Myroxylon pereirae,Hoitziloxitl,,phytochemical,Tumor,Dr. Duke,,,Ache(Stomach)|Amenorrhea|Antiseptic|Anus|Asthma|Bactericide|Bedsore|Bronchitis|Catarrh|Chilblain|Colic|Deodorant|Diuretic|Dysmenorrhea|Expectorant|Freckle|Gout|Itch|Osteomyelitis|Parasiticide|Pediculicide|Phthisis|Piles|Rheumatism|Ringworm|Scabies|Sore|Spasm|Stimulant|Tumor|Umbilicus|Venereal|Vermifuge|Wound,,,,,,0
Sacoglottis verrucosa,Uchy,,phytochemical,Tumor,Dr. Duke,,,Tumor,,,,,,0
Scaevola frutescens,,,phytochemical,Tumor,Dr. Duke,,,Ache(Head)|Ague|Antidote|Beriberi|Conjunctivitis|Diarrhea|Diuretic|Dropsy|Dysentery|Dyspepsia|Elephantiasis|Eye|Fracture|Fumitory|Leg|Ophthalmia|Stomach|Swelling|Syphilis|Tachycardia|Tumor,,,,,,0
Simira rhodoclada,Chupire,,phytochemical,Tumor,Dr. Duke,,,Tumor,,,,,,0
Acacia senegal,Acacia,,phytochemical,Cancer,Dr. Duke,,,Astringent|Cancer|Demulcent|Emollient|Expectorant,,,,,,0
Acalypha alopecuroides,Hierba Del Cancer,,phytochemical,Cancer,Dr. Duke,,,Anodyne|Asthma|Bruise|Cancer|Carminative|Diarrhea|Diuretic|Dyspepsia|Inflammation|Sedative|Sprain|Vulnerary,,,,,,0
Acnistus ramiflorus,,,phytochemical,Cancer,Dr. Duke,,,Cancer,,,,,,0
Aconitum ferox,Aconito Feroz,,phytochemical,Cancer,Dr. Duke,,,Cancer|Cough|Neuralgia|Poison|Rheumatism|Sedative,,general_toxicity,,,,0
Actinidia chinensis,,,phytochemical,Cancer,Dr. Duke,,,Antidote|Arthralgia|Cancer|Diuretic|Esophagus|Fever|Hepatoma|Liver|Mange(Veterinary)|Rheumatism|Stone|Tension|Thirst|Urogenital,,,,,,0
Aesculus hippocastanum,,,phytochemical,Cancer,Dr. Duke,,,Alterative|Analgesic|Anodyne|Astringent|Back|Cancer|Fever|Hemostatic|Malaria|Narcotic|Neuralgia|Pertussis|Piles|Poison|Preventitive(Rheumatism)|Rectitis|Rectum|Rheumatism|Sclerosis(Breast)|Sore|Sternutatory|Tonic|Vasoconstrictor|Vulnerary,,general_toxicity,,,,0
Agrimonia cannabina,Agrimony,,phytochemical,Cancer,Dr. Duke,,,Cancer,,,,,,0
Agrimonia pilosa,,,phytochemical,Cancer,Dr. Duke,,,Abdomen|Ache(Head)|Antidiarrheic|Cancer|Dysentery|Fever|Heatstroke|Hemostat|Sore(Throat),,,,,,0
Aralia nudicaulis,Spikenard,,phytochemical,Cancer,Dr. Duke,,,Alterative|Cancer|Cathartic|Cough|Depurative|Hemoptysis|Medicine|Narcotic|Pectoral|Refrigerant|Sudorific|Tea|Tonic,,,,,,0
Arfeuillea arborescens,Kong Kar Duead,,phytochemical,Cancer,Dr. Duke,,,Cancer,,,,,,0
Aristolochia indica,,,phytochemical,Cancer,Dr. Duke,,,Anasarca|Anodyne|Ascites|Bite(Lizard)|Bite(Snake)|Breast|Cancer|Carminative|Cholera|Dropsy|Dyspepsia|Fever|Leucoderma|Malaria|Suppuration,,,,,,0
Artemisia arborescens,Mugwort,,phytochemical,Cancer,Dr. Duke,,,Apertif|Cancer,,,,,,0
Asclepias glaucescens,Tozampotzali,,phytochemical,Cancer,Dr. Duke,,,Boil|Cancer|Poison|Suppurative,,general_toxicity,,,,0
Barringtonia sp,,,phytochemical,Cancer,Dr. Duke,,,Cancer,,,,,,0
Bidens pilosa,,,phytochemical,Cancer,Dr. Duke,,,Ache(Tooth)|Aftosa|Allergy|Amygdalitis|Angina|Antidote|Bite(Snake)|Boil|Bronchitis|Cancer|Carminative|Catarrh|Cold|Colic|Conjunctivitis|Cough|Diabetes|Diarrhea|Diuretic|Dysentery|Ear|Emmenagogue|Eye|Fever|Food-Poison|Heat rash|Inflammation|Intestine|Intoxicant|Itch|Lactogogue|Liqueur|Liver|Magic|Pectoral|Rheumatism|Sclerosis(Glands)|Sialogogue|Sore|Stomach|Stomatitis|Styptic|Urticaria|Vulnerary,,general_toxicity;pregnancy_caution,,,,0
Boswellia bhaw-dajiana,Incense,,phytochemical,Cancer,Dr. Duke,,,Cancer,,,,,,0
Brassica rapa,Yun T'Ai,,phytochemical,Cancer,Dr. Duke,,,Antivinous|Arthritis|Breast|Cancer|Chest-Cold|Cold|Cosmetic|Digestive|Diuretic|Dysentery|Emetic|Fever|Flu|Hair-Tonic|Hematachezia|Honey|Laxative|Mastitis|Oil|Refrigerant|Resolvent|Rheumatism|Scurvy|Skin|Sore|Spasm|Wart,,,,,,0
Browallia demissa,Botonera,,phytochemical,Cancer,Dr. Duke,,,Cancer|Skin,,,,,,0
Bulbophyllum inconspicuum,,,phytochemical,Cancer,Dr. Duke,,,Cancer|Hemoptysis|Refrigerant|Stomach|Tuberculosis,,,,,,0
Cacalia atriplicifolia,Tassel Flower,,phytochemical,Cancer,Dr. Duke,,,Cancer,,,,,,0
Cecropia palmata,Ambay,,phytochemical,Cancer,Dr. Duke,,,Cancer,,,,,,0
Centaurea nigra,Knapweed,,phytochemical,Cancer,Dr. Duke,,,Cancer|Diaphoretic|Diuretic|Sudorific|Tonic|Vermifuge(Veterinary),,,,,,0
Cephaelis ipecacuanha,Ipecac,,phytochemical,Cancer,Dr. Duke,,,Amebiasis|Apertif|Astringent|Cancer|Cholagogue|Diaphoretic|Dysentery|Emetic|Epithelioma|Expectorant|Hemostat|Poison|Repellant(Insect)|Spasm|Sternutatory|Sudorific,,general_toxicity,,,,0
Cestrum parqui,Palqui,,phytochemical,Cancer,Dr. Duke,,,Cancer|Poison,,general_toxicity,,,,0
Chimaphila maculata,"Wintergreen,Spotted",,phytochemical,Cancer,Dr. Duke,,,Cancer|Diarrhea|Diuretic|Eruption|Liver|Nerves|Rheumatism|Skin|Sore|Syphilis|Tonic,,,,,,0
Blackstonia perfoliata,Churmel The Great,,phytochemical,Cancer,Dr. Duke,,,Cancer,,,,,,0
Cicuta virosa,"Hemlock,Water",,phytochemical,Cancer,Dr. Duke,,,Cancer|Fatality|Homeopathy|Poison,,general_toxicity,,,,0
Citrus paradisi,Grapefruit,,phytochemical,Cancer,Dr. Duke,,,Cancer|Cold|Germicide|Infection|Soap,,,,,,0
Clematis dioica,Barbas De Chivos,,phytochemical,Cancer,Dr. Duke,,,Blennorrhagia|Cancer|Carminative|Catarrh|Cold|Colic|Diuretic|Expectorant|Freckle|Perturition|Pimple|Poison|Purgative|Rubefacient|Skin|Spot|Vermifuge|Vesicant,,general_toxicity,,,,0
Clematis lasiantha,Virgin'S Bower,,phytochemical,Cancer,Dr. Duke,,,Cancer,,,,,,0
Cochlearia officinalis,Scurvygrass,,phytochemical,Cancer,Dr. Duke,,,Antiseptic|Aperient|Cancer|Depurative|Discutient|Diuretic|Gum|Scurvy|Stimulant,,,,,,0
Colchicum autumnale,Colchicum,,phytochemical,Cancer,Dr. Duke,,,Alterative|Cancer|Corn|Diuretic|Fatality|Gout|Homeopathy|Laxative|Leukemia|Poison|Rheumatism|Sedative|Sudorific,,general_toxicity,,,,0
Commiphora molmol,,,phytochemical,Cancer,Dr. Duke,,,Anodyne|Arthritis|Cancer|Hemostat|Menoxenia|Piles|Sore|Tumor|Wound,,,,,,0
Cynoglossum pictum,Epoulotin,,phytochemical,Cancer,Dr. Duke,,,Cancer,,,,,,0
Diospyros virginiana,Persimmon,,phytochemical,Cancer,Dr. Duke,,,Astringent|Cancer|Coffee|Diarrhea|Dysentery|Gargle|Hemorrhage|Intoxicant|Kidney|Lip|Liqueur|Metrorrhagia|Mouth|Sore|Sore(Throat)|Stomatitis|Styptic|Tumor|Uterus,,general_toxicity,,,,0
Durio zibethinus,Durian,,phytochemical,Cancer,Dr. Duke,,,Cancer|Dermatosis|Fever|Jaundice|Parturition|Tonic,,,,,,0
Echinochloa crusgalli,Attorlothe,,phytochemical,Cancer,Dr. Duke,,,Breath|Cancer|Hemorrhage|Preventitive|Spleen|Tonic|Wound,,,,,,0
Entada scandens,,,phytochemical,Cancer,Dr. Duke,,,Ache(Loin)|Anasarca|Astringent|Cancer|Dropsy|Epilepsy|Hair|Hair-Dye|Laxative|Piscicide|Poison|Rinderpest|Soap|Stomachic,,general_toxicity,,,,0
Eryngium maritimum,Cardo,,phytochemical,Cancer,Dr. Duke,,,Cancer|Diuretic,,,,,,0
Erythrina corallodendron,,,phytochemical,Cancer,Dr. Duke,,,Appendicitis|Cancer|Poison,,general_toxicity,,,,0
Euphorbia anomala,Alvelos,,phytochemical,Cancer,Dr. Duke,,,Cancer,,,,,,0
Euphorbia clavarioides,,,phytochemical,Cancer,Dr. Duke,,,Cancer|Edema|Feet|Masticatory,,,,,,0
Euphorbia heterodoxa,Alvelos,,phytochemical,Cancer,Dr. Duke,,,Cancer|Tumor,,,,,,0
Euphorbia lathyris,,,phytochemical,Cancer,Dr. Duke,,,Antiseptic|Cancer|Coffee|Corn|Diarrhea|Diuretic|Emetic|Gangrene|Melanoma|Poison|Purgative|Skin|Sore|Sore(Throat)|Wart,,general_toxicity,,,,0
Euphorbia pithyusa,Anabulla,,phytochemical,Cancer,Dr. Duke,,,Cancer,,,,,,0
Euphorbia tirucalli,,,phytochemical,Cancer,Dr. Duke,,,Abscess|Ache(Ear)|Ache(Tooth)|Asthma|Cancer|Colic|Cough|Dermatosis|Emetic|Fracture|Gastralgia|Leprosy|Neuralgia|Ostealgia|Osteosis|Piles|Piscicide|Poison|Purgative|Rheumatism|Rhinosis|Rubefacient|Scurf|Swelling|Thorn|Vesicant|Wart|Wound,,general_toxicity,,,,0
Ferula ferulago,Galbanum,,phytochemical,Cancer,Dr. Duke,,,Cancer,,,,,,0
Gaultheria hispidula,"Wintergreen,Cancer",,phytochemical,Cancer,Dr. Duke,,,Cancer,,,,,,0
Gentiana rigescens,,,phytochemical,Cancer,Dr. Duke,,,Ache(Head)|Ache(Stomach)|Apertif|Arthritis|Cancer|Diarrhea|Dyspepsia|Gastritis|Heartburn|Inflammation|Jaundice|Nausea|Rheumatism|Sore|Sore(Throat)|Wound,,,,,,0
Geranium molle,Herba Cancri,,phytochemical,Cancer,Dr. Duke,,,Cancer,,,,,,0
Gomphrena decumbens,Hierba De Cancer,,phytochemical,Cancer,Dr. Duke,,,Cancer|Fever|Internal|Sore,,,,,,0
Gossypium schottii,Taman,,phytochemical,Cancer,Dr. Duke,,,Cancer,,,,,,0
Hancornia pubescens,Mangabeira Brava,,phytochemical,Cancer,Dr. Duke,,,Cancer,,,,,,0
Helianthemum corymbosum,Frostweed,,phytochemical,Cancer,Dr. Duke,,,Cancer,,,,,,0
Heliotropium curassavicum,Queyauhquilitl,,phytochemical,Cancer,Dr. Duke,,,Cancer|Salt|Sore|Tea|Wound,,,,,,0
Helleborus foetidus,"Hellebore,Black",,phytochemical,Cancer,Dr. Duke,,,Cancer|Cardiac|Emmenagogue|Poison|Vermifuge,,general_toxicity;pregnancy_caution,,,,0
Helleborus viride,Loze,,phytochemical,Cancer,Dr. Duke,,,Cancer,,,,,,0
Heuchera villosa,"Alumroot,Mapleleaf",,phytochemical,Cancer,Dr. Duke,,,Cancer,,,,,,0
Hippomane mancinella,Penaihva,,phytochemical,Cancer,Dr. Duke,,,Arrow|Cancer|Cathartic|Dermatitogenic|Diaphoretic|Diuretic|Dropsy|Emetic|Fatality|Homeopathy|Homicide|Infection|Piscicide|Poison|Poison(Arrow)|Syphilis|Tetanus|Venereal|Vermifuge|Vesicant|Wart,,general_toxicity,,,,0
Hosta coerulea,,,phytochemical,Cancer,Dr. Duke,,,Cancer|Sore,,,,,,0
Hydrocotyle vulgaris,"Pennywort,Marsh",,phytochemical,Cancer,Dr. Duke,,,Cancer|Depurative|Diuretic|Poison|Purgative|Sudorific|Vulnerary,,general_toxicity,,,,0
Hypericum pratense,,,phytochemical,Cancer,Dr. Duke,,,Cancer|Uterus,,,,,,0
Lappula virginiana,Hound'S Tongue,,phytochemical,Cancer,Dr. Duke,,,Cancer,,,,,,0
Lavandula spica,Lavender,,phytochemical,Cancer,Dr. Duke,,,Cancer|Digestive,,,,,,0
Lilium martagon,Aphrodelle,,phytochemical,Cancer,Dr. Duke,,,Cancer|Emollient,,,,,,0
Liparis odorata,,,phytochemical,Cancer,Dr. Duke,,,Cancer,,,,,,0
Lobelia erinus,Lobelia,,phytochemical,Cancer,Dr. Duke,,,Cancer|Divination,,,,,,0
Lobelia siphilitica,Lobelia,,phytochemical,Cancer,Dr. Duke,,,Cancer|Syphilis,,,,,,0
Lychnis dioica,Wild Campion,,phytochemical,Cancer,Dr. Duke,,,Cancer,,,,,,0
Lythrum alatum,Yerba De Cancer,,phytochemical,Cancer,Dr. Duke,,,Cancer,,,,,,0
Mentha cardiaca,Mint,,phytochemical,Cancer,Dr. Duke,,,Cancer,,,,,,0
Morinda officinalis,,,phytochemical,Cancer,Dr. Duke,,,Cancer|Cholecystitis|Debility|Ejaculation|Enuresis|Hernia|Impotency|Lumbago|Notalgia|Polyuria,,,,,,0
Morus tatarica,San Ken,,phytochemical,Cancer,Dr. Duke,,,Cancer,,,,,,0
Myrica caroliniensis,Myrtle,,phytochemical,Cancer,Dr. Duke,,,Cancer,,,,,,0
Oxalis amplifolia,,,phytochemical,Cancer,Dr. Duke,,,Cancer,,,,,,0
Oxalis trilliifolia,,,phytochemical,Cancer,Dr. Duke,,,Cancer,,,,,,0
Panax pseudoginseng,,,phytochemical,Cancer,Dr. Duke,,,Alterative|Anodyne|Atherosclerosis|Boil|Bruise|Cancer|Carminative|Dysmenorrhea|Enterrhagia|Epistaxis|Estrogenic|Expectorant|Extravasation|Fever|Gonadotrophic|Hematoptysis|Hemostat|Hypertension|Hypotension|Masticatory|Preventitive|Puerperium|Sedative|Stimulant|Swelling|Tonic,,,,,,0
Parietaria officinalis,Pellitory,,phytochemical,Cancer,Dr. Duke,,,Abscess|Alterative|Astringent|Bladder|Cancer|Cystitis|Diuretic|Dropsy|Emollient|Gravel|Hepatitis|Inflammation|Intellect|Laxative|Nervine|Oliguria|Piles|Refrigerant|Sternutatory|Stimulant|Stomach|Stone|Wound,,,,,,0
Phillyrea latifolia,Mockpriveterinary,,phytochemical,Cancer,Dr. Duke,,,Cancer|Diuretic|Emmenagogue|Mouthwash,,pregnancy_caution,,,,0
Picris repens,Hu Huang Lien,,phytochemical,Cancer,Dr. Duke,,,Alterative|Astringent|Cancer|Dysentery|Fever|Malaria|Marasmus|Piles|Sore|Struma|Tonic,,,,,,0
Pilocereus sp,Cactus De Viejo,,phytochemical,Cancer,Dr. Duke,,,Cancer,,,,,,0
Pinus monophylla,Pinon,,phytochemical,Cancer,Dr. Duke,,,Cancer,,,,,,0
Piper sp,Phlu Kae,,phytochemical,Cancer,Dr. Duke,,,Abortifacient|Ache(Head)|Ache(Tooth)|Anticoagulant|Cancer|Expectorant|Newborn|Skin|Soap|Stomach|Sudorific|Wound,,bleeding_risk;pregnancy_caution,,,,0
Pistacia mutica,,,phytochemical,Cancer,Dr. Duke,,,Cancer,,,,,,0
Pithecellobium avaremotemo,Avaremotemo,,phytochemical,Cancer,Dr. Duke,,,Cancer,,,,,,0
Plantago sp,Plantain,,phytochemical,Cancer,Dr. Duke,,,Blood|Bruise|Cancer|Dysentery|Hair-Set|Laxative|Medicine|Nipple|Poultice|Swelling|Tonic,,,,,,0
Plumbago europaea,Chitra Vani,,phytochemical,Cancer,Dr. Duke,,,Ache(Tooth)|Cancer|Cathartic|Dentistry|Emetic|Erysipelas|Itch|Poison|Rubefacient|Scabies|Sialogogue|Swelling|Vesicant|Wart,,general_toxicity,,,,0
Polygala senega,"Snakeroot,Common",,phytochemical,Cancer,Dr. Duke,,,Alterative|Asthma|Bite(Snake)|Bronchitis|Cancer|Diuretic|Emetic|Expectorant|Gout|Hivess|Medicine|Pleurisy|Poison|Rheumatism|Sudorific|Tonic,,general_toxicity,,,,0
Randia sp,,,phytochemical,Cancer,Dr. Duke,,,Cancer|Intestine|Piscicide|Stomach,,,,,,0
Ranunculus asiaticus,Batrachion,,phytochemical,Cancer,Dr. Duke,,,Cancer,,,,,,0
Ranunculus multifidus,,,phytochemical,Cancer,Dr. Duke,,,Ache(Head)|Cancer|Tattoo,,,,,,0
Ranunculus scleratus,Shui Chin,,phytochemical,Cancer,Dr. Duke,,,Anodyne|Asthma|Bactericide|Cancer|Cold|Debility|Diuretic|Dysuria|Flu|Halitosis|Homeopathy|Kidney|Pneumonia|Poison|Rheumatism|Rubefacient|Sciatica|Skin|Spasm|Spermatorrhea|Stimulant|Stomachic|Tonic|Vermifuge|Vesicant|Viricide|Wart|Wen,,general_toxicity,,,,0
Rheum rhaponticum,Rhubarb,,phytochemical,Cancer,Dr. Duke,,,Amenorrhea|Antilactogogue|Aperient|Cancer|Dysmenorrhea|Endometritis|Fatality|Fever|Poison|Wart,,general_toxicity,,,,0
Rhus terebinthifolia,Quauhchichioalli,,phytochemical,Cancer,Dr. Duke,,,Cancer|Parturition|Rheumatism|Sore|Syphilis,,,,,,0
Rubus idaeus,Frambosia,,phytochemical,Cancer,Dr. Duke,,,Astringent|Bilious|Bowel|Cancer|Depurative|Diabetes|Diarrhea|Dysmenorrhea|Eye|Fever|Gastritis|Gout|Inflammation|Liqueur|Paralysis|Parturition|Rheumatism|Scurvy|Sore(Throat)|Spasmolytic|Stimulant|Sudorific|Tea|Urogenital,,,,,,0
Salvia claytoni,Cancerweed,,phytochemical,Cancer,Dr. Duke,,,Cancer,,,,,,0
Salvia sclarea,Cleere Eye,,phytochemical,Cancer,Dr. Duke,,,Antiseptic|Astringent|Cancer|Catarrh|Cosmetic|Debility|Emmenagogue|Perspiration|Soap|Spasm|Stimulant|Stomachic,,pregnancy_caution,,,,0
Salvia verticillata,Salbey,,phytochemical,Cancer,Dr. Duke,,,Cancer,,,,,,0
Sarcanthus teretifolius,Ch'Ai Tzu Ku,,phytochemical,Cancer,Dr. Duke,,,Cancer,,,,,,0
Silybum marianum,"Thistle,Lady'S",,phytochemical,Cancer,Dr. Duke,,,Alterative|Asthma|Calculus|Cancer|Chest|Cholagogue|Coffee|Depurative|Diabetes|Dropsy|Emmenagogue|Fever|Galactogogue|Gall-Bladder|Hemostat|Hepatitis|Jaundice|Leucorrhea|Poison|Purgative|Spleen|Stimulant|Sudorific|Tonic,,general_toxicity;pregnancy_caution,,,,0
Sisymbrium orientale,Erio,,phytochemical,Cancer,Dr. Duke,,,Cancer,,,,,,0
Smilax aspera,Salseparaille,,phytochemical,Cancer,Dr. Duke,,,Cancer|Sudorific,,,,,,0
Smilax siphilitica,,,phytochemical,Cancer,Dr. Duke,,,Cancer,,,,,,0
Smyrnium olusatrum,Alexanders,,phytochemical,Cancer,Dr. Duke,,,Cancer|Scurvy,,,,,,0
Stachys bogotensis,Asnac Ccora,,phytochemical,Cancer,Dr. Duke,,,Cancer,,,,,,0
Stemona tuberosa,,,phytochemical,Cancer,Dr. Duke,,,Antiseptic|Antitussive|Bactericide|Cancer|Carminative|Cough|Insecticide|Parasiticide|Pediculicide|Phthisis|Poison|Rheumatism|Vermifuge,,general_toxicity,,,,0
Styrax benzoin,Gum Benzoin,,phytochemical,Cancer,Dr. Duke,,,Antiseptic|Arthritis|Bronchitis|Cancer|Carminative|Catarrh|Colic|Cough|Deodorant|Disinfectant|Diuretic|Evil eye|Expectorant|Incense|Insecticide|Sedative|Sore|Spermatorrhea|Stimulant|Vulnerary|Wound,,,,,,0
Sutherlandia microphylla,,,phytochemical,Cancer,Dr. Duke,,,Cancer,,,,,,0
Syzygium caryophyllata,Gun Din Sian,,phytochemical,Cancer,Dr. Duke,,,Cancer|Polyp(Nose),,,,,,0
Tabebuia heptophylla,Ipe,,phytochemical,Cancer,Dr. Duke,,,Cancer|Leukemia,,,,,,0
Tagetes sp,Rosa Del Angel,,phytochemical,Cancer,Dr. Duke,,,Ache(Ear)|Bite(Snake)|Cancer|Eye|Jaundice|Melancholy|Narcotic|Poison|Wound,,general_toxicity,,,,0
Taxus baccata,Talisa,,phytochemical,Cancer,Dr. Duke,,,Abortifacient|Ache(Head)|Antifertility|Bilious|Calculus|Cancer|Carminative|Contraceptive|Cyanogenetic|Debility|Dentifrice|Emmenagogue|Epilepsy|Expectorant|Giddiness|Hair-Oil|Hysteria|Insecticide|Lithontriptic|Medicine|Nerves|Pectoral|Poison|Sedative|Spasm|Stomachic|Tea|Tonic|Vermifuge,,general_toxicity;pregnancy_caution,,,,0
Terminalia citrina,Citrine Myrobalan,,phytochemical,Cancer,Dr. Duke,,,Cancer|Cardiotonic|Diuretic,,,,,,0
Ulmus campestris,Orwe,,phytochemical,Cancer,Dr. Duke,,,Astringent|Cancer|Demulcent|Depurative|Diuretic|Scurvy|Tea|Urogenital,,,,,,0
Vaccinium macrocarpon,Cranberry,,phytochemical,Cancer,Dr. Duke,,,Cancer|Scurvy,,,,,,0
Viola hederacea,Violet,,phytochemical,Cancer,Dr. Duke,,,Cancer,,,,,,0
Viola pilosa,,,phytochemical,Cancer,Dr. Duke,,,Bilious|Cancer|Catarrh|Cathartic|Cold|Complexion|Cough|Demulcent|Depurative|Diaphoretic|Diuretic|Dysentery|Eczema|Emetic|Emollient|Expectorant|Eye|Fever|Fungicide|Hoarseness|Laxative|Lung|Purgative|Skin|Sore(Throat),,,,,,0
Xanthium canadense,,,phytochemical,Cancer,Dr. Duke,,,Cancer,,,,,,0
Xanthium echinatum,,,phytochemical,Cancer,Dr. Duke,,,Cancer,,,,,,0
Xanthium italicum,Abrojo,,phytochemical,Cancer,Dr. Duke,,,Cancer,,,,,,0
Xylopia aethiopica,Negro Pepper,,phytochemical,Cancer,Dr. Duke,,,Ache(Head)|Bilious|Boil|Bronchitis|Cancer|Carminative|Cough|Dysentery|Emetic|Emmenagogue|Eruption|Fertility(Female)|Fumitory|Lumbago|Neuralgia|Purgative|Respiratory|Rheumatism|Sore|Stimulant|Vermifuge,,pregnancy_caution,,,,0
Zanthoxylum schinifolium,,,phytochemical,Cancer,Dr. Duke,,,Antitussive|Cancer,,,,,,0
Cycas circinalis,Paku gajah (Giant fern),,phytochemical,Cancer(Skin)?,Dr. Duke,,,Cancer(Skin)?|Carminative|Dermatosis|Flatulence|Hematemesis|Narcotic|Narcotic (Pollen)|Nausea|Parturition|Poison|Sore|Swelling|Thirst,,general_toxicity,,,,0
Antennaria dioica,,,phytochemical,Cancer(Breast),Dr. Duke,,,Bronchitis|Cancer(Breast),,,,,,0
Gnaphalium luteo-album,Pate Di Tchet,,phytochemical,Cancer(Breast),Dr. Duke,,,Astringent|Cancer(Breast)|Counterirritant|Fever|Fumigant|Gout|Mattress|Vulnerary,,,,,,0
Kohleria deppeana,Tlanchichinole,,phytochemical,Cancer(Breast),Dr. Duke,,,Cancer(Breast)|Diarrhea|Douche|Gastritis|Internulcer|Leucorrhea|Sore,,,,,,0
Malva verticillata,K'Uei,,phytochemical,Cancer(Breast),Dr. Duke,,,Aperient|Cancer(Breast)|Demulcent|Diuretic|Dysentery|Dysuria|Edema|Keratitis|Lactogogue|Laxative|Pertussis|Scabies,,,,,,0
Peperomia pellucida,Renren,,phytochemical,Cancer(Breast),Dr. Duke,,,Abdomen|Ache(Head)|Anodyne|Antispasmodic|Asthma|Bactericide|Boil|Cancer(Breast)|Chest|Cold|Cough|Depurative|Diarrhea|Fever|Flu|Pectoral|Refrigerant|Sore|Sore(Throat),,,,,,0
Pimenta racemosa,"Cinnamon,Wild",,phytochemical,Cancer(Breast),Dr. Duke,,,Ache(Head)|Adenopathy|Anodyne|Antiseptic|Bite(Bug)|Bruise|Cancer(Breast)|Carminative|Chest-Cold|Cold|Diarrhea|Digestive|Dyspepsia|Dysuria|Edema|Elephantiasis|Expectorant|Fever|Flu|Incontinence|Nausea|Perfume|Pleurisy|Pneumonia|Sore(Throat)|Spasm|Stomachic|Stroke|Varicosity|Vertigo,,,,,,0
Rheum compactum,Rhubarbe De France,,phytochemical,Cancer(Breast),Dr. Duke,,,Cancer(Breast),,,,,,0
Scutellaria viscidula,Huang Ch'In,,phytochemical,Cancer(Breast),Dr. Duke,,,Cancer(Breast),,,,,,0
Sophora flavescens,,,phytochemical,Cancer(Breast),Dr. Duke,,,Alexiteric|Antidiarrheic|Antiphlogistic|Astringent|Bactericide|Bitter-Principle|Cancer(Breast)|Carbuncle|Carminative|Diarrhea|Diuretic|Dysentery|Enteritis|Enterorrhagia|Fever|Hemorrhage|Hivess|Jaundice|Metrorrhagia|Piles|Rash|Scabies|Scrofula|Stomachic|Trichomoniasis|Vaginitis|Vermifuge,,,,,,0
Zephyranthes rosea,,,phytochemical,Cancer(Breast),Dr. Duke,,,Abscess|Cancer(Breast)|Cold|Cough|Tuberculosis,,,,,,0
Angelica glabra,,,phytochemical,Cancer(Cervix),Dr. Duke,,,Cancer(Cervix),,,,,,0
Atractylodes henryi,,,phytochemical,Cancer(Cervix),Dr. Duke,,,Cancer(Cervix),,,,,,0
Citrus nobilis,,,phytochemical,Cancer(Cervix),Dr. Duke,,,Analgesic|Antiphlogistic|Antitussive|Cancer(Cervix)|Colic|Mastitis|Nausea|Orchitis|Swelling,,,,,,0
Rheum undulatum,Rapontic,,phytochemical,Cancer(Face),Dr. Duke,,,Aperient|Cancer(Face),,,,,,0
Myosotis arvensis,Mousear,,phytochemical,Cancer(Genital),Dr. Duke,,,Cancer(Genital)|Cancer(Mouth),,,,,,0
Melissa melissophyllum,,,phytochemical,Cancer(Gum),Dr. Duke,,,Cancer(Gum),,,,,,0
Wisteria floribunda,Wistaria,,phytochemical,Cancer(Intestine),Dr. Duke,,,Cancer(Intestine)|Poison,,general_toxicity,,,,0
Alnus serrulata,Black Alder,,phytochemical,Cancer(Lip),Dr. Duke,,,Bruise|Burn|Cancer(Lip)|Depurative|Diarrhea|Hematuria|Malaria|Poison-Ivy|Scald|Syphilis|Wound,,general_toxicity,,,,0
Baccharis notosergila,Carqueja,,phytochemical,Cancer(Liver),Dr. Duke,,,Cancer(Liver),,,,,,0
Geranium sanguineum,Gotsgnad,,phytochemical,Cancer(Mouth),Dr. Duke,,,Astringent|Cancer(Mouth)|Hemostat|Styptic,,,,,,0
Sisymbrium thalianum,Mouseear,,phytochemical,Cancer(Mouth),Dr. Duke,,,Cancer(Mouth)|Mouth|Sore,,,,,,0
Luffa cylindrica,Pipengaille,,phytochemical,Cancer(Nose),Dr. Duke,,,Amenorrhea|Cancer(Nose)|Carminative|Cathartic|Cough|Diuretic|Emetic|Lactagogue|Phlegm|Purgative|Respiratory|Sponge|Vermifuge,,,,,,0
Agastache rugosa,,,phytochemical,Cancer(Stomach),Dr. Duke,,,Ache(Head)|Angina|Anodyne|Cancer(Stomach)|Diarrhea|Fever|Nausea|Wound,,,,,,0
Arisaema consanguineum,Tian Nan Xing,,phytochemical,Cancer(Stomach),Dr. Duke,,,Abscess|Anodyne|Bite(Snake)|Boil|Cancer(Stomach)|Convulsion|Decoagulant|Epilepsy|Expectorant|Fever|Inflammation|Spasm|Swelling|Trauma,,,,,,0
Astilbe chinensis,Ch'Ang Shan,,phytochemical,Cancer(Stomach),Dr. Duke,,,Cancer(Stomach)|Cancer(Uterus),,,,,,0
Centaurium umbellatum,Centaury,,phytochemical,Cancer(Stomach),Dr. Duke,,,Cancer(Stomach)|Cholagogue|Depurative|Detersive|Digestive|Dysentery|Emmenagogue|Fever|Stomachic|Tonic|Vermifuge,,pregnancy_caution,,,,0
Conandron ramondioides,Iwa-Tisya,,phytochemical,Cancer(Stomach),Dr. Duke,,,Cancer(Stomach)|Intestinal tonic|Stomachic,,,,,,0
Curcuma petiolata,,,phytochemical,Cancer(Stomach),Dr. Duke,,,Cancer(Stomach)|Synergist,,,,,,0
Erythrina crista-galli,Eritrina,,phytochemical,Cancer(Stomach),Dr. Duke,,,Antiseptic|Cancer(Stomach)|Narcotic|Piles,,,,,,0
Grindelia cuneifolia,Grindelia,,phytochemical,Cancer(Stomach),Dr. Duke,,,Cancer(Stomach),,,,,,0
Larrea tridentata,Chaparral,,phytochemical,Cancer(Stomach),Dr. Duke,,,Antiseptic|Arthritis|Bruise|Cancer(Stomach)|Chafe|Diarrhea|Diuretic|Dysuria|Emetic|Gastritis|Hematochezia|Intestine|Knee|Rheumatism|Sore|Tuberculosia|Venereal|Wound,,,,,,0
Marsdenia condurango,Condurango,,phytochemical,Cancer(Stomach),Dr. Duke,,,Bite(Snake)|Cancer(Stomach)|Syphilis,,,,,,0
Passiflora edulis,Maracuja Roxo,,phytochemical,Cancer(Stomach),Dr. Duke,,,Cancer(Stomach)|Cyanogenetic|Epilepsy|Insomnia|Morphinism|Narcotic|Neuralgia|Sedative|Spasm,,,,,,0
Amomum costatum,,,phytochemical,Cancer(Uterus),Dr. Duke,,,Abdomen|Alcoholism|Cancer(Uterus)|Chill|Circulation|Digestive|Dyspepsia|Hangover|Hiccup|Nausea|Stupor,,,,,,0
Bombax malabaricum,,,phytochemical,Cancer(Uterus),Dr. Duke,,,Alterative|Aphrodisiac|Astringent|Cancer(Uterus)|Demulcent|Diarrhea|Emetic|Filler|Hemostatic|Impotency|Restorative|Stimulant|Tonic|Tumor(Abdomen),,,,,,0
Castilla elastica,Caucho Criollo Hembra,,phytochemical,Cancer(Uterus),Dr. Duke,,,Abcess|Abscess|Aphrodisiac|Bowel|Cancer(Uterus)|Colic|Condyloma|Constipation|Diuretic|Dysentery|Eye|Fracture|Hoarseness|Intestine|Ophthalmia|Sterility|Stomach|Suppurative|Thirst|Ulcer|Womb,,,,,,0
Epimedium macranthum,,,phytochemical,Cancer(Uterus),Dr. Duke,,,Aphrodisiac|Cancer(Uterus),,,,,,0
Nuphar luteum,"Pondlily,Yellow",,phytochemical,Cancer(Uterus),Dr. Duke,,,Anaphrodisiac|Aphrodisiac|Calmative|Cancer(Uterus)|Stimulant,,,,,,0
Psoralea corylifolia,,,phytochemical,Cancer(Uterus),Dr. Duke,,,Ache(Stomach)|Arthritis|Bactericide|Callosity|Cancer(Uterus)|Caries|Diarrhea|Diuretic|Ejaculation|Enuresis|Female|Genital|Impotency|Incontinence|Inflammation|Kidney|Knee|Leprosy|Leucoderma|Leucorrhea|Lumbago|Piscicide|Polyuria|Pregnancy|Preventitive(Abortifacient)|Psoriasis|Rheumatism|Skin|Spermatorrhea|Splenitis|Stimulant|Stomachic|Tonic|Vision|Vitiligo|Wet-Dream,,pregnancy_caution,,,,0
Tetrapanax papyriferum,,,phytochemical,Cancer,Dr. Duke,,,Cancer|Diuretic|Fever|Lactogogue,,,,,,0
Adonis autumnalis,Argemone,,phytochemical,Carcinoma,Dr. Duke,,,Carcinoma,,,,,,0
Cinchona succiruba,Conchona Bark,,phytochemical,Carcinoma,Dr. Duke,,,Carcinoma,,,,,,0
Dictamnus albus,Dittany,,phytochemical,Carcinoma,Dr. Duke,,,Abortifacient|Amenorrhea|Antiseptic|Carcinoma|Diuretic|Eczema|Emmenagogue|Fever|Impetigo|Malaria|Nerves|Nervine|Pectoral|Puerperium|Scabies|Sedative|Spasm|Stomachic|Sudorific|Tonic|Vermifuge,,pregnancy_caution,,,,0
Glycyrrhiza echinata,,,phytochemical,Carcinoma,Dr. Duke,,,Alterative|Anodyne|Antidote|Antispasmodic|Antitussive|Carcinoma|Cough|Demulcent|Excrescence|Expectorant|Fever|Rejuvenation|Sore|Thirst|Tonic,,,,,,0
Glycyrrhiza uralensis,Gan Cao,,phytochemical,Cancer(Esophagus),Dr. Duke,,,Abscess|Addison's-Disease|Adrenocortical|Anorexia|Antidote|Antispasmodic|Antitussive|Cancer(Esophagus)|Cough|Debility|Demulcent|Duodenum|Emollient|Expectorant|Hemorrhage|Internulcer|Laryngitis|Laxative|Palpitation|Pharyngitis|Piles|Sore|Tuberculosis|Vertigo,,,,,,0
Inula brittanica,Xuan Fu Hua,,phytochemical,Cancer(Esophagus),Dr. Duke,,,Cancer(Esophagus)|Expectorant|Stomachic,,,,,,0
Acacia concinna,,,phytochemical,Tumor,Dr. Duke,,,Detergent|Insecticide|Piscicide|Soap|Tumor,,,,,,0
Acalypha indica,,,phytochemical,Tumor,Dr. Duke,,,Constipation|Croup|Cyanogenetic|Emetic|Irritant|Purgative|Ringworm|Tumor,,,,,,0
Achyranthes rubro-fusca,,,phytochemical,Tumor,Dr. Duke,,,Tumor,,,,,,0
Allium triquetrum,,,phytochemical,Tumor,Dr. Duke,,,Tumor,,,,,,0
Alnus incana,White Alder,,phytochemical,Tumor,Dr. Duke,,,Tumor,,,,,,0
Aloe africana,Aloes,,phytochemical,Tumor,Dr. Duke,,,Tumor,,,,,,0
Aloe spicata,Aloes,,phytochemical,Tumor,Dr. Duke,,,Tumor,,,,,,0
Alternanthera ramosissima,Chac Mo Ak,,phytochemical,Tumor,Dr. Duke,,,Cough|Tumor,,,,,,0
Amaranthus viridis,Bledo,,phytochemical,Tumor,Dr. Duke,,,Abdomen|Grain|Tumor,,,,,,0
Amorphophallus trilobatus,,,phytochemical,Tumor,Dr. Duke,,,Tumor,,,,,,0
Anagyris foetida,Anagyros,,phytochemical,Tumor,Dr. Duke,,,Emetic|Laxative|Pectoral|Poison|Purgative|Tumor|Vermifuge,,general_toxicity,,,,0
Andropogon laniger,Squinantum,,phytochemical,Tumor,Dr. Duke,,,Tumor,,,,,,0
Anthriscus sylvestris,Kerbel,,phytochemical,Tumor,Dr. Duke,,,Anodyne|Corn|Febrifuge|Tumor,,,,,,0
Antirrhinum orontium,Pantouf Di Notre Dame,,phytochemical,Tumor,Dr. Duke,,,Astringent|Detergent|Diuretic|Liver|Scurvy|Tumor,,,,,,0
Aristolochia anguicda,,,phytochemical,Tumor,Dr. Duke,,,Tumor,,,,,,0
Aristolochia odoratissima,Hoehoetzontecomatl,,phytochemical,Tumor,Dr. Duke,,,Anodyne|Bite(Snake)|Bubo|Diuretic|Fever|Psiatica|Spasm|Stimulant|Stomachic|Tetanus|Tonic|Tumor,,,,,,0
Arracacia aegopodioides,Pipitzatli,,phytochemical,Tumor,Dr. Duke,,,Tumor,,,,,,0
Bambusa vulgaris,Bambou De Jardin,,phytochemical,Tumor,Dr. Duke,,,Abortifacient|Aphrodisiac|Bilious|Burn|Catarrh|Cold|Cough|Decoagulant|Dysentery|Emmenagogue|Erysipelas|Eye|Fever|Flu|Hepatosis|Insectifuge|Jaundice|Paralysis|Pectoral|Pneumonia|Purgative|Refrigerant|Stimulant|Stroke|Tonic|Tumor|Vermifuge|Wound,,pregnancy_caution,,,,0
Barleria prionitis,,,phytochemical,Tumor,Dr. Duke,,,Ache(Tooth)|Adenopathy|Boil|Catarrh|Constipation|Cough|Diuretic|Dyspepsia|Febrifuge|Feet|Fever|Hepatosis|Rheumatism|Ringworm|Swelling|Tumor,,,,,,0
Bauhinia purpurea,,,phytochemical,Tumor,Dr. Duke,,,Anasarca|Anodyne|Antidote(Alcohol)|Antidote(Datura)|Antidote(Fish)|Antidote(Scorpion)|Bite(Snake)|Bite(Tiger)|Convulsion|Delirium|Dropsy|Epilepsy|Hemorrhage|Intoxication|Rheumatism|Rinderpest|Septicemia|Sore|Sting(Wasp)|Stupefaction|Swelling|Tumor,,general_toxicity,,,,0
Begonia acuminata,,,phytochemical,Tumor,Dr. Duke,,,Tumor,,,,,,0
Benincasa hispida,Tung Kua Tsu,,phytochemical,Tumor,Dr. Duke,,,Abdomen|Abscess|Anodyne|Cosmetic|Cough|Demulcent|Diuretic|Dysuria|Eruption|Expectorant|Fever|Gonorrhea|Gravel|Heat|Hemoptysis|Internulcer|Laxative|Longevity|Lung|Phthisis|Pimple|Rash|Suppurative|Thirst|Tonic|Tumor|Vermifuge|Wound,,,,,,0
Bletilla striata,Siran,,phytochemical,Tumor,Dr. Duke,,,Abscess|Ache(Stomach)|Ague|Apertif|Chafe|Chest|Cough|Demulcent|Dysentery|Dyspepsia|Enterorrhagia|Gastrorrhagia|Hematemesis|Hemoptysis|Hemorrhage|Hemostat|Hemostatic|Inflammation|Internulcer|Lung|Ornament|Pain|Paste|Piles|Silicosis|Skin|Swelling|Trauma|Tuberculosis|Tumor|Wound,,,,,,0
Breynia rhamnoides,Pavala Poola,,phytochemical,Tumor,Dr. Duke,,,Ache(Stomach)|Astringent|Hemorrhage|Parturition|Tumor,,,,,,0
Bursera fagaroides,Quauhxiotl,,phytochemical,Tumor,Dr. Duke,,,Ache(Tooth)|Tumor,,,,,,0
Butea monosperma,"Teak,Bastard",,phytochemical,Tumor,Dr. Duke,,,Aphrodisiac|Astringent|Dhobi Itch|Diarrhea|Diuretic|Dysentery|Fever|Gravel|Herpes|Itch|Menorrhagia|Ophthalmia|Purgative|Rubefacient|Tumor|Vermifuge,,,,,,0
Bystropogon andinus,Muna,,phytochemical,Tumor,Dr. Duke,,,Tumor,,,,,,0
Callichilia barteri,Oligborogan,,phytochemical,Tumor,Dr. Duke,,,Tumor,,,,,,0
Calophyllum blancoi,Palo Maria Del Monte,,phytochemical,Tumor,Dr. Duke,,,Tumor,,,,,,0
Canarium multiflorum,Ramy,,phytochemical,Tumor,Dr. Duke,,,Tumor,,,,,,0
Capparis rupestris,Cappero,,phytochemical,Tumor,Dr. Duke,,,Tumor,,,,,,0
Cardamine amara,Cressen,,phytochemical,Tumor,Dr. Duke,,,Depurative|Diuretic|Spasm|Tumor,,,,,,0
Cardiospermum grandiflorum,Kokalende,,phytochemical,Tumor,Dr. Duke,,,Collyrium|Eruption|Itch|Purgative|Scabies|Skin|Sore|Swelling|Tumor,,,,,,0
Cissus aristata,,,phytochemical,Tumor,Dr. Duke,,,Tumor,,,,,,0
Cissus trifoliata,Bois Soldat,,phytochemical,Tumor,Dr. Duke,,,Caustic|Poison|Skin|Sore|Tumor,,general_toxicity,,,,0
Citrus reticulata,Tran Bi,,phytochemical,Tumor,Dr. Duke,,,Abdomen|Anodyne|Apertif|Cancer|Carminative|Chest|Circulation|Cold|Congestion|Cosmetic|Cough|Diarrhea|Digestive|Diuretic|Dyspepsia|Energy|Expectorant|Fever|Gastritis|Hepatitis|Hernia|Malaria|Nausea|Refrigerant|Sedative|Side|Sore(Throat)|Spleen|Stomachic|Thirst|Tumor,,,,,,0
Clerodendrum infortunatum,,,phytochemical,Tumor,Dr. Duke,,,Ascaricide|Cholagogue|Convulsion|Gravel|Laxative|Malaria|Skin|Sore|Spasm|Tumor|Tumor(Abdomen)|Vermifuge,,,,,,0
Cocculus villosus,,,phytochemical,Tumor,Dr. Duke,,,Tumor,,,,,,0
Cordia alliodora,,,phytochemical,Tumor,Dr. Duke,,,Bruise|Catarrh|Dermatosis|Lung|Medicine|Ointment|Skin|Stimulant|Stomachic|Swelling|Tonic|Tumor|Wound,,,,,,0
Cordia globosa,,,phytochemical,Tumor,Dr. Duke,,,Astringent|Hematoptysis|Hemorrhage|Hemostatic|Tumor,,,,,,0
Cordia obliqua,,,phytochemical,Tumor,Dr. Duke,,,Gout|Tumor,,,,,,0
Cortusa matthiola,Sanicle,,phytochemical,Tumor,Dr. Duke,,,Tumor,,,,,,0
Costus spiralis,Canna Do Brejo,,phytochemical,Tumor,Dr. Duke,,,Tumor,,,,,,0
Crateva nurvala,,,phytochemical,Tumor,Dr. Duke,,,Apertif|Astringent|Calculus|Cholagogue|Cramps|Demulcent|Fever|Laxative|Malaria|Rubefacient|Tonic|Tumor|Urogenital|Vesicant,,,,,,0
Crinum latifolium,,,phytochemical,Tumor,Dr. Duke,,,Ache(Ear)|Fistula|Rheumatism|Rubefacient|Tubercle|Tumor|Whitlow,,,,,,0
Croton antisiphiliticus,Alcamphoreira,,phytochemical,Tumor,Dr. Duke,,,Tumor,,,,,,0
Croton salutaris,Sangue De Drago,,phytochemical,Tumor,Dr. Duke,,,Tumor,,,,,,0
Dentaria enneophyllus,,,phytochemical,Tumor,Dr. Duke,,,Tumor,,,,,,0
Dictyophora indusiata,,,phytochemical,Tumor,Dr. Duke,,,Tumor,,,,,,0
Dioscorea hispida,Nami,,phytochemical,Tumor,Dr. Duke,,,Antiseptic|Bite(Dog)|Boil|Callus|Corn|Diabetes|Feet|Leprosy|Poison|Poison(Arrow)|Rabies|Sore|Tumor|Whitlow,,general_toxicity,,,,0
Diospyros embryopteris,Indian Persimmon,,phytochemical,Tumor,Dr. Duke,,,Antivinous|Astringent|Demulcent|Diarrhea|Dysentery|Fever|Gonorrhea|Styptic|Tumor,,,,,,0
Distichlis sp,Chepica,,phytochemical,Tumor,Dr. Duke,,,Tumor,,,,,,0
Dysosma auranticocaulis,,,phytochemical,Tumor,Dr. Duke,,,Abscess|Alexiteric|Bite(Bug)|Bite(Snake)|Boil|Circulation|Miscarriage|Sting(Bee)|Swelling|Trauma|Tumor,,,,,,0
Ecbolium linneanum,,,phytochemical,Tumor,Dr. Duke,,,Dysuria|Gout|Jaundice|Menorrhagia|Rheumatism|Stricture|Tumor,,,,,,0
Echium indicum,Chindjar,,phytochemical,Tumor,Dr. Duke,,,Tumor,,,,,,0
Elephantopus scaber,,,phytochemical,Tumor,Dr. Duke,,,Abdomen|Abscess|Ache(Stomach)|Ache(Tooth)|Alexiteric|Alterative|Aphrodisiac|Astringent|Bactericide|Bite(Snake)|Cardiotonic|Cold|Cough|Diarrhea|Diuretic|Dropsy|Dysentery|Dysuria|Eczema|Edema|Emollient|Enteritis|Fever|Flu|Gastritis|Gonorrhea|Nausea|Pharyngitis|Sore|Suppurative|Swelling|Tonic|Tumor|Vermifuge,,,,,,0
Enterolobium cyclocarpum,Caro,,phytochemical,Tumor,Dr. Duke,,,Bronchitis|Chest|Cold|Piscicide|Soap|Tuberculosis|Tumor,,,,,,0
Equisetum giganteum,Cola De Caballo,,phytochemical,Tumor,Dr. Duke,,,Astringent|Diabetes|Poison(Veterinary)|Tumor,,general_toxicity,,,,0
Erigeron philadelphicus,Skevish Fleabane,,phytochemical,Tumor,Dr. Duke,,,Tumor,,,,,,0
Eryngium campestre,Eryggion,,phytochemical,Tumor,Dr. Duke,,,Bladder|Diaphoretic|Diuretic|Expectorant|Micturition|Pain|Tumor,,,,,,0
Erythrina corollodendron,Frijolillo,,phytochemical,Tumor,Dr. Duke,,,Tumor,,,,,,0
Erythroxylum havanense,Jiba,,phytochemical,Tumor,Dr. Duke,,,Tumor,,,,,,0
Eupatorium perfoliatum,Bonesset,,phytochemical,Tumor,Dr. Duke,,,Ague|Anodyne|Cathartic|Chest|Cold|Cough|Dengue|Diaphoretic|Emetic|Expectorant|Fever|Fracture|Hemostat|Laxative|Malaria|Medicine|Nervine|Steam-Bath|Stimulant|Stomachic|Sudorific|Tea|Tonic|Tumor|Vermifuge,,,,,,0
Geodorum nutans,,,phytochemical,Tumor,Dr. Duke,,,Tumor,,,,,,0
Gleditsia sinensis,,,phytochemical,Tumor,Dr. Duke,,,Antidote|Congestion|Dysentery|Emetic|Epilepsy|Expectorant|Laxative|Lockjaw|Numbness|Purgative|Soap|Stroke|Tumor,,,,,,0
Gnetum funiculare,Indian Abutua,,phytochemical,Tumor,Dr. Duke,,,Tumor,,,,,,0
Graptophyllum hortense,Caricature Plant,,phytochemical,Tumor,Dr. Duke,,,Tumor,,,,,,0
Gueldenstaedtia multiflora,Tzu Hua Ti Ling,,phytochemical,Tumor,Dr. Duke,,,Appendicitis|Bite(Snake)|Epistaxis|Jaundice|Sore|Tumor,,,,,,0
Hackelia virginiana,Hound'S Tongue,,phytochemical,Tumor,Dr. Duke,,,Tumor,,,,,,0
Hedychium coronarium,,,phytochemical,Tumor,Dr. Duke,,,Carminative|Excitant|Gargle|Halitosis|Nostril|Rheumatism|Rhinitis|Sore(Throat)|Stomachic|Swelling|Tonic|Tonsillitis|Tumor,,,,,,0
Heliotropium indicum,,,phytochemical,Tumor,Dr. Duke,,,Abortifacient|Aftosa|Anodyne|Antiabortifacient|Asthma|Astringent|Bite(Bug)|Boil|Calculus|Collyrium|Cough|Cyanogenetic|Diuretic|Dysuria|Eczema|Emmenagogue|Emollient|Erysipelas|Eye|Fever|Furuncle|Herpes|Hyperuricemia|Inflammation|Masticatory|Myalgia|Ophthalmia|Pectoral|Pharyngitis|Renitis|Rheumatism|Scabies|Skin|Sore|Stomachic|Thrush|Tumor|Urticaria|Vermifuge|Vulnerary|Wart|Wound,,pregnancy_caution,,,,0
Hibiscus manihot,Huang Shu K'Uei Ken,,phytochemical,Tumor,Dr. Duke,,,Tumor,,,,,,0
Hibiscus palustris,"Hibiscus,Marsh",,phytochemical,Tumor,Dr. Duke,,,Tumor,,,,,,0
Hieracium pilosella,Habichtskraut,,phytochemical,Tumor,Dr. Duke,,,Astringent|Bactericide|Bronchitis|Depurative|Diarrhea|Diuretic|Dropsy|Expectorant|Fever|Hemostat|Hemostatic|Menstruationimia|Tonic|Tumor|Vermicide,,,,,,0
Hydrolea spinosa,Espino,,phytochemical,Tumor,Dr. Duke,,,Gangrene|Spleen|Tumor,,,,,,0
Hymenocallis amoena,,,phytochemical,Tumor,Dr. Duke,,,Tumor,,,,,,0
Hymenocallis ovata,,,phytochemical,Tumor,Dr. Duke,,,Tumor,,,,,,0
Hypericum mutilum,"St John'S Wart,Dwarf",,phytochemical,Tumor,Dr. Duke,,,Tumor,,,,,,0
Indigofera argentea,"Indigo,Wild",,phytochemical,Tumor,Dr. Duke,,,Aftosa|Colic|Epilepsy|Fever|Insecticide|Nephritis|Parasiticide|Pediculicide|Tumor,,,,,,0
Khaya ixorensis,"Mahogany,African",,phytochemical,Tumor,Dr. Duke,,,Tumor,,,,,,0
Kyllinga monocephala,,,phytochemical,Tumor,Dr. Duke,,,Demulcent|Dermatitis|Diuretic|Fistula|Fumigant|Jaundice|Refrigerant|Repellant(Insect)|Stomachic|Tonic|Tumor|Vermifuge,,,,,,0
Laetia hirtella,Trompillo,,phytochemical,Tumor,Dr. Duke,,,Tumor,,,,,,0
Lamium maculatum,Deadnettle,,phytochemical,Tumor,Dr. Duke,,,Tumor,,,,,,0
Limonium tetragonum,,,phytochemical,Tumor,Dr. Duke,,,Tumor,,,,,,0
Lithospermum sp,Zacazilin,,phytochemical,Tumor,Dr. Duke,,,Tumor,,,,,,0
Loranthus europaeus,Ixos,,phytochemical,Tumor,Dr. Duke,,,Sclerosis|Tumor,,,,,,0
Lupinus albus,Lupino,,phytochemical,Tumor,Dr. Duke,,,Alterative|Carminative|Deobstruent|Depurative|Digestive|Discutient|Diuretic|Emmenagogue|Pectoral|Poison|Tumor|Vermifuge,,general_toxicity;pregnancy_caution,,,,0
Malva nicaensis,Malva,,phytochemical,Tumor,Dr. Duke,,,Tumor,,,,,,0
Malvaviscus speciosus,Malvavisco,,phytochemical,Tumor,Dr. Duke,,,Tumor,,,,,,0
Manilkara kauki,,,phytochemical,Tumor,Dr. Duke,,,Astringent|Beri-Beri|Delirium|Diarrhea|Fever|Leprosy|Ophthalmia|Tonic|Tumor|Vermifuge,,,,,,0
Matricaria inodora,"Camomile,Common",,phytochemical,Tumor,Dr. Duke,,,Tumor,,,,,,0
Melaleuca leucadendron,Cajeput,,phytochemical,Tumor,Dr. Duke,,,Ache(Ear)|Ache(Head)|Ache(Tooth)|Acne|Astringent|Bronchitis|Bruise|Carminative|Cholera|Cold|Colic|Cough|Diarrhea|Eczema|Emollient|Expectorant|Gout|Hiccup|Infection|Inflammation|Laryngitis|Malaria|Medicine|Neuralgia|Paralysis|Parasiticide|Pediculicide|Pharyngitis(Veterinary)|Pityriasis|Pleuritis|Pneumonia|Psoriasis|Pulicide|Repellant(Insect)|Rheumatism|Rhinitis|Rubefacient|Scabies|Scurvy|Sedative|Skin|Sore(Throat)|Spasm|Sprain|Stimulant|Tea|Tumor|Vermifuge|Wound,,,,,,0
Melochia sp,,,phytochemical,Tumor,Dr. Duke,,,Tumor,,,,,,0
Morisonia americana,Mabouier D'Amerique,,phytochemical,Tumor,Dr. Duke,,,Aperient|Apertif|Hysteria|Inflammation|Parasiticide|Tumor|Vermifuge,,,,,,0
Narcissus serotinus,Narcissus,,phytochemical,Tumor,Dr. Duke,,,Sclerosis|Tumor,,,,,,0
Nauclea orientalis,Bangkal,,phytochemical,Tumor,Dr. Duke,,,Ache(Head)|Fever|Piscicide|Tonic|Tumor|Vulnerary,,,,,,0
Nuphar advena,Spatterdock,,phytochemical,Tumor,Dr. Duke,,,Tumor,,,,,,0
Oenothera berteriana,Don Diego,,phytochemical,Tumor,Dr. Duke,,,Tumor,,,,,,0
Onobrychis caputgalli,Onobrychis,,phytochemical,Tumor,Dr. Duke,,,Tumor,,,,,,0
Ophrys muscifera,Testiculus,,phytochemical,Tumor,Dr. Duke,,,Tumor,,,,,,0
Opuntia sp,Tuna,,phytochemical,Tumor,Dr. Duke,,,Ache(Head)|Astringent|Bite(Snake)|Boil|Diarrhea|Diuretic|Dysentery|Dysuria|Expectorant|Eye|Hair-Tonic|Hallucinogen|Inflammation|Insomnia|Lactogogue|Poultice|Swelling|Thirst|Tuberculosis|Tumor|Wound,,,,,,0
Orchis mascula,Satyrion,,phytochemical,Tumor,Dr. Duke,,,Aphrodisiac|Astringent|Demulcent|Diarrhea|Nervine|Tonic|Tumor,,,,,,0
Orchis pallens,,,phytochemical,Tumor,Dr. Duke,,,Tumor,,,,,,0
Ornithopus sp,Bird'S Foot,,phytochemical,Tumor,Dr. Duke,,,Tumor,,,,,,0
Parietaria cretica,Myosota,,phytochemical,Tumor,Dr. Duke,,,Tumor,,,,,,0
Paullinia meliaefolia,Timbo De Cipo,,phytochemical,Tumor,Dr. Duke,,,Tumor,,,,,,0
Physalis nicandroides,Coyotomatl,,phytochemical,Tumor,Dr. Duke,,,Tumor,,,,,,0
Phytolacca octandra,Yyamolin,,phytochemical,Tumor,Dr. Duke,,,Diuretic|Emetic|Poison|Purgative|Soap|Tinea|Tumor,,general_toxicity,,,,0
Picramnia antidesma,,,phytochemical,Tumor,Dr. Duke,,,Alterative|Depurative|Eczema|Erysipelas|Fever|Gastritis|Intestine|Malaria|Nephritis|Skin|Stimulant|Syphilis|Tonic|Tumor|Venereal,,,,,,0
Pinguicula vulgaris,Sanicle,,phytochemical,Tumor,Dr. Duke,,,Expectorant|Pertussis|Rennet|Spasm|Tumor,,,,,,0
Pinus sylvestris,Colophonium,,phytochemical,Tumor,Dr. Duke,,,Cough|Medicine|Tumor,,,,,,0
Piper guineensis,"Pepper,Ashanti",,phytochemical,Tumor,Dr. Duke,,,Tumor,,,,,,0
Plantago mexicana,Acaxilotic,,phytochemical,Tumor,Dr. Duke,,,Tumor,,,,,,0
Plantago tomentosa,Llanten Velludo,,phytochemical,Tumor,Dr. Duke,,,Tumor,,,,,,0
Pogostemon heyneanus,,,phytochemical,Tumor,Dr. Duke,,,Ache(Head)|Asthma|Bilious|Boil|Cough|Dropsy|Fever|Jaundice|Rheumatism|Smallpox|Sternutatory|Tumor|Wound,,,,,,0
Polycarpon tetraphyllum,Paronychia,,phytochemical,Tumor,Dr. Duke,,,Tumor,,,,,,0
Polygonatum officinale,Solomon'S Seal,,phytochemical,Tumor,Dr. Duke,,,Arthritis|Astringent|Cardiotonic|Cold|Cough|Debility|Demulcent|Diabetes|Fever|Flu|Gravel|Hidrosis|Hypertension|Inflammation|Lung|Malaria|Ophthalmia|Refrigerant|Sedative|Sore(Throat)|Thirst|Tonic|Tumor|Urogenital|Wound,,,,,,0
Polygonum convolvulus,"Bindweed,Black",,phytochemical,Tumor,Dr. Duke,,,Tumor,,,,,,0
Polygonum orientale,,,phytochemical,Tumor,Dr. Duke,,,Anodyne|Breath|Carminative|Deobstruent|Eye|Febrifuge|Fever|Hepatitis|Hepatoma|Piscicide|Sore|Swelling|Thirst|Tubercle|Tumor|Tympanitis,,,,,,0
Polygonum persicaria,Arsmart,,phytochemical,Tumor,Dr. Duke,,,Antiseptic|Asthma|Astringent|Cardiotonic|Cold|Detersive|Fever|Gargle|Inflammation|Laxative|Lithontriptic|Pharyngitis|Stomach|Styptic|Tonic|Tonsillitis|Tumor|Vulnerary,,,,,,0
Polypodium hastatum,Chin Hsing Ts'Ao,,phytochemical,Tumor,Dr. Duke,,,Tumor,,,,,,0
Populus balsamifera,Tacamahaca,,phytochemical,Tumor,Dr. Duke,,,Astringent|Bite(Snake)|Caries|Cholera|Depurative|Diarrhea|Dysentery|Expectorant|Eye|Fracture|Gout|Inflammation|Kidney|Lung|Parasiticide|Rheumatism|Scurvy|Skin|Stimulant|Stomach|Styptic|Tumor|Vermifuge|Wound,,,,,,0
Ranunculus aquatilis,Batrachion,,phytochemical,Tumor,Dr. Duke,,,Tumor,,,,,,0
Raphionacme purpurea,Kherenchane,,phytochemical,Tumor,Dr. Duke,,,Tumor,,,,,,0
Reseda sp,Islikh,,phytochemical,Tumor,Dr. Duke,,,Tumor,,,,,,0
Rheedia brasiliensis,Bacupary,,phytochemical,Tumor,Dr. Duke,,,Tumor,,,,,,0
Ribes nigrum,Grosellero Negro,,phytochemical,Tumor,Dr. Duke,,,Cough|Cyanogenetic|Depurative|Detergent|Digestive|Diuretic|Liqueur|Refrigerant|Scurvy|Sudorific|Tea|Tumor,,,,,,0
Rosa chinensis,Yueh Chi Hua,,phytochemical,Tumor,Dr. Duke,,,Ache(Back)|Ache(Leg)|Amenorrhea|Anodyne|Circulation|Dysmenorrhea|Emmenagogue|Metroxenia|Sore|Sprain|Stimulant|Swelling|Tonic|Trauma|Tumor|Wound,,pregnancy_caution,,,,0
Ruta agrestis,Pigonidum,,phytochemical,Tumor,Dr. Duke,,,Tumor,,,,,,0
Salicornia sp,Glasswort,,phytochemical,Tumor,Dr. Duke,,,Tumor,,,,,,0
Salix pentandra,,,phytochemical,Tumor,Dr. Duke,,,Tumor,,,,,,0
Salvia hypoleuca,Kanapcha,,phytochemical,Tumor,Dr. Duke,,,Tumor,,,,,,0
Salvia leucantha,,,phytochemical,Tumor,Dr. Duke,,,Nausea|Tumor,,,,,,0
Santalum album,White Santal,,phytochemical,Tumor,Dr. Duke,,,Ache(Bones)|Ache(Head)|Ache(Stomach)|Acne|Analgesic|Anodyne|Antiseptic|Bilious|Bronchitis|Callus|Carminative|Cholera|Cosmetic|Cystitis|Diuretic|Dysentery|Elephantiasis|Emmenagogue|Enterosis|Expectorant|Fever|Fits|Fumigant|Gastralgia|Gleet|Gonorrhea|Hiccup|Nausea|Numbness|Perfume|Skin|Splenitis|Stimulant|Stomachic|Tumor|Ulcer|Urethritis|Urogenital,,pregnancy_caution,,,,0
Saponaria officinalis,Yebe Di Savon,,phytochemical,Tumor,Dr. Duke,,,Alterative|Bactericide|Depurative|Detergent|Diaphoretic|Diuretic|Emetic|Expectorant|Gout|Hepatitis|Jaundice|Laxative|Poison|Rheumatism|Scrofula|Shampoo|Skin|Soap|Sore|Sternutatory|Stimulant|Sudorific|Syphilis|Tumor|Venereal,,general_toxicity,,,,0
Satureja thymbra,Tragoriganum,,phytochemical,Tumor,Dr. Duke,,,Tumor,,,,,,0
Sauvagesia erecta,Yerba De San Martin,,phytochemical,Tumor,Dr. Duke,,,Tumor,,,,,,0
Smilax officinalis,Sarsaparilla,,phytochemical,Tumor,Dr. Duke,,,Tumor,,,,,,0
Solanum nigra,Yerba Mora,,phytochemical,Tumor,Dr. Duke,,,Tumor,,,,,,0
Solanum racemosum,Morelle Cerasiforme,,phytochemical,Tumor,Dr. Duke,,,Tumor,,,,,,0
Solanum valdiviense,Werke,,phytochemical,Tumor,Dr. Duke,,,Tumor,,,,,,0
Sonchus arvensis,"Sowthistle,Corn",,phytochemical,Tumor,Dr. Duke,,,Asthma|Bronchitis|Cough|Eye|Pertussis|Soporific|Swelling|Tumor,,,,,,0
Sphaeralcea sp,Malva,,phytochemical,Tumor,Dr. Duke,,,Tumor,,,,,,0
Spiraea opulifolia,Ninebark,,phytochemical,Tumor,Dr. Duke,,,Tumor,,,,,,0
Sprekelia formossissima,Jacobaean Lily,,phytochemical,Tumor,Dr. Duke,,,Tumor,,,,,,0
Stachys heraclea?,Sideritis,,phytochemical,Tumor,Dr. Duke,,,Tumor,,,,,,0
Stachytarpheta indica,Verbena,,phytochemical,Tumor,Dr. Duke,,,Bruise|Dysentery|Ear|Emmenagogue|Gonorrhea|Maturant|Sore|Sprain|Tumor,,pregnancy_caution,,,,0
Stachytarpheta mutabilis,,,phytochemical,Tumor,Dr. Duke,,,Dysmenorrhea|Fistula|Poison|Sore|Tumor|Wound,,general_toxicity,,,,0
Stellaria sp,Aoachcueton,,phytochemical,Tumor,Dr. Duke,,,Tumor,,,,,,0
Strophanthus hispida,Omaatwa,,phytochemical,Tumor,Dr. Duke,,,Swelling|Tumor,,,,,,0
Struthanthus polyrrhizus,Guira,,phytochemical,Tumor,Dr. Duke,,,Tumor,,,,,,0
Swietenia sp,Tzopilotltzontecomatl,,phytochemical,Tumor,Dr. Duke,,,Tumor,,,,,,0
Symplocos racemosa,Lodhra,,phytochemical,Tumor,Dr. Duke,,,Abdomen|Astringent|Bactericide|Bronchitis|Conjunctivitis|Cosmetic|Cough|Diarrhea|Dropsy|Dysentery|Enteritis|Eye|Hepatitis|Menorrhagia|Ophthalmia|Sore|Tumor|Uteritis,,,,,,0
Syzygium corynocarpum,,,phytochemical,Tumor,Dr. Duke,,,Breast|Tonic|Tumor,,,,,,0
Talinum triangulare,Verdolaga De Cabra,,phytochemical,Tumor,Dr. Duke,,,Collyrium|Conjunctivitis|Cyanogenetic|Diabetes|Eye|Eyelid|Refrigerant|Tumor,,,,,,0
Tamarix parvula,Heather,,phytochemical,Tumor,Dr. Duke,,,Tumor,,,,,,0
Tephrosia cinerea,Timbo Rasteiro,,phytochemical,Tumor,Dr. Duke,,,Fever|Medicine|Narcotic|Nerves|Piscicide|Skin|Tumor|Venereal,,,,,,0
Trigonella spicata,,,phytochemical,Tumor,Dr. Duke,,,Tumor,,,,,,0
Trillium latifolium,Bethroot,,phytochemical,Tumor,Dr. Duke,,,Tumor,,,,,,0
Trillium undulatum,Bethroot,,phytochemical,Tumor,Dr. Duke,,,Tumor,,,,,,0
Triumfetta rhomboidea,Tsiatiamoty,,phytochemical,Tumor,Dr. Duke,,,Carbuncle|Convulsion|Sore|Spiderlick|Toilet-Paper|Tongue|Tumor|Venereal|Whitlow,,,,,,0
Ullucus tuberosus,Ulluco,,phytochemical,Tumor,Dr. Duke,,,Tumor,,,,,,0
Ulmus hollandica,Elme,,phytochemical,Tumor,Dr. Duke,,,Tumor,,,,,,0
Uraria crinita,,,phytochemical,Tumor,Dr. Duke,,,Diarrhea|Dysentery|Fever|Fistula|Hepatomegaly|Hepatosis|Parturition|Pediculicide|Pimple|Piscicide|Smallpox|Splenomegaly|Tumor|Vermifuge,,,,,,0
Urtica chamaedryoides,Yohuayantzitzicaztli,,phytochemical,Tumor,Dr. Duke,,,Tumor,,,,,,0
Veratrum album,,,phytochemical,Tumor,Dr. Duke,,,Cathartic|Emetic|Errhine|Expectorant|Felon|Gout|Insanity|Itch|Laxative|Nervine|Neuralgia|Poison|Purgative|Rodenticide|Scabies|Sedative|Sternutatory|Sudorific|Tumor|Vermifuge,,general_toxicity,,,,0
Verbascum sinuatum,Verbascum,,phytochemical,Tumor,Dr. Duke,,,Fumitory|Piscicide|Tumor,,,,,,0
Verbesina crocata,Nauhtepotze,,phytochemical,Tumor,Dr. Duke,,,Fever|Pertussis|Sore|Stomatitis|Tumor|Wound,,,,,,0
Vernonia fasciculata,Ironweed,,phytochemical,Tumor,Dr. Duke,,,Tumor,,,,,,0
Viburnum acerifolium,Dockmockie,,phytochemical,Tumor,Dr. Duke,,,Colic|Cramp|Tea|Tumor,,,,,,0
Vinca herbacea,Vicapervica,,phytochemical,Tumor,Dr. Duke,,,Tumor,,,,,,0
Andropogon schoenanthus,Bhutikya,,phytochemical,Tumor(Abdomen),Dr. Duke,,,Tumor(Abdomen),,,,,,0
Calamus rotjang,Vacha,,phytochemical,Tumor(Abdomen),Dr. Duke,,,Aperient(Veterinary)|Bilious|Dysentery|Fever|Tonic|Tumor(Abdomen),,,,,,0
Crateva religiosa,Varana,,phytochemical,Tumor(Abdomen),Dr. Duke,,,Ache(Ear)|Alopecia|Apertif|Constipation|Digestion|Earache|Epididymitis|Fishbait|Hydrocoele|Inflammation|Laxative|Purgative|Tumor(Abdomen),,,,,,0
Curcuma sp,Zedoary,,phytochemical,Tumor(Abdomen),Dr. Duke,,,Tumor(Abdomen)|Tumor(Belly)|Wen,,,,,,0
Cyperus scariosus,Plava,,phytochemical,Tumor(Abdomen),Dr. Duke,,,Tumor(Abdomen),,,,,,0
Dioscorea aculeata,"Yam,Sweet",,phytochemical,Tumor(Abdomen),Dr. Duke,,,Tumor(Abdomen)|Tumor(Neck),,,,,,0
Uraria lagopodioides,,,phytochemical,Tumor(Abdomen),Dr. Duke,,,Abortifacient|Chest|Diarrhea|Fever|Inflammation|Malaria|Oxytoxic|Spasmogenic|Tumor(Abdomen),,general_toxicity;pregnancy_caution,,,,0
Gmelina arborea,Gambhari,,phytochemical,Tumor(Abdomen),Dr. Duke,,,Ache(Head)|Anasarca|Anodyne|Anthrax|Asthma|Bilious|Bite|Bite(Rat)|Bite(Snake)|Bite(Tiger)|Blood|Bronchitis|Choking|Cholera|Colic|Convulsion|Delirium|Demulcent|Diarrhea|Dropsy|Dyspepsia|Epilepsy|Fever|Gout|Gravel|Hemorrhage|Intoxication|Lactogogue|Madness|Phthisis|Refrigerant|Rheumatism|Rinderpest|Septicemia|Smallpox|Sore|Splenitis|Stomachic|Swelling|Syphilis|Thigh|Throat|Tonic|Tumor(Abdomen)|Urticaria,,general_toxicity,,,,0
Gynandropsis pentaphylla,Pyasya,,phytochemical,Tumor(Abdomen),Dr. Duke,,,Anthelminthic|Antiscorbutic|Carminative|Malaria|Piles|Rheumatism|Stomach|Tumor(Abdomen),,,,,,0
Poa cynosuroides,"Grass,Kusa",,phytochemical,Tumor(Abdomen),Dr. Duke,,,Tumor(Abdomen),,,,,,0
Pterocarpus indicus,Chandana,,phytochemical,Tumor(Abdomen),Dr. Duke,,,Ache(Head)|Bilious|Bladder|Boil|Diarrhea|Dropsy|Emetic|Nephritis|Prickly heat|Shampoo|Sore|Sternutatory|Stomatitis|Stone|Syphilis|Thrush|Tumor(Abdomen)|Vagina,,,,,,0
Rubia cordifolia,Manjistha,,phytochemical,Tumor(Abdomen),Dr. Duke,,,Abdomen|Alterative|Amenorrhea|Anodyne|Arthritis|Astringent|Bactericide|Blood|Charm|Chest|Depurative|Diuretic|Divination|Dysmenorrhea|Edema|Emmenagogue|Epistaxis|Fracture|Hematemesis|Hemoptysis|Hemorrhage|Hemostat|Hyperglycemia|Inflammation|Jaundice|Menorrhagia|Paralysis|Piles|Refrigerant|Rheumatism|Rheumatitis|Rhinosinusitis|Skin|Tonic|Toothhpaste|Trauma|Tumor(Abdomen)|Ulcer|Vermifuge|Vulnerary|Wound,,pregnancy_caution,,,,0
Sida cordifolia,Bala,,phytochemical,Tumor(Abdomen),Dr. Duke,,,Ache(Head)|Amebiasis|Aphrodisiac|Asthma|Astringent|Bilious|Cardiotonic|Colic|Cough|Cystitis|Demulcent|Diuretic|Dysentery|Dysuria|Elephantiasis|Fever|Gonorrhea|Hematuria|Hemiplegia|Inflammation|Laxative|Leucorrhea|Ophthalmia|Paralysis|Piles|Protisticide|Refrigerant|Rheumatism|Sciatica|Sore|Stomachic|Strangury|Tenesmus|Toilet-Paper|Tonic|Tumor(Abdomen)|Ulcer|Urogenital,,,,,,0
Solanum xanthocarpum,Kantakarika,,phytochemical,Tumor(Abdomen),Dr. Duke,,,Asthma|Catarrh|Cough|Dropsy|Expectorant|Leprosy|Tumor(Abdomen),,,,,,0
Swertia cherayta,Bhunimba,,phytochemical,Tumor(Abdomen),Dr. Duke,,,Tumor(Abdomen),,,,,,0
Terminalia bellirica,Belleric Myrobalan,,phytochemical,Tumor(Abdomen),Dr. Duke,,,Astringent|Bite(Snake)|Cholera|Dysuria|Fever|Measles|Myalgia|Narcotic|Parturition|Respiratory|Spasm|Tumor(Abdomen),,,,,,0
Gladiolus byzantinus,Dalabouth,,phytochemical,Tumor(Anus),Dr. Duke,,,Tumor(Anus),,,,,,0
Cynanchum nigrum,Swallowwort,,phytochemical,Tumor(Breast),Dr. Duke,,,Tumor(Breast),,,,,,0
Centaurea cyaneus,Cornflour,,phytochemical,Tumor(Eye),Dr. Duke,,,Tumor(Eye),,,,,,0
Mimosa nilotica,Acacia,,phytochemical,Tumor(Eye),Dr. Duke,,,Tumor(Eye),,,,,,0
Mesembryanthemum aequaliterale,Pig'S Face,,phytochemical,Tumor(Face),Dr. Duke,,,Tumor(Face)|Wart,,,,,,0
Chaerophyllum temulum,Sarmina,,phytochemical,Tumor(Feet),Dr. Duke,,,Tumor(Feet),,,,,,0
Lepidophyllum quadrangulare,Tola,,phytochemical,Tumor(Feet),Dr. Duke,,,Tumor(Feet),,,,,,0
Portulaca meridiana,,,phytochemical,Tumor(Feet),Dr. Duke,,,Tumor(Feet),,,,,,0
Alysicarpus glumaceus,Nir Murri,,phytochemical,Tumor(Foot),Dr. Duke,,,Tumor(Foot),,,,,,0
Cinchona officinalis,Peruvian Bark,,phytochemical,Tumor(Glands),Dr. Duke,,,Amebiasis|Anesthetic|Antiseptic|Astringent|Bactericide|Carditis|Cold|Contraceptive|Dysentery|Fever|Flu|Hangover|Insecticide|Lumbago|Malaria|Nalaria|Neuralgia|Neuritis|Pertussis|Piles|Pinworms|Pneumonia|Repellant(Insect)|Schizonticide|Sciatica|Septicemia|Stomachic|Tonic|Tumor(Glands)|Typhoid|Uterotonic|Varicosity,,pregnancy_caution,,,,0
Jussiaea peruviana,,,phytochemical,Tumor(Glands),Dr. Duke,,,Tumor(Glands),,,,,,0
Pimpinella alba,Burnet Saxifrage,,phytochemical,Tumor(Glands),Dr. Duke,,,Tumor(Glands),,,,,,0
Prunus puddum,Padmaka,,phytochemical,Tumor(Glands),Dr. Duke,,,Tumor(Glands),,,,,,0
Aster amellus,Bulbonion,,phytochemical,Tumor(Groin),Dr. Duke,,,Astringent|Cough|Hemorrhage|Nervine|Pulmonary|Tonic|Tumor(Groin),,,,,,0
Swertia chamaejasme,,,phytochemical,Tumor(Groin),Dr. Duke,,,Tumor(Groin),,,,,,0
Psychotria rubra,,,phytochemical,Tumor(Gum),Dr. Duke,,,Tumor(Gum),,,,,,0
Baliospermum axillare,Danti,,phytochemical,Tumor(India),Dr. Duke,,,Tumor(India),,,,,,0
Astragalus henryi,Huang Qi,,phytochemical,Tumor(Lung),Dr. Duke,,,Medicine|Tumor(Lung),,,,,,0
Cordyline fruticosa,Tie Shu Ye,,phytochemical,Tumor(Lung),Dr. Duke,,,Ague|Aphrodisiac|Arthritis|Cough|Dermatosis|Diarrhea|Dysentery|Dyspepsia|Gingivitis|Hepatoma|Insanity|Laxative|Piscifuge|Smallpox|Stomach|Sweetener|Tumor(Lung)|Wound,,,,,,0
Schisandra chinensis,Wu Wei Zi,,phytochemical,Tumor(Lung),Dr. Duke,,,Antitussive|Asthma|Bactericide|Cough|Dysentery|Ejaculation|Hyperglycemia|Hypertension|Insomnia|Night-Sweat|Tonic|Tumor(Lung)|Vasodilator,,,,,,0
Apium nodiflorum,"Parsnip,Water",,phytochemical,Tumor(Lymphatic),Dr. Duke,,,Diuretic|Emmenagogue|Resolvent|Stimulant|Tonic|Tumor(Lymphatic),,pregnancy_caution,,,,0
Lobelia chinensis,Ban Bian Lian,,phytochemical,Tumor(Nose),Dr. Duke,,,Asthma|Bite(Bug)|Bite(Snake)|Depurative|Fever|Hepatoma|Jaundice|Malaria|Rheumatism|Ringworm|Sore|Tumor(Nose)|Wound,,,,,,0
Althaea pallida,Marshamallow,,phytochemical,Tumor(Parotid),Dr. Duke,,,Tumor(Parotid),,,,,,0
Phyllitis hemionitis,Imionitis,,phytochemical,Tumor(Spleen),Dr. Duke,,,Tumor(Spleen),,,,,,0
Andropogon schoenus,Palea Camelorum,,phytochemical,Tumor(Stomach),Dr. Duke,,,Tumor(Stomach),,,,,,0
Tilia platyphyllos,Tilia,,phytochemical,Tumor(Stomach),Dr. Duke,,,Antispasmodic|Calmative|Diaphoretic|Tumor(Stomach),,,,,,0
Blighia sapida,Akee,,phytochemical,Tumor(Testicle),Dr. Duke,,,Ache(Rib)|Anodyne|Antidote|Antiemetic|Conjunctivitis|Edema|Epilepsy|Fatality|Massage|Migraine|Ophthalmia|Orchitis|Piscicide|Poison|Smallpox|Soap|Sore|Stimulant|Tumor(Testicle)|Yaws|Yellow Fever,,general_toxicity,,,,0
Davilla rugosa,,,phytochemical,Tumor(Testicle),Dr. Duke,,,Cathartic|Emetic|Tumor(Testicle),,,,,,0
Hypoxis decumbens,,,phytochemical,Tumor(Testicle),Dr. Duke,,,Tumor(Testicle),,,,,,0
Physalis angulata,,,phytochemical,Tumor(Testicle),Dr. Duke,,,Analgesic|Antidote|Antiseptic|Asthma|Boil|Cold|Diarrhea|Diuretic|Expectorant|Fever|Hydropsy|Indigestion|Labor|Narcotic|Nausea|Nephritis|Ophthalmia|Rectitis|Rectum|Sleeping sickness|Sterility|Stomach|Swelling|Syncope|Throat|Tumor(Testicle),,,,,,0
Tetracera breyniana,,,phytochemical,Tumor(Testicle),Dr. Duke,,,Tumor(Testicle),,,,,,0
Verbascum sp,,,phytochemical,Tumor(Thigh),Dr. Duke,,,Tumor(Thigh),,,,,,0
Campanula rotundifolia,Chilete,,phytochemical,Tumor(Throat),Dr. Duke,,,Cyanogenetic|Epilepsy|Tumor(Throat),,,,,,0
Conioselinum vaginatum,,,phytochemical,Tumor(Thyroid),Dr. Duke,,,Tumor(Thyroid),,,,,,0
Myrtus communis,Ass,,phytochemical,Tumor(Tonsil),Dr. Duke,,,Antiseptic|Astringent|Bladder|Brain|Bronchitis|Carminative|Condyloma(Anus)|Cordial|Cystitis|Dyspepsia|Epilepsy|Hemorrhage|Leucorrhea|Lung|Mouthwash|Pectoral|Perfume|Prolapse|Pyelitis|Rheumatism|Rubefacient|Sedative|Stimulant|Stomach|Stomachic|Tonic|Tumor(Tonsil)|Urogenital|Uterus|Wound,,,,,,0
Amomum krervanh,,,phytochemical,Tumor(Uterus),Dr. Duke,,,Tumor(Uterus),,,,,,0
Borassus flabellifer,,,phytochemical,Tumor(Uterus),Dr. Duke,,,Ache(Ear)|Ache(Head)|Adenopathy|Anodyne|Burn|Carbuncle|Convulsion|Demulcent|Dropsy|Epilepsy|Gangrene|Hemorrhage|Inflammation|Intoxicant|Menorrhagia|Nausea|Phlegm|Poison|Poultice|Refrigerant|Restorative|Scabies|Septicemia|Sore|Spiderlick|Stimulant|Stroke|Syphilis|Tumor(Uterus)|Wound,,general_toxicity,,,,0
Vinca minor,,,phytochemical,Tumor(Uvula),Dr. Duke,,,Astringent|Bactericide|Carminative|Catarrh|Collyrium|Depurative|Diarrhea|Diuretic|Dysentery|Eczema|Emetic|Hemostat|Homeopathy|Hypertension|Lactifuge|Lactogogue|Menorrhagia|Phthisis|Piles|Scalp|Scurvy|Sedative|Skin|Spasmolytic|Tea|Tonic|Tumor(Uvula),,,,,,0
Inula grandis,Andys,,phytochemical,Tumor(Veterinary),Dr. Duke,,,Tumor(Veterinary),,,,,,0
Thevetia thevetioides,Codo De Fraile,,phytochemical,Tumor(Veterinary),Dr. Duke,,,Bite(Snake)(Veterinary)|Cardiotonic(Veterinary)|Deafness(Veterinary)|Emetic(Veterinary)|Heart(Veterinary)|Pile(Veterinary)|Poison(Veterinary)|Skin(Veterinary)|Toothache(Veterinary)|Tumor(Veterinary)|Ulcer(Veterinary),,general_toxicity,,,,0
Aster tataricus,,,phytochemical,Tumor,Dr. Duke,,,Antitussive|Cough|Dysuria|Expectorant|Hematuria|Hemoptysis|Hemorrhage|Lung|Parturition|Pertussis|Puerperium|Sedative|Shortwindedness|Styptic|Tonic|Tumor,,,,,,0
Phytolacca esculenta,,,phytochemical,Tumor,Dr. Duke,,,Abdomen|Constipation|Diuretic|Dysuria|Edema|Kidney|Numbness|Pleurisy|Pneumonia|Poison|Roundworms|Swelling|Throat|Tumor,,general_toxicity,,,,0
Poria cocos(fungus),,,phytochemical,Tumor,Dr. Duke,,,Amnesia|Antitussive|Anxiety|Dysuria|Edema|Insomnia|Palpitation|Splenitis|Stomach|Tumor,,,,,,0
Sophora japonica,,,phytochemical,Tumor,Dr. Duke,,,Abortifacient|Anodyne|Apprehension|Astringent|Bactericide|Conjunctivitis|Convulsion|Dysentery|Epilepsy|Epistaxis|Estrogenic|Eye|Fever|Genital|Gonorrhea|Hematemesis|Hematochezia|Hemostat|Hemostatic|Hypertension|Labor|Leprosy|Menorrhagia|Metrorrhagia|Orchitis|Piles|Poison|Preventitive(Aging)|Pruritis|Puerperium|Purgative|Rejuvenation|Scabies|Skin|Styptic|Tonic|Tumor|Venereal|Vertigo|Wound,,general_toxicity;pregnancy_caution,,,,0
Alchemilla vulgaris,Frauenmantel,,phytochemical,Tumor,Dr. Duke,,,Astringent|Demulcent|Depurative|Diarrhea|Diuretic|Emmenagogue|Hemostat|Refrigerant|Stomachic|Styptic|Tonic|Tumor|Vulnerary|Wound,,pregnancy_caution,,,,0
Ambrosia artemisiifolia,,,phytochemical,Tumor,Dr. Duke,,,Tumor,,,,,,0
Ampelopsis serianaefolia,Pai Lien,,phytochemical,Tumor,Dr. Duke,,,Tumor,,,,,,0
Ardisia cornudentata,,,phytochemical,Cancer,Dr. Duke,,,Cancer,,,,,,0
Aristolochia pallida,Round Aristolochia,,phytochemical,Tumor,Dr. Duke,,,Bite(Snake)|Tumor,,,,,,0
Arrhenatherum elatius,Bottongrass,,phytochemical,Cancer,Dr. Duke,,,Cancer|Catarrh,,,,,,0
Breynia patens,,,phytochemical,Tumor,Dr. Duke,,,Tumor,,,,,,0
Cardopatium corymbosum,Chamaileon,,phytochemical,Tumor,Dr. Duke,,,Tumor,,,,,,0
Citrullus lanatus,Watermelon,,phytochemical,Cancer,Dr. Duke,,,Alcoholism|Antiseptic|Aphthae|Calculus|Cancer|Demulcent|Diabetes|Digestive|Diuretic|Hemostat|Hypertension|Kidney|Laxative|Malaria|Nephritis|Pectoral|Peptic|Poison|Potherb|Repellant|Stomatitis|Urogenital,,general_toxicity,,,,0
Cocculus sp,Fang Chi,,phytochemical,Tumor,Dr. Duke,,,Tumor,,,,,,0
Commelina nudiflora,,,phytochemical,Tumor,Dr. Duke,,,Emetic|Eye|Groin|Laxative|Medicine|Sore|Tumor,,,,,,0
Crepis runcinata,Hawksbeard,,phytochemical,Cancer,Dr. Duke,,,Cancer,,,,,,0
Cyclamen hederaefolium,Kuklaminos,,phytochemical,Tumor,Dr. Duke,,,Tumor,,,,,,0
Cyperus kyllinga,,,phytochemical,Tumor,Dr. Duke,,,Antidote|Cyanogenetic|Demulcent|Diarrhea|Diuretic|Fistula|Intestine|Measles|Pustule|Refrigerant|Stomach|Sudorific|Tonic|Tumor,,,,,,0
Desmodium triflorum,Sisik Betok,,phytochemical,Tumor,Dr. Duke,,,Abscess|Ache(Stomach)|Blindness|Boil|Dermatosis|Diarrhea|Dysentery|Hematochezia|Itch|Lactogogue|Ophthalmia|Rheumatism|Sore|Splenitis|Tumor|Whitlow|Wound,,,,,,0
Dorstenia contrajerva,Contrayerba,,phytochemical,Tumor,Dr. Duke,,,Ache(Stomach)|Anodyne|Antidote|Bite(Snake)|Depurative|Diarrhea|Dysentery|Dyspepsia|Febrifuge|Fever|Sudorific|Tumor,,,,,,0
Eryngium foetidum,Culantro,,phytochemical,Tumor,Dr. Duke,,,Anodyne|Antispasmodic|Arthritis|Carminative|Cold|Colic|Constipation|Cough|Decoagulant|Depurative|Diabetes|Diaphoretic|Emmenagogue|Fever|Fit|Flu|Hypertension|Malaria|Panacea|Pectoral|Pneumonia|Rheumatism|Scurvy|Stimulant|Stomach|Stomachic|Sudorific|Tumor|Vermifuge|Witchcraft,,pregnancy_caution,,,,0
Euphorbia sessiliflora,Khao Kha,,phytochemical,Cancer,Dr. Duke,,,Cancer,,,,,,0
Fumaria officinalis,Fumitory,,phytochemical,Cancer,Dr. Duke,,,Abscess|Adenopathy|Alterative|Aperient|Cancer|Carbuncle|Cholagogue|Depurative|Diuretic|Jaundice|Laxative|Liver|Sclerosis(Liver)|Sedative|Skin|Sore|Splinter|Stomach|Stomachic|Struma|Sudorific|Swelling|Tonic|Vermifuge,,,,,,0
Helichrysum emirnense,Tsatsambaitra,,phytochemical,Tumor,Dr. Duke,,,Tumor,,,,,,0
Helleborus viridis,"Hellebore,Black",,phytochemical,Cancer,Dr. Duke,,,Cancer|Cardiac|Diuretic|Emmenagogue|Nervine|Poison|Sternutatory,,general_toxicity;pregnancy_caution,,,,0
Hibiscus maculatus,,,phytochemical,Tumor,Dr. Duke,,,Tumor,,,,,,0
Hypericum virginicum,"St John'Swort,Marsh",,phytochemical,Tumor,Dr. Duke,,,Tumor,,,,,,0
Inula sp,,,phytochemical,Cancer(Breast),Dr. Duke,,,Cancer(Breast),,,,,,0
Isertia haenkeana,,,phytochemical,Tumor,Dr. Duke,,,Tumor,,,,,,0
Juniperus sp,Juniper,,phytochemical,Cancer,Dr. Duke,,,Antiseptic|Cancer|Carminative|Diuretic|Preventitive(Miasm)|Stimulant|Stomachic|Urogenital,,,,,,0
Ladenbergia sp,Quina,,phytochemical,Cancer,Dr. Duke,,,Cancer,,,,,,0
Lawsonia inermis,Henna,,phytochemical,Tumor,Dr. Duke,,,Ache(Head)|Ache(Stomach)|Alterative|Astringent|Bactericide|Bechic|Boil|Bruise|Burn|Burning-feet|Candida|Circumscission|Condyloma|Cosmetic|Deodorant|Dermatosis|Emmenagogue|Fever|Fungicide|Hair-Dye|Herpes|Hoarseness|Hysteria|Inflammation|Jaundice|Leprosy|Leucorrhea|Myalgia|Onychosis|Ophthalmia|Parturition|Poison|Poultice|Purgative|Rheumatism|Sedative|Skin|Sore|Sore(Throat)|Tumor|Venereal|Vermifuge|Whitlow,,general_toxicity;pregnancy_caution,,,,0
Linaria spuria,Vovote,,phytochemical,Cancer(Breast),Dr. Duke,,,Cancer(Breast),,,,,,0
Lippia cuneifolia,Cancer Plant,,phytochemical,Cancer,Dr. Duke,,,Cancer,,,,,,0
Lythrum album,Hierba De Cancer,,phytochemical,Cancer,Dr. Duke,,,Cancer,,,,,,0
Nicotiana quadrivalvis,Nonchaw,,phytochemical,Tumor,Dr. Duke,,,Fumitory|Tumor,,,,,,0
Oplopanax horrida,Devil'S Club,,phytochemical,Adenocarcinoma,Dr. Duke,,,Adenocarcinoma,,,,,,0
Orchis maculata,,,phytochemical,Tumor,Dr. Duke,,,Tumor,,,,,,0
Orostachys macrophyllus,,,phytochemical,Cancer,Dr. Duke,,,Cancer,,,,,,0
Populus tremuloides,"Aspen,Quaking",,phytochemical,Cancer,Dr. Duke,,,Cancer|Palsy|Tonic,,,,,,0
Potamogeton natans,Djar Ennahar,,phytochemical,Tumor,Dr. Duke,,,Homeopathy|Tumor,,,,,,0
Raphionacme hirsuta,,,phytochemical,Tumor,Dr. Duke,,,Beer|Tumor,,,,,,0
Rhamnus purshiana,Cascara Sagrada,,phytochemical,Cancer,Dr. Duke,,,Aperient|Bilious|Cancer|Laxative|Purgative|Tonic,,,,,,0
Santalum freycinetianum,,,phytochemical,Tumor,Dr. Duke,,,Tumor,,,,,,0
Scoparia dulcis,Balai Doux,,phytochemical,Tumor,Dr. Duke,,,Ache(Ear)|Ache(Head)|Ache(Stomach)|Ache(Tooth)|Albuminuria|Amygdalosis|Anemia|Antidote|Antiseptic|Astringent|Bite(Snake)|Blennorrhagia|Bronchitis|Bruise|Conjunctivitis|Cough|Depurative|Diabetes|Diarrhea|Diuretic|Dysentery|Dysmenorrhea|Eczema|Emetic|Evil eye|Expectorant|Fever|Gonorrhea|Gravel|Grip|Hyperglycemia|Inflammation|Insecticide|Jaundice|Ketonuria|Kidney|Labor|Mange|Marasmus|Menorrhagia|Metroxenia|Nerves|Ophthalmia|Opium-substitute|Piles|Purgative|Rash|Refrigerant|Retinitis|Sore|Sore(Throat)|Spasm|Syphilis|Tumor|Venereal|Wound,,,,,,0
Scrophularia aquatica,Braunwurz,,phytochemical,Cancer,Dr. Duke,,,Anodyne|Cancer|Depurative|Diuretic|Inflammation|Narcotic|Poison|Scrofula|Vulnerary,,general_toxicity,,,,0
Sedum minimum,,,phytochemical,Neoplasm,Dr. Duke,,,Neoplasm,,,,,,0
Senecio nemorensis,,,phytochemical,Cancer,Dr. Duke,,,Cancer,,,,,,0
Siegesbeckia orientalis,Si Tzian Tsao,,phytochemical,Tumor,Dr. Duke,,,Abscess|Ague|Alterative|Analgesic|Anodyne|Antidote(Spider)|Apertif|Arthritis|Bite(Bug)|Bite(Dog)|Bite(Tiger)|Boil|Cardiotonic|Carminative|Circulation|Colic|Dermatitis|Diaphoretic|Emetic|Fever|Gangrene|Hemiplegia|Hyperglycemia|Hypertension|Insecticide|Insomnia|Leg|Leprosy|Malaria|Mastitis|Numbness|Parasiticide|Poison|Renitis|Rheumatism|Ringworm|Sciatica|Scurvy|Sialogogue|Side|Skin|Sore|Stomachic|Styptic|Syphilis|Tonic|Tumor|Urethra|Venereal|Vermifuge|Viricide|Wound,,general_toxicity,,,,0
Symphytum tuberosum,Comfrey,,phytochemical,Tumor,Dr. Duke,,,Tumor,,,,,,0
Thuja occidentalis,Po,,phytochemical,Tumor,Dr. Duke,,,Abortifacient|Alterative|Antiseptic|Arthritis|Astringent|Bactericide|Cardiotonic|Catarrh|Condyloma|Cough|Depurative|Diuretic|Dropsy|Emmenagogue|Excrescence|Expectorant|Fatality|Faver|Fever|Gout|Hair-Oil|Insecticide|Malaria|Perfume|Poison|Rheumatism|Scurvy|Skin|Soap|Stimulant|Styptic|Sudorific|Tumor|Uterotonic|Vermifuge|Wart,,general_toxicity;pregnancy_caution,,,,0
Thymus zygis,Thyme,,phytochemical,Tumor,Dr. Duke,,,Tumor,,,,,,0
Tragia nepetaefolia,Popox,,phytochemical,Cancer,Dr. Duke,,,Cancer,,,,,,0
Trillium erectum,Birthroot,,phytochemical,Tumor,Dr. Duke,,,Alterative|Anodyne|Antiseptic|Astringent|Emetic|Expectorant|Female|Gangrene|Hemostat|Medicine|Parturition|Pectoral|Poultice|Skin|Tonic|Tumor|Uterotonic,,pregnancy_caution,,,,0
Trixis frutescens,,,phytochemical,Tumor,Dr. Duke,,,Tumor,,,,,,0
Veronica americana?,Tonalxhuitl Yacapichtlense,,phytochemical,Tumor,Dr. Duke,,,Scurvy|Tea|Tonic,,,,,,0
Vinca major,,,phytochemical,Tumor(Uvula),Dr. Duke,,,Abortifacient|Antilactogogue|Astringent|Hemostatic|Hypertension|Poison|Styptic|Tonic|Tumor(Uvula)|Vulnerary|Wound,,general_toxicity;pregnancy_caution,,,,0
Vincetoxicum officinale,Schwalbenwurz,,phytochemical,Cancer(Breast),Dr. Duke,,,Cancer(Breast)|Diuretic|Emetic|Poison|Purgative|Scrofula|Sudorific,,general_toxicity,,,,0
Wisteria chinensis,Wistaria,,phytochemical,Cancer(Esophagus),Dr. Duke,,,Cancer(Esophagus),,,,,,0
